month,Cherkasy,Chernihiv,Chernivtsi,Crimea,Dnipropetrovs'k,Donets'k,Ivano-Frankivs'k,Kharkiv,Kherson,Khmel'nyts'kyy,Kiev,Kiev City,Kirovohrad,L'viv,Luhans'k,Mykolayiv,Odessa,Poltava,Rivne,Sevastopol',Sumy,Ternopil',Transcarpathia,Vinnytsya,Volyn,Zaporizhzhya,Zhytomyr
2022-02,6,22,0,7,8,43,0,60,11,7,64,71,3,7,19,12,15,4,4,1,36,3,1,9,6,39,16
2022-03,15,147,2,18,133,366,26,440,94,29,264,263,17,80,270,140,114,16,40,8,155,7,12,43,26,142,135
2022-04,9,54,4,21,218,472,16,393,96,19,161,100,14,58,319,138,121,86,21,9,49,23,6,9,13,175,24
2022-05,8,78,8,27,208,614,8,390,85,13,52,67,40,65,319,157,156,52,26,11,181,18,12,19,8,193,50
2022-06,16,100,3,23,226,607,4,388,118,12,61,112,17,53,337,254,101,71,28,6,227,17,8,11,7,156,34
2022-07,9,59,5,28,277,841,8,392,169,20,52,64,44,47,155,291,190,33,21,6,157,18,10,63,16,189,20
2022-08,22,67,3,65,316,876,9,428,188,18,77,83,29,49,103,247,77,40,21,24,153,15,10,39,15,404,36
2022-09,10,48,1,40,324,813,7,507,213,15,39,71,44,38,128,222,76,51,10,4,140,8,10,15,6,314,22
2022-10,16,40,12,46,259,652,11,301,228,26,75,134,44,45,151,174,71,40,28,14,139,19,14,35,12,314,41
2022-11,12,33,1,46,286,729,8,382,363,16,42,114,30,41,207,110,46,43,16,11,132,15,10,28,14,296,24
2022-12,8,37,1,41,185,867,9,377,269,16,50,137,25,21,279,68,52,31,8,10,128,6,6,7,7,247,12
2023-01,4,21,0,28,176,677,1,242,212,7,43,82,15,9,173,30,23,14,6,10,110,2,1,7,1,188,7
2023-02,0,16,0,11,49,278,2,129,100,6,2,26,4,4,63,22,13,6,5,1,61,0,1,1,0,54,0
2023-03,1,13,0,19,54,323,1,78,122,2,16,42,4,5,48,13,16,5,2,5,64,0,2,0,1,80,8
2023-04,14,37,0,16,38,308,0,106,166,1,4,18,0,2,64,21,11,7,0,8,81,0,0,2,0,107,1
2023-05,4,9,1,21,63,233,0,87,104,7,9,70,2,4,39,13,13,1,0,6,27,8,0,1,0,71,2
2023-06,4,8,0,16,54,275,0,84,150,2,9,62,4,3,40,7,30,7,0,4,37,0,0,1,0,113,4
2023-07,8,43,0,20,74,898,0,260,171,4,15,9,5,23,113,39,76,0,0,5,128,0,0,3,0,168,6
2023-08,10,43,0,27,119,770,3,311,244,6,6,21,0,12,54,27,33,10,9,2,127,0,1,1,8,191,6
2023-09,8,32,0,45,100,488,0,161,324,10,3,23,2,5,84,24,59,10,1,29,62,0,0,9,0,184,1
2023-10,8,29,0,34,85,621,0,277,438,22,3,14,1,1,81,22,39,14,0,15,98,0,0,2,0,133,2
2023-11,2,51,0,24,126,1138,1,443,401,12,27,36,8,7,208,64,56,17,0,8,166,0,1,1,0,206,3
2023-12,8,42,0,22,108,907,0,341,312,21,10,49,13,12,105,53,52,4,0,3,105,0,0,0,0,148,0
2024-01,0,24,0,36,137,896,0,451,334,8,6,50,15,7,107,58,23,8,0,18,90,0,3,0,0,124,0
2024-02,4,18,0,9,123,704,2,322,280,2,2,26,6,20,40,55,42,17,0,5,104,0,0,0,0,135,1
2024-03,2,22,0,29,112,622,7,301,265,10,1,54,5,30,54,37,93,11,0,13,162,2,0,13,0,158,1
2024-04,9,31,0,23,146,629,5,377,252,2,9,12,4,10,45,24,90,17,0,9,135,0,0,1,0,146,7
2024-05,1,29,0,27,76,369,0,497,190,2,3,15,5,12,55,22,45,9,0,10,145,0,0,3,0,90,0
2024-06,1,27,0,21,80,168,3,170,102,1,11,17,4,12,6,9,16,15,0,9,134,0,1,0,1,32,1
2024-07,2,14,0,17,125,305,0,241,194,1,16,41,0,5,19,27,25,11,2,10,122,0,0,1,0,93,8
2024-08,8,17,0,21,60,366,2,196,236,3,26,36,8,7,21,17,12,10,0,9,156,3,0,2,5,108,8
2024-09,2,10,0,7,92,339,2,235,164,10,19,26,10,24,30,23,33,25,3,2,141,0,0,1,0,122,1
2024-10,11,16,0,8,47,189,1,222,166,8,20,56,2,14,20,17,56,11,1,0,96,0,0,1,0,105,1
2024-11,1,7,0,7,90,189,1,165,104,6,18,79,0,11,28,26,76,5,6,2,70,6,2,2,2,107,1
2024-12,1,16,0,16,66,139,3,76,105,1,29,32,0,4,12,19,8,0,1,3,30,8,0,3,0,82,0
2025-01,7,22,0,10,54,191,2,84,133,0,43,46,0,10,17,13,15,6,2,0,46,0,0,0,0,112,2
2025-02,6,7,1,2,44,121,0,62,67,1,28,33,2,5,13,12,31,19,0,0,27,0,4,0,2,91,0
2025-03,6,6,0,19,61,276,3,97,53,3,23,56,12,7,39,5,34,10,11,1,50,1,5,1,0,71,1
2025-04,0,3,0,11,53,49,0,51,25,3,14,68,1,27,9,5,16,5,5,3,25,3,5,2,2,22,2
2025-05,1,13,1,9,45,111,1,74,22,11,14,53,5,2,24,8,26,8,4,1,46,5,9,0,1,35,2
2025-06,10,19,0,10,40,62,3,48,24,1,19,102,0,19,8,5,45,8,2,1,36,9,2,0,8,28,2
2025-07,1,1,4,0,33,73,4,56,27,2,19,88,1,11,8,25,37,12,3,1,19,2,11,6,11,39,12
2025-08,1,8,1,9,30,92,1,33,33,2,9,65,4,13,9,7,17,11,1,0,28,1,18,3,6,29,0
2025-09,2,42,0,18,97,240,9,58,128,12,60,109,16,9,9,21,38,19,3,1,72,0,1,11,4,131,2
2025-10,4,41,0,15,165,192,6,113,125,4,21,103,10,25,14,25,49,26,4,2,60,2,0,0,0,118,4
2025-11,4,9,0,3,168,145,12,84,65,8,19,67,0,15,1,16,59,11,17,0,17,19,1,2,0,120,7
2025-12,8,9,0,12,45,129,2,64,15,4,8,54,1,13,20,5,46,7,6,1,22,0,7,7,5,91,4
2026-01,3,11,0,4,100,83,0,119,33,6,21,136,3,30,13,10,54,6,9,0,26,1,4,3,2,140,4
2026-02,7,8,0,6,73,91,6,57,28,1,18,80,9,17,8,13,54,8,7,1,38,0,1,4,4,142,2
2026-03,1,8,0,14,39,123,3,43,19,4,16,53,7,13,12,9,25,9,2,1,7,3,9,5,2,71,7
2026-04,8,18,0,12,39,42,0,69,42,2,23,65,2,24,10,6,46,11,1,1,24,5,18,4,6,38,3
2026-05,13,21,1,19,44,72,2,53,26,7,25,163,6,18,13,13,38,12,9,2,23,5,11,6,4,44,6
2026-06,2,5,1,61,44,60,1,57,20,7,20,130,4,17,23,8,24,5,3,5,25,6,5,4,7,61,4
2026-07,1,12,0,24,51,56,0,56,40,0,29,190,0,15,1,7,72,14,3,3,33,0,0,3,1,59,2
2026-08,3,19,0,17,80,51,2,80,58,1,59,224,1,2,10,14,94,18,2,6,45,0,4,0,1,78,9
2026-09,0,6,0,6,29,28,4,32,16,11,33,156,9,4,4,12,57,5,6,0,11,4,0,3,17,29,5
