date,national,Zakarpattia,Ivano-Frankivsk,Lviv,Chernivtsi
2020-01,0.9228636586297404,1.0742770208703978,0.8588548422527629,0.8693316693405879,0.8842383740978721
2020-02,0.7634876518725274,0.8227470405071126,0.7736510307328476,0.7346625857993346,0.7253914762067554
2020-03,0.9301290475688344,0.9746199523067282,0.8652217283710557,0.9083585479775094,0.9027544542747542
2020-04,0.9236188354385648,0.9117965657280098,0.811353298163918,0.8588612867711185,0.8836073750400492
2020-05,0.8693621495523652,0.8481041205496813,0.7612617199269289,0.8584093493822891,0.9088903466931362
2020-06,0.8958790522012575,0.8559254177266916,0.8872054292694792,0.8779169678639054,0.8739126505099261
2020-07,0.9530743005641636,0.9150223014413424,0.9276602825837335,1.001661283426914,0.931032113226332
2020-08,0.9709810938184243,0.9171593077701692,0.8948770362119678,0.9502683450302004,0.950550524458882
2020-09,0.9086760201879724,0.8616542883708809,0.8013421478651102,0.8409202559024,0.8423536718257658
2020-10,0.9032714484844162,0.8684425509093283,0.8875862863262607,0.8704752606507349,0.9127014579972756
2020-11,0.918086397877528,0.8476290831145146,0.8843838502881529,0.8573693844808503,0.883885084778706
2020-12,0.8192939959346145,0.7383123808896496,0.5295353964743859,0.6483520393554935,0.7964592519913972
2021-01,1.0771363413702593,0.9257229791296022,1.141145157747237,1.1306683306594123,1.115761625902128
2021-02,1.2362147627340394,1.177252959492887,1.2263489692671525,1.2653374142006657,1.2746085237932447
2021-03,1.0698709524311656,1.025380047693272,1.1347782716289443,1.0916414520224906,1.097245545725246
2021-04,1.0763811645614354,1.0882034342719902,1.188646701836082,1.1411387132288815,1.116392624959951
2021-05,1.1306378504476349,1.151895879450319,1.238738280073071,1.141590650617711,1.0911096533068636
2021-06,1.1041209477987426,1.1440745822733085,1.1127945707305207,1.1220830321360946,1.1260873494900738
2021-07,1.0469256994358362,1.0849776985586574,1.0723397174162665,0.9983387165730856,1.068967886773668
2021-08,1.0290189061815755,1.0828406922298308,1.1051229637880322,1.0497316549697997,1.049449475541118
2021-09,1.0913239798120278,1.138345711629119,1.1986578521348896,1.1590797440975995,1.1576463281742342
2021-10,1.096728551515584,1.1315574490906717,1.1124137136737393,1.1295247393492651,1.0872985420027246
2021-11,1.081913602122472,1.1523709168854854,1.115616149711847,1.1426306155191497,1.116114915221294
2021-12,1.1797992620399844,1.2616876191103503,1.4704646035256141,1.3516479606445069,1.203540748008603
2022-01,1.262112573248017,1.441549948694944,1.4677565286701926,1.3054838067631305,1.1431209137921652
2022-02,0.8202762127504022,1.2720211082164885,0.7620222100517864,0.8273911080990706,1.0263239876953991
2022-03,0.0492818815273045,1.139476106197792,0.0399212642717551,0.2879797116233558,0.1078746104917639
2022-04,0.0836036306868447,1.0319565221401834,0.07528347076970696,0.3216862537754634,0.1138537069083932
2022-05,0.0799118548591012,0.996223870097334,0.08374923952851185,0.2696955254195354,0.1872281967253869
2022-06,0.0931379932236839,1.2190582841842494,0.15960658457128502,0.3884128548898335,0.2300990040570164
2022-07,0.0588547613448311,0.9853023525384462,0.09436811583341315,0.3666044601841453,0.1287749328152927
2022-08,0.1270873181967357,1.0392315033696102,0.11062209982586785,0.4434409388065959,0.2352811444897959
2022-09,0.1825794539885487,1.016737006709289,0.1113377095934805,0.6297400399093825,0.3455697468122456
2022-10,0.0855405441314184,0.9116614028696868,0.05390184094307835,0.3658582840693449,0.1433931812039065
2022-11,0.0823377766308598,0.5727010746483877,0.022118911245372998,0.2679684972290168,0.1346217952788708
2022-12,0.1913637339035362,0.5969960345254194,0.1596796258735001,0.3437397706819898,0.2030623253895042
2023-01,0.2025552196722326,0.6217995429450597,0.1568927391740187,0.2807363811884921,0.1746638438693963
2023-02,0.2808621321821636,0.7400899325929353,0.35097571981331804,0.4725641906013037,0.3537869288330465
2023-03,0.2883279503089642,0.9813033895578298,0.2800315262352807,0.5433590026723562,0.6012741622140435
2023-04,0.3334696650880007,1.139446289555385,0.5083541316849439,0.6996652081980486,0.7430168265442197
2023-05,0.3209487696141727,1.056113949122995,0.2534246393956414,0.5562220332992,0.5431378399801264
2023-06,0.3359859214356864,1.0394488642785449,0.346487884081496,0.6496425473984134,0.5925674483824336
2023-07,0.4202189172302996,0.9224725874088158,0.4660903509275848,0.7495757827179941,0.6119881822221607
2023-08,0.4151446982609158,1.1054938146964073,0.4323625954494833,0.7557635789493399,0.6439856366625697
2023-09,0.3760656921212371,1.034699239414901,0.36257295072715556,0.6508958994963255,0.6097746878098693
2023-10,0.3959102328068803,1.000848893448163,0.41575650287389165,0.6552755326789064,0.6084678625114384
2023-11,0.4536557737653819,0.9190010700643932,0.5747656132477783,0.6809232785519598,0.7290102697098985
2023-12,0.2919438260026255,1.080754514836407,0.2470301407100034,0.4770971412353776,0.4908145627578142
2024-01,0.4757240501578488,1.4291237463737552,0.3633245798700966,0.6538681645306278,0.5877890344634636
2024-02,0.289212699991709,0.9389558205701596,0.17630073110195335,0.3993722567180349,0.4421471409403626
2024-03,0.4026207790291526,1.08951834647214,0.34051342670257695,0.6528300625346442,0.7934872462081141
2024-04,0.4905580884488038,1.096795017884042,0.4278992765671774,0.7083394741857443,0.7091036870975999
2024-05,0.3007052041755417,0.8819230607209604,0.2738739486676529,0.5774358430791786,0.4843538918353377
2024-06,0.1110034683275326,0.5712791455966053,0.09424064201532856,0.2730790500981271,0.1612934744711683
2024-07,0.1044595045596245,0.4917475454477196,0.07125440943209141,0.2238632002119961,0.1159402969304684
2024-08,0.3082559449184323,0.8857797510137518,0.356276391783677,0.4850001745524082,0.5401885825727153
2024-09,0.3804722799871382,0.8980541290633235,0.3650581750528356,0.4762404562145172,0.6011813723143863
2024-10,0.3501376946207222,0.8666537876341658,0.37069640049734764,0.5660519277769488,0.5400060621629015
2024-11,0.3307106774873738,1.1733088955648157,0.4071429478786165,0.5764274174708983,0.5366985369374333
2024-12,0.2746121086419426,1.013311515963227,0.34887647245844,0.5676755817246353,0.4986526843418784
2025-01,0.3845544968533446,1.0958413099229356,0.3469868065120809,0.5432905887434043,0.5076983968277949
2025-02,0.3340978830882836,0.9048549634820172,0.2462963556859917,0.373015302588738,0.5879036381559023
2025-03,0.3634611426285394,0.98249485192883,0.30896455464467526,0.5385738900769861,0.5671552699611918
2025-04,0.3505766144831383,0.9285849617630064,0.3220292909811995,0.5455028411281185,0.5933192811471159
2025-05,0.404261062551519,1.0305133423158557,0.44303703012668005,0.5832431615365153,0.6017136888392172
2025-06,,,,,
2025-07,0.4058914138089612,0.959935054045526,0.3773272671938859,0.6323601144915053,0.4965507365135125
2025-08,0.3834448649282974,0.9624107947168682,0.4170955072594511,0.6555657522049717,0.5728043575586113
2025-09,0.3758514258177972,0.9302088759743834,0.39340510110165394,0.6345920318764778,0.6011565573650343
2025-10,0.4393427637356187,1.0689930366080416,0.5837281891723374,0.7365151665791801,0.6542282691183388
2025-11,0.3918807704284782,0.9618216694179514,0.4757258320326479,0.6881236585267574,0.5505332636819538
2025-12,0.2916197329910902,0.7504566081999063,0.2715499744215706,0.431687722769569,0.4661600614868577
2026-01,0.4068116428863867,1.2367248559316777,0.3563232575051266,0.5900220101649387,0.3981571476888648
2026-02,0.3112957561911634,0.8419809427667405,0.30594222868277127,0.5034937268194657,0.362001782804596
2026-03,0.3761952140278143,1.0162586057009864,0.34803861611327347,0.629550372721521,0.5777163080275093
2026-04,0.2985218071897889,0.9827221183903818,0.4059717992270425,0.6787169048783162,0.6332912925144351
2026-05,0.2867056187039649,0.8391306516444664,0.3124997339834017,0.5491183152296599,0.4523407206664083
2026-06,0.3390788196376068,0.926758736674085,0.4241232191798071,0.5468623651954169,0.614069300194994
2026-07,0.2805404812364001,0.8135361924899245,0.2545146968032955,0.5212140179372609,0.3750482248568947
2026-08,0.3383908994699212,1.028840373394048,0.38158070567633945,0.6077446979231772,0.556259369231893
