yq,pdfo_civ_rel_Zakarpattia,pdfo_civ_rel_Ivano-Frankivsk,pdfo_civ_rel_Lviv,pdfo_civ_rel_Chernivtsi,own_gf_rel_Zakarpattia,own_gf_rel_Ivano-Frankivsk,own_gf_rel_Lviv,own_gf_rel_Chernivtsi
2021Q1,1.0,1.0,1.0,1.0,1.0,1.0,1.0,1.0
2021Q2,1.0,1.0,1.0,1.0,1.0,1.0,1.0,1.0
2021Q3,1.0,1.0,1.0,1.0,1.0,1.0,1.0,1.0
2021Q4,1.0,1.0,1.0,1.0,1.0,1.0,1.0,1.0
2022Q1,1.0389034817800051,1.0627283687143962,1.05779700936424,1.0126702436895842,1.0163562364463687,1.0977003729523538,1.085253238228399,0.9768648700706798
2022Q2,1.1057845907192863,1.1662425931667864,1.1223632481868293,1.049913650780729,1.0084964792118587,1.1477442004666831,1.1255465246595495,1.036999350724105
2022Q3,1.22336874564316,1.2909865701199779,1.1325196410335352,1.1968126608106695,1.1240619578936646,1.1814773082814962,1.1753638848222376,1.146122073680858
2022Q4,1.0567549570543093,1.041346775952844,1.05567703822071,1.021295893735247,1.024490158605503,1.0361575833729773,1.0498580324355902,1.0551473381874343
2023Q1,1.026826962898249,1.0231791134170816,1.099102111345326,1.0165447427945873,1.0103578662057733,1.0398178083989782,1.1272974404400038,0.9918101443804028
2023Q2,1.0938940006182947,1.098805171514905,1.1096578139443805,1.0743024952951523,0.9780649245626065,1.017530998174817,1.0587477931815614,0.9778031192695358
2023Q3,1.172819283393615,1.2141129070616223,1.1401501736040014,1.1275249665132951,1.141202446412077,1.0806105611374024,1.182875734670466,1.0726092324517706
2023Q4,1.0393373201974097,1.0239427524328364,1.0522901924978707,1.041024597662798,1.0706446832548833,1.0495636106126447,1.0394667848945052,1.0872608607668446
2024Q1,1.0048526953005656,1.0266438261685784,1.0763183839943904,1.0635661067705493,1.0645221591878906,1.0834846750140366,1.0860752883745912,1.0386269983459395
2024Q2,1.069765830923119,1.1403458805670597,1.1065993952250832,1.0431140308340794,1.0610610262350764,1.0830849093508021,1.1102027443460558,1.0418779346116032
2024Q3,1.0559604730817176,1.0784049922112378,1.03565203969822,1.0099663665091387,1.1429759646702806,1.094887040717032,1.0603218559664922,1.0702002502876602
2024Q4,1.0640506368494584,1.1066834629525766,1.12545715698828,1.1217681292116792,1.1398880595373777,1.0797278837581006,1.1294696597833327,1.1419203186590736
2025Q1,0.9963179631240686,1.0415172923901825,1.1694402441818037,1.0334252731856508,1.0027426445884204,1.0610964040328374,1.1375314179927174,1.0525024979924669
2025Q2,1.0356924964352323,1.0837590219919289,1.1482252771381012,1.0010982379901248,0.9821694587968308,1.0345150004169248,1.073976984319979,1.0262089247714172
2025Q3,1.0589596010870244,1.1807728670962132,1.2110350586475662,1.1395939963331139,1.1773811538306735,1.1873255870720483,1.2042240668945436,1.1434965091227376
2025Q4,1.0350024442246943,1.0445608722331932,1.114534567591484,1.0810853637628415,1.13397194037188,1.064688474514814,1.1288765960675793,1.1281975211714985
2026Q1,1.0410096906233668,1.0298240435887527,1.1311668456451145,1.023298590147614,1.0451652368571338,1.0770863979270766,1.148353800069594,1.03051113611125
2026Q2,1.071526701769813,1.1155439370144544,1.187991455865543,1.0564317267168648,1.0200958651586411,1.0893639050376933,1.1364703533730074,1.0564282920185226
