k3,adm3_pcode,in_cod
0102001,,False
0102003,UA0102003,True
0102005,UA0102005,True
0102007,,False
0102009,UA0102009,True
0102011,UA0102011,True
0102013,UA0102013,True
0102015,UA0102015,True
0102017,UA0102017,True
0102019,UA0102019,True
0102021,,False
0102023,,False
0102025,UA0102025,True
0102027,UA0102027,True
0102029,UA0102029,True
0102031,,False
0102033,UA0102033,True
0102035,UA0102035,True
0102037,UA0102037,True
0102039,UA0102039,True
0102041,UA0102041,True
0102043,,False
0102045,UA0102045,True
0102047,UA0102047,True
0104003,UA0104003,True
0104005,UA0104005,True
0104007,UA0104007,True
0104009,UA0104009,True
0104011,UA0104011,True
0104013,UA0104013,True
0104015,UA0104015,True
0104017,UA0104017,True
0104019,UA0104019,True
0104021,UA0104021,True
0104023,UA0104023,True
0104025,UA0104025,True
0104027,UA0104027,True
0104031,UA0104031,True
0104035,UA0104035,True
0104037,UA0104037,True
0104039,UA0104039,True
0104041,UA0104041,True
0104043,UA0104043,True
0104045,UA0104045,True
0104047,UA0104047,True
0104049,UA0104049,True
0104051,UA0104051,True
0104053,UA0104053,True
0104055,UA0104055,True
0104057,UA0104057,True
0104059,UA0104059,True
0104061,UA0104061,True
0104063,UA0104063,True
0104065,UA0104065,True
0104067,UA0104067,True
0104069,UA0104069,True
0104071,UA0104071,True
0104073,UA0104073,True
0104075,UA0104075,True
0106001,UA0106001,True
0106005,UA0106005,True
0106007,UA0106007,True
0106009,UA0106009,True
0106011,UA0106011,True
0106013,UA0106013,True
0106015,UA0106015,True
0106017,UA0106017,True
0106019,UA0106019,True
0106021,UA0106021,True
0106023,UA0106023,True
0106025,UA0106025,True
0106027,UA0106027,True
0106029,UA0106029,True
0106031,UA0106031,True
0106033,UA0106033,True
0106035,UA0106035,True
0106037,UA0106037,True
0106041,UA0106041,True
0106043,UA0106043,True
0106045,UA0106045,True
0106047,UA0106047,True
0106049,UA0106049,True
0106051,UA0106051,True
0106053,UA0106053,True
0106055,UA0106055,True
0106057,UA0106057,True
0108001,UA0108001,True
0108003,UA0108003,True
0108005,UA0108005,True
0108007,UA0108007,True
0108009,UA0108009,True
0108011,UA0108011,True
0108013,UA0108013,True
0108015,UA0108015,True
0108019,UA0108019,True
0108021,UA0108021,True
0108023,UA0108023,True
0108025,UA0108025,True
0108027,UA0108027,True
0108029,UA0108029,True
0108031,UA0108031,True
0108033,UA0108033,True
0108035,UA0108035,True
0108037,UA0108037,True
0108039,UA0108039,True
0108041,UA0108041,True
0108043,UA0108043,True
0108045,UA0108045,True
0108047,UA0108047,True
0108051,UA0108051,True
0108053,UA0108053,True
0108055,UA0108055,True
0108057,UA0108057,True
0108059,UA0108059,True
0108061,UA0108061,True
0108063,UA0108063,True
0108065,UA0108065,True
0108067,UA0108067,True
0108069,UA0108069,True
0108071,UA0108071,True
0108075,UA0108075,True
0108077,UA0108077,True
0108079,UA0108079,True
0110001,UA0110001,True
0110003,UA0110003,True
0110005,UA0110005,True
0110007,UA0110007,True
0110009,UA0110009,True
0110011,UA0110011,True
0110013,UA0110013,True
0110015,UA0110015,True
0110019,UA0110019,True
0110021,UA0110021,True
0110023,UA0110023,True
0110025,UA0110025,True
0110027,UA0110027,True
0110029,UA0110029,True
0110031,UA0110031,True
0110033,UA0110033,True
0110035,UA0110035,True
0110037,UA0110037,True
0110039,UA0110039,True
0110043,UA0110043,True
0110045,UA0110045,True
0110047,UA0110047,True
0110049,UA0110049,True
0110051,UA0110051,True
0110053,UA0110053,True
0110055,UA0110055,True
0112001,UA0112001,True
0112003,UA0112003,True
0112005,UA0112005,True
0112007,UA0112007,True
0112009,UA0112009,True
0112011,UA0112011,True
0112013,UA0112013,True
0112015,UA0112015,True
0112017,UA0112017,True
0112019,UA0112019,True
0112021,UA0112021,True
0112023,UA0112023,True
0112025,UA0112025,True
0112027,UA0112027,True
0112029,UA0112029,True
0112031,UA0112031,True
0112033,UA0112033,True
0112035,UA0112035,True
0112037,UA0112037,True
0112039,UA0112039,True
0112041,UA0112041,True
0112043,UA0112043,True
0112045,UA0112045,True
0112047,UA0112047,True
0112049,UA0112049,True
0112051,UA0112051,True
0112053,UA0112053,True
0112055,UA0112055,True
0112057,UA0112057,True
0112059,UA0112059,True
0112061,UA0112061,True
0112063,UA0112063,True
0112065,UA0112065,True
0112067,UA0112067,True
0112069,UA0112069,True
0112071,UA0112071,True
0112073,UA0112073,True
0114001,UA0114001,True
0114003,UA0114003,True
0114005,UA0114005,True
0114007,UA0114007,True
0114009,UA0114009,True
0114011,UA0114011,True
0114013,UA0114013,True
0114015,UA0114015,True
0114017,UA0114017,True
0114019,UA0114019,True
0114021,UA0114021,True
0114023,UA0114023,True
0114025,UA0114025,True
0114027,UA0114027,True
0114029,UA0114029,True
0114031,UA0114031,True
0114033,UA0114033,True
0114035,UA0114035,True
0114039,UA0114039,True
0114041,UA0114041,True
0114043,UA0114043,True
0114045,UA0114045,True
0114047,UA0114047,True
0114049,UA0114049,True
0114051,UA0114051,True
0114053,UA0114053,True
0116001,UA0116001,True
0116003,UA0116003,True
0116005,UA0116005,True
0116007,UA0116007,True
0116009,UA0116009,True
0116011,UA0116011,True
0116013,UA0116013,True
0116015,UA0116015,True
0116017,UA0116017,True
0116019,UA0116019,True
0116021,UA0116021,True
0116023,UA0116023,True
0116025,UA0116025,True
0116027,UA0116027,True
0116029,UA0116029,True
0116031,UA0116031,True
0116033,UA0116033,True
0116035,UA0116035,True
0116037,UA0116037,True
0116039,UA0116039,True
0116041,UA0116041,True
0116043,UA0116043,True
0116045,UA0116045,True
0116047,UA0116047,True
0118001,UA0118001,True
0118003,UA0118003,True
0118005,UA0118005,True
0118007,UA0118007,True
0118009,UA0118009,True
0118011,UA0118011,True
0118013,UA0118013,True
0118015,UA0118015,True
0118017,UA0118017,True
0118019,UA0118019,True
0118021,UA0118021,True
0118023,UA0118023,True
0118025,UA0118025,True
0118027,UA0118027,True
0118029,UA0118029,True
0118031,UA0118031,True
0118033,UA0118033,True
0118035,UA0118035,True
0118037,UA0118037,True
0118039,UA0118039,True
0118041,UA0118041,True
0118043,UA0118043,True
0118045,UA0118045,True
0118047,UA0118047,True
0118049,UA0118049,True
0118051,UA0118051,True
0118053,UA0118053,True
0118055,UA0118055,True
0118057,UA0118057,True
0118059,UA0118059,True
0118061,UA0118061,True
0118063,UA0118063,True
0118065,UA0118065,True
0118067,UA0118067,True
0118071,UA0118071,True
0118073,UA0118073,True
0118075,UA0118075,True
0118077,UA0118077,True
0118079,UA0118079,True
0120001,UA0120001,True
0120003,UA0120003,True
0120005,UA0120005,True
0120007,UA0120007,True
0120009,UA0120009,True
0120011,UA0120011,True
0120013,UA0120013,True
0120015,UA0120015,True
0120017,UA0120017,True
0120019,UA0120019,True
0120021,UA0120021,True
0120023,UA0120023,True
0120025,UA0120025,True
0120027,UA0120027,True
0120029,UA0120029,True
0120031,UA0120031,True
0502001,UA0502001,True
0502003,UA0502003,True
0502005,UA0502005,True
0502007,UA0502007,True
0502009,UA0502009,True
0502011,UA0502011,True
0502013,UA0502013,True
0502015,UA0502015,True
0502017,UA0502017,True
0502019,UA0502019,True
0502021,UA0502021,True
0502023,UA0502023,True
0502025,UA0502025,True
0502027,UA0502027,True
0502029,UA0502029,True
0502031,UA0502031,True
0504001,UA0504001,True
0504003,UA0504003,True
0504005,UA0504005,True
0504007,UA0504007,True
0504009,UA0504009,True
0504011,UA0504011,True
0504013,UA0504013,True
0504015,UA0504015,True
0504017,UA0504017,True
0504019,UA0504019,True
0504021,UA0504021,True
0504023,UA0504023,True
0504025,UA0504025,True
0504027,UA0504027,True
0506001,UA0506001,True
0506003,UA0506003,True
0506005,UA0506005,True
0506007,UA0506007,True
0506009,UA0506009,True
0506011,UA0506011,True
0506013,UA0506013,True
0506015,UA0506015,True
0508001,UA0508001,True
0508003,UA0508003,True
0508005,UA0508005,True
0508007,UA0508007,True
0508009,UA0508009,True
0508011,UA0508011,True
0508013,UA0508013,True
0510001,UA0510001,True
0510003,UA0510003,True
0510005,UA0510005,True
0510007,UA0510007,True
0510009,UA0510009,True
0510011,UA0510011,True
0510013,UA0510013,True
0510015,UA0510015,True
0510017,UA0510017,True
0512001,UA0512001,True
0512003,UA0512003,True
0512005,UA0512005,True
0512007,UA0512007,True
0512009,UA0512009,True
0512011,UA0512011,True
0512013,UA0512013,True
0512015,UA0512015,True
0512017,UA0512017,True
0702001,UA0702001,True
0702003,UA0702003,True
0702005,UA0702005,True
0702007,UA0702007,True
0702009,UA0702009,True
0702011,UA0702011,True
0702013,UA0702013,True
0702015,UA0702015,True
0702017,UA0702017,True
0702019,UA0702019,True
0702021,UA0702021,True
0704001,UA0704001,True
0704003,UA0704003,True
0704005,UA0704005,True
0704007,UA0704007,True
0704009,UA0704009,True
0706001,UA0706001,True
0706003,UA0706003,True
0706005,UA0706005,True
0706007,UA0706007,True
0706009,UA0706009,True
0706011,UA0706011,True
0706013,UA0706013,True
0706015,UA0706015,True
0706017,UA0706017,True
0706019,UA0706019,True
0706021,UA0706021,True
0706023,UA0706023,True
0706025,UA0706025,True
0706027,UA0706027,True
0706029,UA0706029,True
0706031,UA0706031,True
0706033,UA0706033,True
0706035,UA0706035,True
0706037,UA0706037,True
0706039,UA0706039,True
0706041,UA0706041,True
0706043,UA0706043,True
0706045,UA0706045,True
0708001,UA0708001,True
0708003,UA0708003,True
0708005,UA0708005,True
0708007,UA0708007,True
0708009,UA0708009,True
0708011,UA0708011,True
0708013,UA0708013,True
0708015,UA0708015,True
0708017,UA0708017,True
0708019,UA0708019,True
0708021,UA0708021,True
0708023,UA0708023,True
0708025,UA0708025,True
0708027,UA0708027,True
0708029,UA0708029,True
1202001,UA1202001,True
1202003,UA1202003,True
1202005,UA1202005,True
1202007,UA1202007,True
1202009,UA1202009,True
1202011,UA1202011,True
1202013,UA1202013,True
1202015,UA1202015,True
1202017,UA1202017,True
1202019,UA1202019,True
1202021,UA1202021,True
1202023,UA1202023,True
1202025,UA1202025,True
1202027,UA1202027,True
1202029,UA1202029,True
1202031,UA1202031,True
1202033,UA1202033,True
1204001,UA1204001,True
1204003,UA1204003,True
1204005,UA1204005,True
1204007,UA1204007,True
1204009,UA1204009,True
1204011,UA1204011,True
1204013,UA1204013,True
1204015,UA1204015,True
1204017,UA1204017,True
1204019,UA1204019,True
1204021,UA1204021,True
1204023,UA1204023,True
1206001,UA1206001,True
1206003,UA1206003,True
1206005,UA1206005,True
1206007,UA1206007,True
1206009,UA1206009,True
1206011,UA1206011,True
1206013,UA1206013,True
1206015,UA1206015,True
1206017,UA1206017,True
1206019,UA1206019,True
1206021,UA1206021,True
1206023,UA1206023,True
1206025,UA1206025,True
1206027,UA1206027,True
1206029,UA1206029,True
1208001,UA1208001,True
1208003,UA1208003,True
1208005,UA1208005,True
1208007,UA1208007,True
1208009,UA1208009,True
1208011,UA1208011,True
1208013,UA1208013,True
1208015,UA1208015,True
1210001,UA1210001,True
1210003,UA1210003,True
1210005,UA1210005,True
1210007,UA1210007,True
1210009,UA1210009,True
1210011,UA1210011,True
1210013,UA1210013,True
1210015,UA1210015,True
1212001,UA1212001,True
1212003,UA1212003,True
1212005,UA1212005,True
1212007,UA1212007,True
1212009,UA1212009,True
1212011,UA1212011,True
1212013,UA1212013,True
1214001,UA1214001,True
1214003,UA1214003,True
1214005,UA1214005,True
1214007,UA1214007,True
1214009,UA1214009,True
1214011,UA1214011,True
1214013,UA1214013,True
1214015,UA1214015,True
1214017,UA1214017,True
1214019,UA1214019,True
1214021,UA1214021,True
1214023,UA1214023,True
1214025,UA1214025,True
1214027,UA1214027,True
1214029,UA1214029,True
1214031,UA1214031,True
1214033,UA1214033,True
1214035,UA1214035,True
1214037,UA1214037,True
1402001,UA1402001,True
1402003,UA1402003,True
1402005,UA1402005,True
1402007,UA1402007,True
1402009,UA1402009,True
1402011,UA1402011,True
1402013,UA1402013,True
1404001,UA1404001,True
1404003,UA1404003,True
1404005,UA1404005,True
1404007,UA1404007,True
1404009,UA1404009,True
1404011,UA1404011,True
1404013,UA1404013,True
1404015,UA1404015,True
1406001,UA1406001,True
1406003,UA1406003,True
1406005,UA1406005,True
1406007,UA1406007,True
1406009,UA1406009,True
1406011,UA1406011,True
1406013,UA1406013,True
1406015,UA1406015,True
1406017,UA1406017,True
1408001,UA1408001,True
1408003,UA1408003,True
1408005,UA1408005,True
1408007,UA1408007,True
1408009,UA1408009,True
1408011,UA1408011,True
1410001,UA1410001,True
1410003,UA1410003,True
1410005,UA1410005,True
1410007,UA1410007,True
1410009,UA1410009,True
1412001,UA1412001,True
1412003,UA1412003,True
1412005,UA1412005,True
1412007,UA1412007,True
1412009,UA1412009,True
1412011,UA1412011,True
1412013,UA1412013,True
1412015,UA1412015,True
1412017,UA1412017,True
1412019,UA1412019,True
1412021,UA1412021,True
1412023,UA1412023,True
1414001,UA1414001,True
1414003,UA1414003,True
1414005,UA1414005,True
1414007,UA1414007,True
1414009,UA1414009,True
1416001,UA1416001,True
1416003,UA1416003,True
1416005,UA1416005,True
1416007,UA1416007,True
1416009,UA1416009,True
1416011,UA1416011,True
1416013,UA1416013,True
1416015,UA1416015,True
1416017,UA1416017,True
1416019,UA1416019,True
1416021,UA1416021,True
1416023,UA1416023,True
1416025,UA1416025,True
1416027,UA1416027,True
1802001,UA1802001,True
1802003,UA1802003,True
1802005,UA1802005,True
1802007,UA1802007,True
1802009,UA1802009,True
1802011,UA1802011,True
1802013,UA1802013,True
1802015,UA1802015,True
1802017,UA1802017,True
1802019,UA1802019,True
1804001,UA1804001,True
1804003,UA1804003,True
1804005,UA1804005,True
1804007,UA1804007,True
1804009,UA1804009,True
1804011,UA1804011,True
1804013,UA1804013,True
1804015,UA1804015,True
1804017,UA1804017,True
1804019,UA1804019,True
1804021,UA1804021,True
1804023,UA1804023,True
1804025,UA1804025,True
1804027,UA1804027,True
1804029,UA1804029,True
1804031,UA1804031,True
1804033,UA1804033,True
1804035,UA1804035,True
1804037,UA1804037,True
1804039,UA1804039,True
1804041,UA1804041,True
1804043,UA1804043,True
1804045,UA1804045,True
1804047,UA1804047,True
1804049,UA1804049,True
1804051,UA1804051,True
1804053,UA1804053,True
1804055,UA1804055,True
1804057,UA1804057,True
1804059,UA1804059,True
1804061,UA1804061,True
1806001,UA1806001,True
1806003,UA1806003,True
1806005,UA1806005,True
1806007,UA1806007,True
1806009,UA1806009,True
1806011,UA1806011,True
1806013,UA1806013,True
1806015,UA1806015,True
1806017,UA1806017,True
1806019,UA1806019,True
1806021,UA1806021,True
1806023,UA1806023,True
1806025,UA1806025,True
1808001,UA1808001,True
1808003,UA1808003,True
1808005,UA1808005,True
1808007,UA1808007,True
1808009,UA1808009,True
1808011,UA1808011,True
1808013,UA1808013,True
1808015,UA1808015,True
1808017,UA1808017,True
1808019,UA1808019,True
1808021,UA1808021,True
1808023,UA1808023,True
2102001,UA2102001,True
2102003,UA2102003,True
2102005,UA2102005,True
2102007,UA2102007,True
2102009,UA2102009,True
2102011,UA2102011,True
2102013,UA2102013,True
2102015,UA2102015,True
2102017,UA2102017,True
2102019,UA2102019,True
2104001,UA2104001,True
2104003,UA2104003,True
2104005,UA2104005,True
2104007,UA2104007,True
2104009,UA2104009,True
2104011,UA2104011,True
2104013,UA2104013,True
2104015,UA2104015,True
2104017,UA2104017,True
2104019,UA2104019,True
2104021,UA2104021,True
2104023,UA2104023,True
2104025,UA2104025,True
2106001,UA2106001,True
2106003,UA2106003,True
2106005,UA2106005,True
2106007,UA2106007,True
2108001,UA2108001,True
2108003,UA2108003,True
2108005,UA2108005,True
2108007,UA2108007,True
2108009,UA2108009,True
2108011,UA2108011,True
2108013,UA2108013,True
2108015,UA2108015,True
2108017,UA2108017,True
2108019,UA2108019,True
2110001,UA2110001,True
2110003,UA2110003,True
2110005,UA2110005,True
2110007,UA2110007,True
2110009,UA2110009,True
2110011,UA2110011,True
2110013,UA2110013,True
2110015,UA2110015,True
2110017,UA2110017,True
2110019,UA2110019,True
2110021,UA2110021,True
2110023,UA2110023,True
2110025,UA2110025,True
2110027,UA2110027,True
2112001,UA2112001,True
2112003,UA2112003,True
2112005,UA2112005,True
2112007,UA2112007,True
2112009,UA2112009,True
2112011,UA2112011,True
2112013,UA2112013,True
2112015,UA2112015,True
2112017,UA2112017,True
2112019,UA2112019,True
2112021,UA2112021,True
2112023,UA2112023,True
2112025,UA2112025,True
2302001,UA2302001,True
2302003,UA2302003,True
2302005,UA2302005,True
2302007,UA2302007,True
2302009,UA2302009,True
2302011,UA2302011,True
2302013,UA2302013,True
2302015,UA2302015,True
2304001,UA2304001,True
2304003,UA2304003,True
2304005,UA2304005,True
2304007,UA2304007,True
2304009,UA2304009,True
2304011,UA2304011,True
2304013,UA2304013,True
2304015,UA2304015,True
2304017,UA2304017,True
2304019,UA2304019,True
2304021,UA2304021,True
2306001,UA2306001,True
2306003,UA2306003,True
2306005,UA2306005,True
2306007,UA2306007,True
2306009,UA2306009,True
2306011,UA2306011,True
2306013,UA2306013,True
2306015,UA2306015,True
2306017,UA2306017,True
2306019,UA2306019,True
2306021,UA2306021,True
2306023,UA2306023,True
2306025,UA2306025,True
2306027,UA2306027,True
2306029,UA2306029,True
2306031,UA2306031,True
2306033,UA2306033,True
2308001,UA2308001,True
2308003,UA2308003,True
2308005,UA2308005,True
2308007,UA2308007,True
2308009,UA2308009,True
2308011,UA2308011,True
2308013,UA2308013,True
2308015,UA2308015,True
2308017,UA2308017,True
2308019,UA2308019,True
2308021,UA2308021,True
2308023,UA2308023,True
2308025,UA2308025,True
2308027,UA2308027,True
2308029,UA2308029,True
2308031,UA2308031,True
2310001,UA2310001,True
2310003,UA2310003,True
2310005,UA2310005,True
2310007,UA2310007,True
2310009,UA2310009,True
2310011,UA2310011,True
2310013,UA2310013,True
2310015,UA2310015,True
2310017,UA2310017,True
2310019,UA2310019,True
2310021,UA2310021,True
2310023,UA2310023,True
2310025,UA2310025,True
2310027,UA2310027,True
2310029,UA2310029,True
2602001,UA2602001,True
2602003,UA2602003,True
2602005,UA2602005,True
2604001,UA2604001,True
2604003,UA2604003,True
2604005,UA2604005,True
2604007,UA2604007,True
2604009,UA2604009,True
2604011,UA2604011,True
2604013,UA2604013,True
2604015,UA2604015,True
2604017,UA2604017,True
2604019,UA2604019,True
2604021,UA2604021,True
2604023,UA2604023,True
2604025,UA2604025,True
2604027,UA2604027,True
2604029,UA2604029,True
2604031,UA2604031,True
2604033,UA2604033,True
2604035,UA2604035,True
2604037,UA2604037,True
2604039,UA2604039,True
2606001,UA2606001,True
2606003,UA2606003,True
2606005,UA2606005,True
2606007,UA2606007,True
2606009,UA2606009,True
2606011,UA2606011,True
2606013,UA2606013,True
2606015,UA2606015,True
2606017,UA2606017,True
2606019,UA2606019,True
2606021,UA2606021,True
2606023,UA2606023,True
2606025,UA2606025,True
2608001,UA2608001,True
2608003,UA2608003,True
2608005,UA2608005,True
2608007,UA2608007,True
2608009,UA2608009,True
2608011,UA2608011,True
2608013,UA2608013,True
2608015,UA2608015,True
2608017,UA2608017,True
2608019,UA2608019,True
2608021,UA2608021,True
2608023,UA2608023,True
2608025,UA2608025,True
2610001,UA2610001,True
2610003,UA2610003,True
2610005,UA2610005,True
2610007,UA2610007,True
2610009,UA2610009,True
2612001,UA2612001,True
2612003,UA2612003,True
2612005,UA2612005,True
2612007,UA2612007,True
2612009,UA2612009,True
2612011,UA2612011,True
2612013,UA2612013,True
2612015,UA2612015,True
3200000,UA3200000,True
3202001,UA3202001,True
3202003,UA3202003,True
3202005,UA3202005,True
3202007,UA3202007,True
3202009,UA3202009,True
3202011,UA3202011,True
3202013,UA3202013,True
3202015,UA3202015,True
3202017,UA3202017,True
3202019,UA3202019,True
3202021,UA3202021,True
3202023,UA3202023,True
3202025,UA3202025,True
3204001,UA3204001,True
3204003,UA3204003,True
3204005,UA3204005,True
3204007,UA3204007,True
3204009,UA3204009,True
3204011,UA3204011,True
3204013,UA3204013,True
3204015,UA3204015,True
3204017,UA3204017,True
3204019,UA3204019,True
3204021,UA3204021,True
3206001,UA3206001,True
3206003,UA3206003,True
3206005,UA3206005,True
3206007,UA3206007,True
3206009,UA3206009,True
3206011,UA3206011,True
3206013,UA3206013,True
3206015,UA3206015,True
3208001,UA3208001,True
3208003,UA3208003,True
3208005,UA3208005,True
3208007,UA3208007,True
3208009,UA3208009,True
3208011,UA3208011,True
3208013,UA3208013,True
3208015,UA3208015,True
3208017,UA3208017,True
3208019,UA3208019,True
3208021,UA3208021,True
3208023,UA3208023,True
3210001,UA3210001,True
3210003,UA3210003,True
3210005,UA3210005,True
3210007,UA3210007,True
3210009,UA3210009,True
3210011,UA3210011,True
3210013,UA3210013,True
3212001,UA3212001,True
3212003,UA3212003,True
3212005,UA3212005,True
3212007,UA3212007,True
3212009,UA3212009,True
3212011,UA3212011,True
3212013,UA3212013,True
3212015,UA3212015,True
3212017,UA3212017,True
3214001,UA3214001,True
3214003,UA3214003,True
3214005,UA3214005,True
3214007,UA3214007,True
3214009,UA3214009,True
3214011,UA3214011,True
3214013,UA3214013,True
3214015,UA3214015,True
3214017,UA3214017,True
3502001,UA3502001,True
3502003,UA3502003,True
3502005,UA3502005,True
3502007,UA3502007,True
3502009,UA3502009,True
3502011,UA3502011,True
3502013,UA3502013,True
3502015,UA3502015,True
3502017,UA3502017,True
3502019,UA3502019,True
3504001,UA3504001,True
3504003,UA3504003,True
3504005,UA3504005,True
3504007,UA3504007,True
3504009,UA3504009,True
3504011,UA3504011,True
3504013,UA3504013,True
3504015,UA3504015,True
3504017,UA3504017,True
3504019,UA3504019,True
3504021,UA3504021,True
3504023,UA3504023,True
3504025,UA3504025,True
3504027,UA3504027,True
3504029,UA3504029,True
3504031,UA3504031,True
3504033,UA3504033,True
3506001,UA3506001,True
3506003,UA3506003,True
3506005,UA3506005,True
3506007,UA3506007,True
3506009,UA3506009,True
3506011,UA3506011,True
3506013,UA3506013,True
3506015,UA3506015,True
3506017,UA3506017,True
3506019,UA3506019,True
3506021,UA3506021,True
3506023,UA3506023,True
3506025,UA3506025,True
3508001,UA3508001,True
3508003,UA3508003,True
3508005,UA3508005,True
3508007,UA3508007,True
3508009,UA3508009,True
3508011,UA3508011,True
3508013,UA3508013,True
3508015,UA3508015,True
3508017,UA3508017,True
4402001,UA4402001,True
4402003,UA4402003,True
4402005,UA4402005,True
4404001,UA4404001,True
4404003,UA4404003,True
4406001,UA4406001,True
4406003,UA4406003,True
4406005,UA4406005,True
4408001,UA4408001,True
4408003,UA4408003,True
4408005,UA4408005,True
4410001,UA4410001,True
4410003,UA4410003,True
4410005,UA4410005,True
4410007,UA4410007,True
4410009,UA4410009,True
4410011,UA4410011,True
4410013,UA4410013,True
4412001,UA4412001,True
4412003,UA4412003,True
4412005,UA4412005,True
4412007,UA4412007,True
4412009,UA4412009,True
4412011,UA4412011,True
4414001,UA4414001,True
4414003,UA4414003,True
4414005,UA4414005,True
4414007,UA4414007,True
4414009,UA4414009,True
4414011,UA4414011,True
4414013,UA4414013,True
4414015,UA4414015,True
4416001,UA4416001,True
4416003,UA4416003,True
4416005,UA4416005,True
4416007,UA4416007,True
4416009,UA4416009,True
4602001,UA4602001,True
4602003,UA4602003,True
4602005,UA4602005,True
4602007,UA4602007,True
4602009,UA4602009,True
4604001,UA4604001,True
4604003,UA4604003,True
4604005,UA4604005,True
4604007,UA4604007,True
4604009,UA4604009,True
4604011,UA4604011,True
4604013,UA4604013,True
4606001,UA4606001,True
4606003,UA4606003,True
4606005,UA4606005,True
4606007,UA4606007,True
4606009,UA4606009,True
4606011,UA4606011,True
4606013,UA4606013,True
4606015,UA4606015,True
4606017,UA4606017,True
4606019,UA4606019,True
4606021,UA4606021,True
4606023,UA4606023,True
4606025,UA4606025,True
4606027,UA4606027,True
4606029,UA4606029,True
4606031,UA4606031,True
4606033,UA4606033,True
4606035,UA4606035,True
4606037,UA4606037,True
4606039,UA4606039,True
4606041,UA4606041,True
4606043,UA4606043,True
4606045,UA4606045,True
4608001,UA4608001,True
4608003,UA4608003,True
4608005,UA4608005,True
4608007,UA4608007,True
4608009,UA4608009,True
4608011,UA4608011,True
4608013,UA4608013,True
4608015,UA4608015,True
4608017,UA4608017,True
4608019,UA4608019,True
4608021,UA4608021,True
4610001,UA4610001,True
4610003,UA4610003,True
4610005,UA4610005,True
4610007,UA4610007,True
4610009,UA4610009,True
4610011,UA4610011,True
4610013,UA4610013,True
4610015,UA4610015,True
4610017,UA4610017,True
4610019,UA4610019,True
4610021,UA4610021,True
4610023,UA4610023,True
4610025,UA4610025,True
4610027,UA4610027,True
4612001,UA4612001,True
4612003,UA4612003,True
4612005,UA4612005,True
4612007,UA4612007,True
4612009,UA4612009,True
4612011,UA4612011,True
4612013,UA4612013,True
4614001,UA4614001,True
4614003,UA4614003,True
4614005,UA4614005,True
4614007,UA4614007,True
4614009,UA4614009,True
4614011,UA4614011,True
4802001,UA4802001,True
4802003,UA4802003,True
4802005,UA4802005,True
4802007,UA4802007,True
4802009,UA4802009,True
4802011,UA4802011,True
4802013,UA4802013,True
4802015,UA4802015,True
4802017,UA4802017,True
4802019,UA4802019,True
4802021,UA4802021,True
4802023,UA4802023,True
4804001,UA4804001,True
4804003,UA4804003,True
4804005,UA4804005,True
4804007,UA4804007,True
4804009,UA4804009,True
4804011,UA4804011,True
4804013,UA4804013,True
4804015,UA4804015,True
4804017,UA4804017,True
4804019,UA4804019,True
4804021,UA4804021,True
4804023,UA4804023,True
4804025,UA4804025,True
4806001,UA4806001,True
4806003,UA4806003,True
4806005,UA4806005,True
4806007,UA4806007,True
4806009,UA4806009,True
4806011,UA4806011,True
4806013,UA4806013,True
4806015,UA4806015,True
4806017,UA4806017,True
4806019,UA4806019,True
4806021,UA4806021,True
4806023,UA4806023,True
4806025,UA4806025,True
4806027,UA4806027,True
4806029,UA4806029,True
4806031,UA4806031,True
4806033,UA4806033,True
4806035,UA4806035,True
4806037,UA4806037,True
4808001,UA4808001,True
4808003,UA4808003,True
4808005,UA4808005,True
4808007,UA4808007,True
4808009,UA4808009,True
4808011,UA4808011,True
4808013,UA4808013,True
4808015,UA4808015,True
5102001,UA5102001,True
5102003,UA5102003,True
5102005,UA5102005,True
5102007,UA5102007,True
5102009,UA5102009,True
5102011,UA5102011,True
5102013,UA5102013,True
5102015,UA5102015,True
5102017,UA5102017,True
5102019,UA5102019,True
5102021,UA5102021,True
5102023,UA5102023,True
5102025,UA5102025,True
5102027,UA5102027,True
5102029,UA5102029,True
5102031,UA5102031,True
5104001,UA5104001,True
5104003,UA5104003,True
5104005,UA5104005,True
5104007,UA5104007,True
5104009,UA5104009,True
5104011,UA5104011,True
5104013,UA5104013,True
5104015,UA5104015,True
5104017,UA5104017,True
5104019,UA5104019,True
5104021,UA5104021,True
5104023,UA5104023,True
5104025,UA5104025,True
5104027,UA5104027,True
5104029,UA5104029,True
5104031,UA5104031,True
5106001,UA5106001,True
5106003,UA5106003,True
5106005,UA5106005,True
5106007,UA5106007,True
5106009,UA5106009,True
5106011,UA5106011,True
5106013,UA5106013,True
5106015,UA5106015,True
5106017,UA5106017,True
5106019,UA5106019,True
5108001,UA5108001,True
5108003,UA5108003,True
5108005,UA5108005,True
5108007,UA5108007,True
5108009,UA5108009,True
5108011,UA5108011,True
5110001,UA5110001,True
5110003,UA5110003,True
5110005,UA5110005,True
5110007,UA5110007,True
5110009,UA5110009,True
5110011,UA5110011,True
5110013,UA5110013,True
5110015,UA5110015,True
5110017,UA5110017,True
5110019,UA5110019,True
5110021,UA5110021,True
5110023,UA5110023,True
5110025,UA5110025,True
5110027,UA5110027,True
5110029,UA5110029,True
5110031,UA5110031,True
5110033,UA5110033,True
5110035,UA5110035,True
5110037,UA5110037,True
5110039,UA5110039,True
5110041,UA5110041,True
5110043,UA5110043,True
5112001,UA5112001,True
5112003,UA5112003,True
5112005,UA5112005,True
5112007,UA5112007,True
5112009,UA5112009,True
5112011,UA5112011,True
5112013,UA5112013,True
5112015,UA5112015,True
5112017,UA5112017,True
5112019,UA5112019,True
5112021,UA5112021,True
5112023,UA5112023,True
5114001,UA5114001,True
5114003,UA5114003,True
5114005,UA5114005,True
5114007,UA5114007,True
5114009,UA5114009,True
5114011,UA5114011,True
5114013,UA5114013,True
5114015,UA5114015,True
5114017,UA5114017,True
5302001,UA5302001,True
5302003,UA5302003,True
5302005,UA5302005,True
5302007,UA5302007,True
5302009,UA5302009,True
5302011,UA5302011,True
5302013,UA5302013,True
5302015,UA5302015,True
5302017,UA5302017,True
5302019,UA5302019,True
5302021,UA5302021,True
5302023,UA5302023,True
5304001,UA5304001,True
5304003,UA5304003,True
5304005,UA5304005,True
5304007,UA5304007,True
5304009,UA5304009,True
5304011,UA5304011,True
5304013,UA5304013,True
5306001,UA5306001,True
5306003,UA5306003,True
5306005,UA5306005,True
5306007,UA5306007,True
5306009,UA5306009,True
5306011,UA5306011,True
5306013,UA5306013,True
5306015,UA5306015,True
5306017,UA5306017,True
5306019,UA5306019,True
5306021,UA5306021,True
5306023,UA5306023,True
5306025,UA5306025,True
5306027,UA5306027,True
5306029,UA5306029,True
5306031,UA5306031,True
5306033,UA5306033,True
5308001,UA5308001,True
5308003,UA5308003,True
5308005,UA5308005,True
5308007,UA5308007,True
5308009,UA5308009,True
5308011,UA5308011,True
5308013,UA5308013,True
5308015,UA5308015,True
5308017,UA5308017,True
5308019,UA5308019,True
5308021,UA5308021,True
5308023,UA5308023,True
5308025,UA5308025,True
5308027,UA5308027,True
5308029,UA5308029,True
5308031,UA5308031,True
5308033,UA5308033,True
5308035,UA5308035,True
5308037,UA5308037,True
5308039,UA5308039,True
5308041,UA5308041,True
5308043,UA5308043,True
5308045,UA5308045,True
5308047,UA5308047,True
5602001,UA5602001,True
5602003,UA5602003,True
5602005,UA5602005,True
5602007,UA5602007,True
5602009,UA5602009,True
5602011,UA5602011,True
5602013,UA5602013,True
5602015,UA5602015,True
5604001,UA5604001,True
5604003,UA5604003,True
5604005,UA5604005,True
5604007,UA5604007,True
5604009,UA5604009,True
5604011,UA5604011,True
5604013,UA5604013,True
5604015,UA5604015,True
5604017,UA5604017,True
5604019,UA5604019,True
5604021,UA5604021,True
5604023,UA5604023,True
5604025,UA5604025,True
5604027,UA5604027,True
5604029,UA5604029,True
5604031,UA5604031,True
5604033,UA5604033,True
5604035,UA5604035,True
5604037,UA5604037,True
5606001,UA5606001,True
5606003,UA5606003,True
5606005,UA5606005,True
5606007,UA5606007,True
5606009,UA5606009,True
5606011,UA5606011,True
5606013,UA5606013,True
5606015,UA5606015,True
5606017,UA5606017,True
5606019,UA5606019,True
5606021,UA5606021,True
5606023,UA5606023,True
5606025,UA5606025,True
5606027,UA5606027,True
5606029,UA5606029,True
5606031,UA5606031,True
5606033,UA5606033,True
5606035,UA5606035,True
5606037,UA5606037,True
5606039,UA5606039,True
5606041,UA5606041,True
5606043,UA5606043,True
5606045,UA5606045,True
5606047,UA5606047,True
5606049,UA5606049,True
5606051,UA5606051,True
5608001,UA5608001,True
5608003,UA5608003,True
5608005,UA5608005,True
5608007,UA5608007,True
5608009,UA5608009,True
5608011,UA5608011,True
5608013,UA5608013,True
5608015,UA5608015,True
5608017,UA5608017,True
5608019,UA5608019,True
5608021,UA5608021,True
5902001,UA5902001,True
5902003,UA5902003,True
5902005,UA5902005,True
5902007,UA5902007,True
5902009,UA5902009,True
5902011,UA5902011,True
5902013,UA5902013,True
5902015,UA5902015,True
5904001,UA5904001,True
5904003,UA5904003,True
5904005,UA5904005,True
5904007,UA5904007,True
5904009,UA5904009,True
5904011,UA5904011,True
5904013,UA5904013,True
5904015,UA5904015,True
5904017,UA5904017,True
5906001,UA5906001,True
5906003,UA5906003,True
5906005,UA5906005,True
5906007,UA5906007,True
5906009,UA5906009,True
5906011,UA5906011,True
5906013,UA5906013,True
5906015,UA5906015,True
5908001,UA5908001,True
5908003,UA5908003,True
5908005,UA5908005,True
5908007,UA5908007,True
5908009,UA5908009,True
5908011,UA5908011,True
5908013,UA5908013,True
5908015,UA5908015,True
5908017,UA5908017,True
5908019,UA5908019,True
5908021,UA5908021,True
5908023,UA5908023,True
5908025,UA5908025,True
5908027,UA5908027,True
5908029,UA5908029,True
5908031,UA5908031,True
5910001,UA5910001,True
5910003,UA5910003,True
5910005,UA5910005,True
5910007,UA5910007,True
5910009,UA5910009,True
5910011,UA5910011,True
5910013,UA5910013,True
5910015,UA5910015,True
5910017,UA5910017,True
5910019,UA5910019,True
6102001,UA6102001,True
6102003,UA6102003,True
6102005,UA6102005,True
6102007,UA6102007,True
6102009,UA6102009,True
6102011,UA6102011,True
6102013,UA6102013,True
6102015,UA6102015,True
6104001,UA6104001,True
6104003,UA6104003,True
6104005,UA6104005,True
6104007,UA6104007,True
6104009,UA6104009,True
6104011,UA6104011,True
6104013,UA6104013,True
6104015,UA6104015,True
6104017,UA6104017,True
6104019,UA6104019,True
6104021,UA6104021,True
6104023,UA6104023,True
6104025,UA6104025,True
6104027,UA6104027,True
6104029,UA6104029,True
6104031,UA6104031,True
6104033,UA6104033,True
6104035,UA6104035,True
6104037,UA6104037,True
6104039,UA6104039,True
6104041,UA6104041,True
6104043,UA6104043,True
6104045,UA6104045,True
6104047,UA6104047,True
6104049,UA6104049,True
6106001,UA6106001,True
6106003,UA6106003,True
6106005,UA6106005,True
6106007,UA6106007,True
6106009,UA6106009,True
6106011,UA6106011,True
6106013,UA6106013,True
6106015,UA6106015,True
6106017,UA6106017,True
6106019,UA6106019,True
6106021,UA6106021,True
6106023,UA6106023,True
6106025,UA6106025,True
6106027,UA6106027,True
6106029,UA6106029,True
6106031,UA6106031,True
6106033,UA6106033,True
6106035,UA6106035,True
6106037,UA6106037,True
6106039,UA6106039,True
6106041,UA6106041,True
6106043,UA6106043,True
6302001,UA6302001,True
6302003,UA6302003,True
6302005,UA6302005,True
6302007,UA6302007,True
6302009,UA6302009,True
6304001,UA6304001,True
6304003,UA6304003,True
6304005,UA6304005,True
6304007,UA6304007,True
6304009,UA6304009,True
6304011,UA6304011,True
6304013,UA6304013,True
6304015,UA6304015,True
6306001,UA6306001,True
6306003,UA6306003,True
6306005,UA6306005,True
6306007,UA6306007,True
6306009,UA6306009,True
6306011,UA6306011,True
6308001,UA6308001,True
6308003,UA6308003,True
6308005,UA6308005,True
6308007,UA6308007,True
6308009,UA6308009,True
6308011,UA6308011,True
6308013,UA6308013,True
6308015,UA6308015,True
6310001,UA6310001,True
6310003,UA6310003,True
6310005,UA6310005,True
6310007,UA6310007,True
6310009,UA6310009,True
6312001,UA6312001,True
6312003,UA6312003,True
6312005,UA6312005,True
6312007,UA6312007,True
6312009,UA6312009,True
6312011,UA6312011,True
6312013,UA6312013,True
6312015,UA6312015,True
6312017,UA6312017,True
6312019,UA6312019,True
6312021,UA6312021,True
6312023,UA6312023,True
6312025,UA6312025,True
6312027,UA6312027,True
6312029,UA6312029,True
6314001,UA6314001,True
6314003,UA6314003,True
6314005,UA6314005,True
6314007,UA6314007,True
6314009,UA6314009,True
6314011,UA6314011,True
6314013,UA6314013,True
6314015,UA6314015,True
6314017,UA6314017,True
6502001,UA6502001,True
6502003,UA6502003,True
6502005,UA6502005,True
6502007,UA6502007,True
6502009,UA6502009,True
6502011,UA6502011,True
6502013,UA6502013,True
6502015,UA6502015,True
6502017,UA6502017,True
6502019,UA6502019,True
6502021,UA6502021,True
6504001,UA6504001,True
6504003,UA6504003,True
6504005,UA6504005,True
6504007,UA6504007,True
6506001,UA6506001,True
6506003,UA6506003,True
6506005,UA6506005,True
6506007,UA6506007,True
6506009,UA6506009,True
6506011,UA6506011,True
6506013,UA6506013,True
6506015,UA6506015,True
6506017,UA6506017,True
6506019,UA6506019,True
6506021,UA6506021,True
6506023,UA6506023,True
6506025,UA6506025,True
6506027,UA6506027,True
6506029,UA6506029,True
6508001,UA6508001,True
6508003,UA6508003,True
6508005,UA6508005,True
6508007,UA6508007,True
6508009,UA6508009,True
6508011,UA6508011,True
6508013,UA6508013,True
6508015,UA6508015,True
6508017,UA6508017,True
6510001,UA6510001,True
6510003,UA6510003,True
6510005,UA6510005,True
6510007,UA6510007,True
6510009,UA6510009,True
6510011,UA6510011,True
6510013,UA6510013,True
6510015,UA6510015,True
6510017,UA6510017,True
6510019,UA6510019,True
6802001,UA6802001,True
6802003,UA6802003,True
6802005,UA6802005,True
6802007,UA6802007,True
6802009,UA6802009,True
6802011,UA6802011,True
6802013,UA6802013,True
6802015,UA6802015,True
6802017,UA6802017,True
6802019,UA6802019,True
6802021,UA6802021,True
6802023,UA6802023,True
6802025,UA6802025,True
6802027,UA6802027,True
6802029,UA6802029,True
6804001,UA6804001,True
6804003,UA6804003,True
6804005,UA6804005,True
6804007,UA6804007,True
6804009,UA6804009,True
6804011,UA6804011,True
6804013,UA6804013,True
6804015,UA6804015,True
6804017,UA6804017,True
6804019,UA6804019,True
6804021,UA6804021,True
6804023,UA6804023,True
6804025,UA6804025,True
6804027,UA6804027,True
6804029,UA6804029,True
6804031,UA6804031,True
6804033,UA6804033,True
6804035,UA6804035,True
6804037,UA6804037,True
6804039,UA6804039,True
6804041,UA6804041,True
6804043,UA6804043,True
6804045,UA6804045,True
6804047,UA6804047,True
6804049,UA6804049,True
6804051,UA6804051,True
6804053,UA6804053,True
6806001,UA6806001,True
6806003,UA6806003,True
6806005,UA6806005,True
6806007,UA6806007,True
6806009,UA6806009,True
6806011,UA6806011,True
6806013,UA6806013,True
6806015,UA6806015,True
6806017,UA6806017,True
6806019,UA6806019,True
6806021,UA6806021,True
6806023,UA6806023,True
6806025,UA6806025,True
6806027,UA6806027,True
6806029,UA6806029,True
6806031,UA6806031,True
6806033,UA6806033,True
6806035,UA6806035,True
7102001,UA7102001,True
7102003,UA7102003,True
7102005,UA7102005,True
7102007,UA7102007,True
7102009,UA7102009,True
7102011,UA7102011,True
7102013,UA7102013,True
7102015,UA7102015,True
7102017,UA7102017,True
7102019,UA7102019,True
7102021,UA7102021,True
7102023,UA7102023,True
7102025,UA7102025,True
7102027,UA7102027,True
7102029,UA7102029,True
7102031,UA7102031,True
7102033,UA7102033,True
7104001,UA7104001,True
7104003,UA7104003,True
7104005,UA7104005,True
7104007,UA7104007,True
7104009,UA7104009,True
7104011,UA7104011,True
7104013,UA7104013,True
7104015,UA7104015,True
7104017,UA7104017,True
7104019,UA7104019,True
7104021,UA7104021,True
7106001,UA7106001,True
7106003,UA7106003,True
7106005,UA7106005,True
7106007,UA7106007,True
7106009,UA7106009,True
7106011,UA7106011,True
7106013,UA7106013,True
7106015,UA7106015,True
7106017,UA7106017,True
7106019,UA7106019,True
7106021,UA7106021,True
7106023,UA7106023,True
7108001,UA7108001,True
7108003,UA7108003,True
7108005,UA7108005,True
7108007,UA7108007,True
7108009,UA7108009,True
7108011,UA7108011,True
7108013,UA7108013,True
7108015,UA7108015,True
7108017,UA7108017,True
7108019,UA7108019,True
7108021,UA7108021,True
7108023,UA7108023,True
7108025,UA7108025,True
7108027,UA7108027,True
7108029,UA7108029,True
7108031,UA7108031,True
7108033,UA7108033,True
7108035,UA7108035,True
7108037,UA7108037,True
7108039,UA7108039,True
7108041,UA7108041,True
7108043,UA7108043,True
7108045,UA7108045,True
7108047,UA7108047,True
7108049,UA7108049,True
7108051,UA7108051,True
7302001,UA7302001,True
7302003,UA7302003,True
7302005,UA7302005,True
7302007,UA7302007,True
7302009,UA7302009,True
7302011,UA7302011,True
7302013,UA7302013,True
7302015,UA7302015,True
7302017,UA7302017,True
7304001,UA7304001,True
7304003,UA7304003,True
7304005,UA7304005,True
7304007,UA7304007,True
7304009,UA7304009,True
7304011,UA7304011,True
7304013,UA7304013,True
7304015,UA7304015,True
7304017,UA7304017,True
7304019,UA7304019,True
7306001,UA7306001,True
7306003,UA7306003,True
7306005,UA7306005,True
7306007,UA7306007,True
7306009,UA7306009,True
7306011,UA7306011,True
7306013,UA7306013,True
7306015,UA7306015,True
7306017,UA7306017,True
7306019,UA7306019,True
7306021,UA7306021,True
7306023,UA7306023,True
7306025,UA7306025,True
7306027,UA7306027,True
7306029,UA7306029,True
7306031,UA7306031,True
7306033,UA7306033,True
7306035,UA7306035,True
7306037,UA7306037,True
7306039,UA7306039,True
7306041,UA7306041,True
7306043,UA7306043,True
7306045,UA7306045,True
7306047,UA7306047,True
7306049,UA7306049,True
7306051,UA7306051,True
7306053,UA7306053,True
7306055,UA7306055,True
7306057,UA7306057,True
7306059,UA7306059,True
7306061,UA7306061,True
7306063,UA7306063,True
7306065,UA7306065,True
7402001,UA7402001,True
7402003,UA7402003,True
7402005,UA7402005,True
7402007,UA7402007,True
7402009,UA7402009,True
7404001,UA7404001,True
7404003,UA7404003,True
7404005,UA7404005,True
7404007,UA7404007,True
7404009,UA7404009,True
7404011,UA7404011,True
7404013,UA7404013,True
7404015,UA7404015,True
7404017,UA7404017,True
7404019,UA7404019,True
7404021,UA7404021,True
7404023,UA7404023,True
7404025,UA7404025,True
7404027,UA7404027,True
7404029,UA7404029,True
7404031,UA7404031,True
7404033,UA7404033,True
7406001,UA7406001,True
7406003,UA7406003,True
7406005,UA7406005,True
7406007,UA7406007,True
7408001,UA7408001,True
7408003,UA7408003,True
7408005,UA7408005,True
7408007,UA7408007,True
7408009,UA7408009,True
7408011,UA7408011,True
7408013,UA7408013,True
7408015,UA7408015,True
7408017,UA7408017,True
7408019,UA7408019,True
7408021,UA7408021,True
7410001,UA7410001,True
7410003,UA7410003,True
7410005,UA7410005,True
7410007,UA7410007,True
7410009,UA7410009,True
7410011,UA7410011,True
7410013,UA7410013,True
7410015,UA7410015,True
7410017,UA7410017,True
7410019,UA7410019,True
7410021,UA7410021,True
7410023,UA7410023,True
7410025,UA7410025,True
7410027,UA7410027,True
7410029,UA7410029,True
7410031,UA7410031,True
7410033,UA7410033,True
7410035,UA7410035,True
7410037,UA7410037,True
7410039,UA7410039,True
8000000,UA8000000,True
8500000,UA8500000,True
