indicator,source,licence,unit,year,level,method
psychosocial_wellbeing_2024,"SCORE / reSCORE Ukraine (SeeD, UNDP), General Population, public dashboard api.scoreforpeace.org",SCORE public dashboard — cite SeeD/UNDP reSCORE Ukraine; aggregated oblast scores only,score 0-10,2024,oblast (k1),"'Mental wellbeing (Meta)'; face-to-face survey, n=7758; excl. Luhansk, Donetsk, Crimea; differences < 0.5 not significant"
psychosocial_wellbeing_chg,"SCORE / reSCORE Ukraine (SeeD, UNDP), General Population, public dashboard api.scoreforpeace.org",SCORE public dashboard — cite SeeD/UNDP reSCORE Ukraine; aggregated oblast scores only,points,2021-2024,oblast (k1),psychosocial_wellbeing_2024 - psychosocial_wellbeing_2021; indicator definitions may differ between rounds
own_rev_gf_2025,"openbudget.gov.ua (MinFin/Treasury), api.openbudget.gov.ua/api/public/localBudgetData","Ukrainian open data, CMU Resolution 835 — attribution required",UAH,2025,hromada,"General fund revenue excl. transfers (codes <40000000, FUND_TYP=C), December YTD"
transfer_dep_2025,"openbudget.gov.ua (MinFin/Treasury), api.openbudget.gov.ua/api/public/localBudgetData","Ukrainian open data, CMU Resolution 835 — attribution required",ratio,2025,hromada,"Official transfers (codes 4xxxxxxx) / total revenue, FUND_TYP=T"
pdfo_civ_2025,"openbudget.gov.ua (MinFin/Treasury), api.openbudget.gov.ua/api/public/localBudgetData","Ukrainian open data, CMU Resolution 835 — attribution required",UAH,2025,hromada,PIT 1101xxxx excl. lines naming військовослужбовці; paid at employer's address
pdfo_civ_growth_rel_2125,"openbudget.gov.ua (MinFin/Treasury), api.openbudget.gov.ua/api/public/localBudgetData","Ukrainian open data, CMU Resolution 835 — attribution required",ratio to national median,2021-2025,hromada,(civilian PIT 2025 / 2021) / median of that ratio; inflation-neutral; 2021 codes via name match
capex_share_2325,"openbudget.gov.ua (MinFin/Treasury), api.openbudget.gov.ua/api/public/localBudgetData","Ukrainian open data, CMU Resolution 835 — attribution required",ratio,2023-2025,hromada,"Capital expenditure (KEK 3xxx) / total expenditure, FUND_TYP=T, mean of 3 years"
pop_ghs_2020,"JRC GHS-POP R2023A, 100 m (doi:10.2905/2FF68A52-5B5B-4A22-8F40-C41DA8332CFE)","EC reuse notice — reuse authorised, source acknowledged",persons,2020,hromada,"Sum of 100 m cells whose centre falls in the COD-AB ADM3 polygon; GPW4.11-based, pre-war inputs, no displacement adjustment"
pop_ghs_2025,"JRC GHS-POP R2023A, 100 m (doi:10.2905/2FF68A52-5B5B-4A22-8F40-C41DA8332CFE)","EC reuse notice — reuse authorised, source acknowledged",persons,2025,hromada,"Sum of 100 m cells whose centre falls in the COD-AB ADM3 polygon; GPW4.11-based, pre-war inputs, no displacement adjustment"
ntl_recovery_2124,NASA Black Marble VNP46A3 Collection 2 (LAADS DAAC 5200),NASA open data / public domain — cite NASA Black Marble,ratio,2021 vs 2024,hromada,"Mean monthly radiance 2024 / 2021 over pixels lit in 2021 (mean >= 1.0 nW/cm2/sr), hromadas with >= 10 lit pixels only; >=9 valid months; confounded by lighting policy and grid outages"
ntl_winter_ratio_2125,NASA Black Marble VNP46A3 Collection 2 (LAADS DAAC 5200),NASA open data / public domain — cite NASA Black Marble,ratio,Dec20-Feb21 vs Dec24-Feb25,hromada,"Winter mean radiance ratio over pixels lit in 2021 (mean >= 1.0 nW/cm2/sr), hromadas with >= 10 lit pixels only; snow-covered composite used where snow-free is absent"
ntl_recovery_2124_all,NASA Black Marble VNP46A3 Collection 2 (LAADS DAAC 5200),NASA open data / public domain — cite NASA Black Marble,ratio,2021 vs 2024,hromada,As ntl_recovery_2124 but over all pixels (v1; noisy in unlit rural hromadas) — reference only
ntl_winter_ratio_2125_all,NASA Black Marble VNP46A3 Collection 2 (LAADS DAAC 5200),NASA open data / public domain — cite NASA Black Marble,ratio,Dec20-Feb21 vs Dec24-Feb25,hromada,As ntl_winter_ratio_2125 but over all pixels — reference only
ntl_n_lit_px,NASA Black Marble VNP46A3 Collection 2 (LAADS DAAC 5200),NASA open data / public domain — cite NASA Black Marble,pixels,2021,hromada,Number of 15-arcsec pixels lit in 2021
ntl_2021,NASA Black Marble VNP46A3 Collection 2 (LAADS DAAC 5200),NASA open data / public domain — cite NASA Black Marble,nW/cm2/sr,2021,hromada,Annual mean radiance over lit pixels
ntl_2024,NASA Black Marble VNP46A3 Collection 2 (LAADS DAAC 5200),NASA open data / public domain — cite NASA Black Marble,nW/cm2/sr,2024,hromada,Annual mean radiance over lit pixels
own_rev_gf_pc_2025,openbudget.gov.ua (MinFin/Treasury) + JRC GHS-POP R2023A,UA open data (CMU Res. 835) + EC reuse notice — attribute both,UAH/person,2025,hromada,"own_rev_gf_2025 / pop_ghs_2020 (pre-war baseline; inflated where population left, deflated in IDP-host hromadas); NaN if pop < 100"
pdfo_civ_pc_2025,openbudget.gov.ua (MinFin/Treasury) + JRC GHS-POP R2023A,UA open data (CMU Res. 835) + EC reuse notice — attribute both,UAH/person,2025,hromada,pdfo_civ_2025 / pop_ghs_2020; PIT booked at employer address (commuter and HQ bias)
pdfo_mil_share_2021,openbudget.gov.ua,UA open data (CMU Res. 835),ratio,2021,hromada,"PIT code 11010200 (military pay) / all PIT, 2021 (military PIT left local budgets from late 2023)"
garrison_flag,openbudget.gov.ua,UA open data (CMU Res. 835),0/1,2021,hromada,pdfo_mil_share_2021 >= 0.25; interpret PIT growth with care where 1
dream_per10k,DREAM public API (public-api.dream.gov.ua) + GHS-POP,public open data — attribute DREAM,projects / 10k persons,2023-2026,hromada,"Valid (not cancelled/unsuccessful) projects with a KATOTTG location in the hromada / pop_ghs_2020; 25% of valid projects carry no hromada location; reflects planning capacity, donor attention and damage"
le_per1k_reg,State Statistics Service regional offices (ЄДРПОУ),official statistics — attribution to office,legal entities / 1k persons,>= 2025,hromada (subset of oblasts),"REGIONAL SUPPLEMENT, ~40% national coverage — not in composite; registrations by legal address"
fop_per1k_reg,State Statistics Service regional offices (ЄДРПОУ),official statistics — attribution to office,sole proprietors / 1k persons,>= 2025,hromada (subset of oblasts),"REGIONAL SUPPLEMENT, ~30% national coverage — not in composite"
le_change_reg,State Statistics Service regional offices (ЄДРПОУ),official statistics — attribution to office,ratio latest / base,2022-2026,hromada (subset),latest (>= 2025) / first snapshot <= 2022-04-01
fop_change_reg,State Statistics Service regional offices (ЄДРПОУ),official statistics — attribution to office,ratio latest / base,2022-2026,hromada (subset),latest (>= 2025) / first snapshot <= 2022-04-01
capacity_index,openbudget.gov.ua + JRC GHS-POP,UA open data (CMU 835) + EC reuse — attribute both,0-1 (mean percentile rank),2021-2025,hromada,"Mean of percentile ranks of own revenue per capita (+, log), transfer dependency (−), capex share 2023-25 (+), relative civilian PIT growth 2021-25 (+, log); p2/p98 winsorised; >= 3 of 4; non-occupied only. Bivariate axis against exposure."
recovery_index,NASA Black Marble VNP46A3 C2,public domain — cite NASA Black Marble,0-1 (mean percentile rank),2021-2025,hromada,"Mean of percentile ranks of lit-pixel night-light recovery 2021->24 and winter ratio; outcome variable (responds to strikes and outages), not part of capacity"
engagement_index,DREAM public API + JRC GHS-POP,public open data — attribute DREAM,0-1 (percentile rank),2023-2026,hromada,Percentile rank of valid DREAM projects per 10k (log1p); responds to damage and to planning capacity — reported separately
trust_local_admin_2024,"SCORE / reSCORE Ukraine (SeeD, UNDP), General Population, public dashboard api.scoreforpeace.org",SCORE public dashboard — cite SeeD/UNDP reSCORE Ukraine; aggregated oblast scores only,score 0-10,2024,oblast (k1),"[Trust in Institutions] 'town or village administration'; face-to-face survey, n=7758; excl. Luhansk, Donetsk, Crimea; differences < 0.5 not significant"
community_cohesion_2024,"SCORE / reSCORE Ukraine (SeeD, UNDP), General Population, public dashboard api.scoreforpeace.org",SCORE public dashboard — cite SeeD/UNDP reSCORE Ukraine; aggregated oblast scores only,score 0-10,2024,oblast (k1),"[Civic Attitudes & Behaviours] 'Community cohesion'; face-to-face survey, n=7758; excl. Luhansk, Donetsk, Crimea; differences < 0.5 not significant"
civic_engagement_2024,"SCORE / reSCORE Ukraine (SeeD, UNDP), General Population, public dashboard api.scoreforpeace.org",SCORE public dashboard — cite SeeD/UNDP reSCORE Ukraine; aggregated oblast scores only,score 0-10,2024,oblast (k1),"[Civic Attitudes & Behaviours] 'Civic engagement'; face-to-face survey, n=7758; excl. Luhansk, Donetsk, Crimea; differences < 0.5 not significant"
belonging_settlement_2024,"SCORE / reSCORE Ukraine (SeeD, UNDP), General Population, public dashboard api.scoreforpeace.org",SCORE public dashboard — cite SeeD/UNDP reSCORE Ukraine; aggregated oblast scores only,score 0-10,2024,oblast (k1),"[Belonging & Identity] 'to the settlement'; face-to-face survey, n=7758; excl. Luhansk, Donetsk, Crimea; differences < 0.5 not significant"
economic_security_2024,"SCORE / reSCORE Ukraine (SeeD, UNDP), General Population, public dashboard api.scoreforpeace.org",SCORE public dashboard — cite SeeD/UNDP reSCORE Ukraine; aggregated oblast scores only,score 0-10,2024,oblast (k1),"[Human Security] 'Economic security'; face-to-face survey, n=7758; excl. Luhansk, Donetsk, Crimea; differences < 0.5 not significant"
mental_wellbeing_2024,"SCORE / reSCORE Ukraine (SeeD, UNDP), General Population, public dashboard api.scoreforpeace.org",SCORE public dashboard — cite SeeD/UNDP reSCORE Ukraine; aggregated oblast scores only,score 0-10,2024,oblast (k1),"[Psychosocial Assets & Skills] 'Mental wellbeing (Meta)'; face-to-face survey, n=7758; excl. Luhansk, Donetsk, Crimea; differences < 0.5 not significant"
locality_satisfaction_2024,"SCORE / reSCORE Ukraine (SeeD, UNDP), General Population, public dashboard api.scoreforpeace.org",SCORE public dashboard — cite SeeD/UNDP reSCORE Ukraine; aggregated oblast scores only,score 0-10,2024,oblast (k1),"[Governance & Services] 'Locality satisfaction'; face-to-face survey, n=7758; excl. Luhansk, Donetsk, Crimea; differences < 0.5 not significant"
trust_local_admin_chg,"SCORE / reSCORE Ukraine (SeeD, UNDP), General Population, public dashboard api.scoreforpeace.org",SCORE public dashboard — cite SeeD/UNDP reSCORE Ukraine; aggregated oblast scores only,points,2021-2024,oblast (k1),trust_local_admin_2024 - trust_local_admin_2021; indicator definitions may differ between rounds
community_cohesion_chg,"SCORE / reSCORE Ukraine (SeeD, UNDP), General Population, public dashboard api.scoreforpeace.org",SCORE public dashboard — cite SeeD/UNDP reSCORE Ukraine; aggregated oblast scores only,points,2021-2024,oblast (k1),community_cohesion_2024 - community_cohesion_2021; indicator definitions may differ between rounds
civic_engagement_chg,"SCORE / reSCORE Ukraine (SeeD, UNDP), General Population, public dashboard api.scoreforpeace.org",SCORE public dashboard — cite SeeD/UNDP reSCORE Ukraine; aggregated oblast scores only,points,2021-2024,oblast (k1),civic_engagement_2024 - civic_engagement_2021; indicator definitions may differ between rounds
belonging_settlement_chg,"SCORE / reSCORE Ukraine (SeeD, UNDP), General Population, public dashboard api.scoreforpeace.org",SCORE public dashboard — cite SeeD/UNDP reSCORE Ukraine; aggregated oblast scores only,points,2021-2024,oblast (k1),belonging_settlement_2024 - belonging_settlement_2021; indicator definitions may differ between rounds
economic_security_chg,"SCORE / reSCORE Ukraine (SeeD, UNDP), General Population, public dashboard api.scoreforpeace.org",SCORE public dashboard — cite SeeD/UNDP reSCORE Ukraine; aggregated oblast scores only,points,2021-2024,oblast (k1),economic_security_2024 - economic_security_2021; indicator definitions may differ between rounds
mental_wellbeing_chg,"SCORE / reSCORE Ukraine (SeeD, UNDP), General Population, public dashboard api.scoreforpeace.org",SCORE public dashboard — cite SeeD/UNDP reSCORE Ukraine; aggregated oblast scores only,points,2021-2024,oblast (k1),mental_wellbeing_2024 - mental_wellbeing_2021; indicator definitions may differ between rounds
locality_satisfaction_chg,"SCORE / reSCORE Ukraine (SeeD, UNDP), General Population, public dashboard api.scoreforpeace.org",SCORE public dashboard — cite SeeD/UNDP reSCORE Ukraine; aggregated oblast scores only,points,2021-2024,oblast (k1),locality_satisfaction_2024 - locality_satisfaction_2021; indicator definitions may differ between rounds
idp_present_est_per1k,"IOM DTM Ukraine via HDX (ukr-iom-dtm-from-api, admin 0-1) + JRC GHS-POP",IOM DTM terms of use — attribution required,"per 1,000 pre-war residents",latest,oblast (k1),"IOM estimate of IDPs present (where living) / oblast pop_ghs_2020 x 1,000"
idp_registered_per1k,"IOM DTM Ukraine via HDX (ukr-iom-dtm-from-api, admin 0-1) + JRC GHS-POP",IOM DTM terms of use — attribution required,"per 1,000 pre-war residents",latest,oblast (k1),"Registered IDPs (MoSP register, summed over origin oblasts) / pop_ghs_2020 x 1,000; counted where registered, not where living"
dtm_reg_latest,"IOM DTM API v3 /displacement/admin1, accessed 2026-09-25",IOM DTM terms of use (attribution),persons,2026,oblast,"IDPs registered in host oblast (Registration operation), latest month"
dtm_reg_change,"IOM DTM API v3 /displacement/admin1, accessed 2026-09-25",IOM DTM terms of use (attribution),ratio-1,2023-2026,oblast,change in registered IDPs 2023-02-28 to 2026-08-31
dtm_reg_front_share,"IOM DTM API v3 /displacement/admin1, accessed 2026-09-25",IOM DTM terms of use (attribution),share,2026,oblast,"share of registered IDPs originating in Donetsk, Luhansk, Zaporizhzhia, Kherson, Kharkiv, Crimea, Sevastopol"
dtm_reg_female_share,"IOM DTM API v3 /displacement/admin1, accessed 2026-09-25",IOM DTM terms of use (attribution),share,2026,oblast,female share of registered IDPs
dtm_svy_latest,"IOM DTM API v3 /displacement/admin1, accessed 2026-09-25",IOM DTM terms of use (attribution),persons,,oblast,"IDPs present, General Population Survey, latest round (not comparable with registration)"
dtm_oblast_od,"IOM DTM API v3 /displacement/admin1, accessed 2026-09-25",IOM DTM terms of use (attribution),persons,2022-2026,oblast x oblast x month,"registered IDPs by host and origin oblast, monthly (tidy/dtm_oblast_od_k1.csv)"
bq_own_gf,"openbudget.gov.ua localBudgetData INCOMES, period=MONTH (YTD cumulative)",CMU resolution 835 (open data),UAH,2021-2026,hromada x quarter,"Own general-fund revenue (C, codes < 4xxxxxxx), quarterly flow from YTD cumulative"
bq_pdfo_civ,"openbudget.gov.ua localBudgetData INCOMES, period=MONTH (YTD cumulative)",CMU resolution 835 (open data),UAH,2021-2026,hromada x quarter,Civilian PIT: 1101xxxx minus lines naming військовослужбовці; military PIT to state budget from Q4 2023
bq_transfer_dep,"openbudget.gov.ua localBudgetData INCOMES, period=MONTH (YTD cumulative)",CMU resolution 835 (open data),share,2021-2026,hromada x quarter,"Transfers (4xxxxxxx) / total revenue, FUND_TYP T"
bq_own_gf_rel,"openbudget.gov.ua localBudgetData INCOMES, period=MONTH (YTD cumulative)",CMU resolution 835 (open data),ratio,2021-2026,hromada x quarter,"own_gf / same quarter 2021, divided by national median of that ratio (inflation-neutral)"
bq_pdfo_civ_rel,"openbudget.gov.ua localBudgetData INCOMES, period=MONTH (YTD cumulative)",CMU resolution 835 (open data),ratio,2021-2026,hromada x quarter,"pdfo_civ / same quarter 2021, divided by national median (inflation-neutral)"
alert_h_12m,"Official Ukrainian air-raid alert records (archive by V. Klymenko, official_data_en.csv)","MIT, Copyright (c) 2022 Vadym Klymenko",hours,2025-09-01 to 2026-08-31,hromada,"Hours any part of the hromada was under alert: union of the alert records of the hromada, its raion and its oblast. Fixed window ending 31 Aug 2026 (ALERT_CUTOFF, viina/alert_window.py): from Sep 2026 the single alert was replaced by yellow (drone) and red (massive/missile) levels under Cabinet Resolution No. 1092, with changed territory and siren rules, so the series is not continued and post-break data are not spliced in"
tr_w2223,derived: 19 (Black Marble VNP46A3) and 20 (openbudget),NASA public domain; CMU 835,ratio,2022-11..2023-02,hromada,"mean ntl_idx (radiance / same month 2020-21) over 2022-11..2023-02, >= half months valid"
tr_h2_23,derived: 19 (Black Marble VNP46A3) and 20 (openbudget),NASA public domain; CMU 835,ratio,2023-07..2023-12,hromada,"mean ntl_idx (radiance / same month 2020-21) over 2023-07..2023-12, >= half months valid"
tr_s24,derived: 19 (Black Marble VNP46A3) and 20 (openbudget),NASA public domain; CMU 835,ratio,2024-06..2024-07,hromada,"mean ntl_idx (radiance / same month 2020-21) over 2024-06..2024-07, >= half months valid"
tr_w2425,derived: 19 (Black Marble VNP46A3) and 20 (openbudget),NASA public domain; CMU 835,ratio,2024-12..2025-02,hromada,"mean ntl_idx (radiance / same month 2020-21) over 2024-12..2025-02, >= half months valid"
tr_recent,derived: 19 (Black Marble VNP46A3) and 20 (openbudget),NASA public domain; CMU 835,ratio,2025-09..2026-08,hromada,"mean ntl_idx (radiance / same month 2020-21) over 2025-09..2026-08, >= half months valid"
tr_recent_pub,derived: 19 (Black Marble VNP46A3) and 20 (openbudget),NASA public domain; CMU 835,ratio,2025-04..2026-03,hromada,"mean ntl_idx (radiance / same month 2020-21) over 2025-04..2026-03, >= half months valid"
tr_trough,derived: 19 (Black Marble VNP46A3) and 20 (openbudget),NASA public domain; CMU 835,ratio,2022Q2-,hromada,minimum quarterly ntl_idx since 2022Q2
tr_slope_2426,derived: 19 (Black Marble VNP46A3) and 20 (openbudget),NASA public domain; CMU 835,ratio/yr,2024-,hromada,"OLS slope of quarterly ntl_idx, >= 8 quarters"
tr_below50_share,derived: 19 (Black Marble VNP46A3) and 20 (openbudget),NASA public domain; CMU 835,share,2022Q2-,hromada,share of quarters with ntl_idx < 0.5
tr_change_class,derived: 19 (Black Marble VNP46A3) and 20 (openbudget),NASA public domain; CMU 835,class,,hromada,"recent vs H2 2023, |dlog| > 2 x own pre-war noise (noise_sd 2021/2020)"
tr_change_class_pub,derived: 19 (Black Marble VNP46A3) and 20 (openbudget),NASA public domain; CMU 835,class,2025-04..2026-03,hromada,"publication window (ends PUB_END, rule R2) vs H2 2023, |dlog| > 2 x own pre-war noise"
tr_light_reliable,derived: 19 (Black Marble VNP46A3) and 20 (openbudget),NASA public domain; CMU 835,flag,,hromada,"1 if >= 30 lit pixels and pre-war noise_sd <= 0.35 (single-hromada light values publishable, R2)"
bt_pit_recent,derived: 19 (Black Marble VNP46A3) and 20 (openbudget),NASA public domain; CMU 835,ratio,last 4 q,hromada,"mean pdfo_civ_rel, last 4 complete quarters"
bt_own_recent,derived: 19 (Black Marble VNP46A3) and 20 (openbudget),NASA public domain; CMU 835,ratio,last 4 q,hromada,"mean own_gf_rel, last 4 complete quarters"
bt_pit_2022,derived: 19 (Black Marble VNP46A3) and 20 (openbudget),NASA public domain; CMU 835,ratio,2022Q2-Q4,hromada,mean pdfo_civ_rel 2022Q2-Q4 (relocation effect)
bt_pit_slope,derived: 19 (Black Marble VNP46A3) and 20 (openbudget),NASA public domain; CMU 835,log/yr,2022Q2-,hromada,"slope of log pdfo_civ_rel, >= 12 quarters"
cand_per_seat,"Central Election Commission (cvk.gov.ua), IAS Місцеві вибори 2020, election 695, open data XML","open data, attribution required (data.gov.ua copy CC BY)",ratio,2020,hromada,"deputy candidates registered / deputies elected, hromada council, 25 Oct 2020; counts only"
cand_per_seat_rel,"Central Election Commission (cvk.gov.ua), IAS Місцеві вибори 2020, election 695, open data XML","open data, attribution required (data.gov.ua copy CC BY)",ratio to system median,2020,hromada,cand_per_seat / national median of the same electoral system (index input: proportional lists carry about three times more candidates per seat than district elections)
electoral_system,"Central Election Commission (cvk.gov.ua), IAS Місцеві вибори 2020, election 695, open data XML","open data, attribution required (data.gov.ua copy CC BY)",category,2020,hromada,"proportional (party lists, >10,000 voters) or districts (multi-member districts)"
n_head_candidates,"Central Election Commission (cvk.gov.ua), IAS Місцеві вибори 2020, election 695, open data XML","open data, attribution required (data.gov.ua copy CC BY)",count,2020,hromada,"candidates for head; listed for city councils only — context, not an index input"
schools_2026,"Ministry of Education, ЄДЕБО Реєстр суб'єктів освітньої діяльності, open data (ut=3)",state open data (CMU Resolution 835) — attribution; licence statement to confirm,count,2026,hromada,"general secondary schools with status 'працює', incl. branches; KATOTTG of the school"
schools_suspended_2026,"Ministry of Education, ЄДЕБО Реєстр суб'єктів освітньої діяльності, open data (ut=3)",state open data (CMU Resolution 835) — attribution; licence statement to confirm,count,2026,hromada,schools with status 'призупинено' (or blank)
schools_per10k_2026,"Ministry of Education, ЄДЕБО Реєстр суб'єктів освітньої діяльності, open data (ut=3) + GHS-POP",state open data (CMU Resolution 835) — attribution; licence statement to confirm,"per 10,000 persons",2026,hromada,schools_2026 / pop_ghs_2020
pupils_2021,"Ministry of Education, form ЗНЗ-1 per school, data.gov.ua cbcab622-…, pre-war school year",CC BY 4.0,persons,2021,hromada,ЗНЗ-1 row 1.12 col 1 summed over schools placed in the hromada; empty unless znz_complete
pupils_per1000_2021,"Ministry of Education, form ЗНЗ-1 per school, data.gov.ua cbcab622-…, pre-war school year + GHS-POP",CC BY 4.0,"per 1,000 persons",2021,hromada,pupils_2021 / pop_ghs_2020
class_size_2021,"Ministry of Education, form ЗНЗ-1 per school, data.gov.ua cbcab622-…, pre-war school year",CC BY 4.0,pupils per class,2021,hromada,pupils / classes (row 1.1 col 1) over all placed schools
znz_complete,"Ministry of Education, form ЗНЗ-1 per school, data.gov.ua cbcab622-…, pre-war school year",CC BY 4.0,flag,2021,hromada,true if pupils of unresolved ZNZ-1 schools (repeated settlement names) that could belong to the hromada are at most 5 % of placed + unresolved
pupils_missing_max_share,"Ministry of Education, form ЗНЗ-1 per school, data.gov.ua cbcab622-…, pre-war school year",CC BY 4.0,ratio,2021,hromada,upper bound of the share of pupils possibly missing (unresolved schools that could belong to the hromada)
