k1,k2,k3,name,occupied,dream_n,dream_n_active,dream_n_pending,dream_n_cancelled
01,0102,0102001,Андріївська сільська рада,True,0,0,0,0
01,0102,0102003,Ароматное,True,0,0,0,0
01,0102,0102005,Бахчисарай,True,0,0,0,0
01,0102,0102007,Камышлы,True,0,0,0,0
01,0102,0102009,Верхоречье,True,0,0,0,0
01,0102,0102011,Вилино,True,0,0,0,0
01,0102,0102013,Голубинка,True,0,0,0,0
01,0102,0102015,Долинное,True,0,0,0,0
01,0102,0102017,Железнодорожное,True,0,0,0,0
01,0102,0102019,Зеленівська сільська рада,True,0,0,0,0
01,0102,0102021,Инкерман,True,0,0,0,0
01,0102,0102023,Кача,True,0,0,0,0
01,0102,0102025,Каштанівська сільська рада,True,0,0,0,0
01,0102,0102027,Красный Мак,True,0,0,0,0
01,0102,0102029,Куйбышево,True,0,0,0,0
01,0102,0102031,Кизиловое,True,0,0,0,0
01,0102,0102033,Песчаное,True,0,0,0,0
01,0102,0102035,Плодовое,True,0,0,0,0
01,0102,0102037,Заветное,True,0,0,0,0
01,0102,0102039,Скалистое,True,0,0,0,0
01,0102,0102041,Табачное,True,0,0,0,0
01,0102,0102043,Терновка,True,0,0,0,0
01,0102,0102045,Тінистівська сільська рада,True,0,0,0,0
01,0102,0102047,Углівська сільська рада,True,0,0,0,0
01,0104,0104003,Богатое,True,0,0,0,0
01,0104,0104005,Белогорск,True,0,0,0,0
01,0104,0104007,Василівська сільська рада,True,0,0,0,0
01,0104,0104009,Вишенська сільська рада,True,0,0,0,0
01,0104,0104011,Дрофинська сільська рада,True,0,0,0,0
01,0104,0104013,Желябовська сільська рада,True,0,0,0,0
01,0104,0104015,Жемчужинська сільська рада,True,0,0,0,0
01,0104,0104017,Балки,True,0,0,0,0
01,0104,0104019,Земляничненська сільська рада,True,0,0,0,0
01,0104,0104021,Зыбины,True,0,0,0,0
01,0104,0104023,Зоркино,True,0,0,0,0
01,0104,0104025,Баланово,True,0,0,0,0
01,0104,0104027,Тарасовка,True,0,0,0,0
01,0104,0104031,Косточковка,True,0,0,0,0
01,0104,0104035,Криничное,True,1,1,0,0
01,0104,0104037,Курское,True,0,0,0,0
01,0104,0104039,Кирсановка,True,0,0,0,0
01,0104,0104041,Мельнична сільська рада,True,0,0,0,0
01,0104,0104043,Митрофановка,True,0,0,0,0
01,0104,0104045,Михайлівська сільська рада,True,0,0,0,0
01,0104,0104047,Мичуринское,True,0,0,0,0
01,0104,0104049,Муромська сільська рада,True,0,0,0,0
01,0104,0104051,Нижнегорский,True,0,0,0,0
01,0104,0104053,Новогригорівська сільська рада,True,0,0,0,0
01,0104,0104055,Анновка,True,0,0,0,0
01,0104,0104057,Омелянівська сільська рада,True,0,0,0,0
01,0104,0104059,Охотська сільська рада,True,0,0,0,0
01,0104,0104061,Пшеничненська сільська рада,True,0,0,0,0
01,0104,0104063,Русаківська сільська рада,True,0,0,0,0
01,0104,0104065,Садовое,True,0,0,0,0
01,0104,0104067,Уваровка,True,0,0,0,0
01,0104,0104069,Цвіточненська сільська рада,True,0,0,0,0
01,0104,0104071,Чкалово,True,0,0,0,0
01,0104,0104073,Чорнопільська сільська рада,True,0,0,0,0
01,0104,0104075,Акимовка,True,0,0,0,0
01,0106,0106001,Азовское,True,0,0,0,0
01,0106,0106005,Джанкой,True,0,0,0,0
01,0106,0106007,Єрмаківська сільська рада,True,0,0,0,0
01,0106,0106009,Завіто-Ленінська сільська рада,True,0,0,0,0
01,0106,0106011,Армейское,True,0,0,0,0
01,0106,0106013,Дмитриевка,True,0,0,0,0
01,0106,0106015,Кондратьево,True,0,0,0,0
01,0106,0106017,Кримківська сільська рада,True,0,0,0,0
01,0106,0106019,Марьино,True,0,0,0,0
01,0106,0106021,Луганська сільська рада,True,0,0,0,0
01,0106,0106023,Майское,True,0,0,0,0
01,0106,0106025,Маслово,True,0,0,0,0
01,0106,0106027,Медведевка,True,0,0,0,0
01,0106,0106029,Мирнівська сільська рада,True,0,0,0,0
01,0106,0106031,Новокримська сільська рада,True,0,0,0,0
01,0106,0106033,Пахаревка,True,0,0,0,0
01,0106,0106035,Побєдненська сільська рада,True,0,0,0,0
01,0106,0106037,Просторненська сільська рада,True,0,0,0,0
01,0106,0106041,Рощинська сільська рада,True,0,0,0,0
01,0106,0106043,Светлое,True,0,0,0,0
01,0106,0106045,Новоконстантиновка,True,0,0,0,0
01,0106,0106047,Новосельцево,True,0,0,0,0
01,0106,0106049,Колоски,True,0,0,0,0
01,0106,0106051,Чайкино,True,0,0,0,0
01,0106,0106053,Яркое,True,0,0,0,0
01,0106,0106055,Яркое Поле,True,0,0,0,0
01,0106,0106057,Яснополянська сільська рада,True,0,0,0,0
01,0108,0108001,Вересаево,True,0,0,0,0
01,0108,0108003,Весёловка,True,0,0,0,0
01,0108,0108005,Виноградово,True,0,0,0,0
01,0108,0108007,Воробьёво,True,0,0,0,0
01,0108,0108009,Геройское,True,0,0,0,0
01,0108,0108011,Далёкое,True,0,0,0,0
01,0108,0108013,Добрушинська сільська рада,True,0,0,0,0
01,0108,0108015,Евпатория,True,0,0,0,0
01,0108,0108019,Зернівська сільська рада,True,0,0,0,0
01,0108,0108021,Іванівська сільська рада,True,0,0,0,0
01,0108,0108023,Кировское,True,0,0,0,0
01,0108,0108025,Кольцовська сільська рада,True,0,0,0,0
01,0108,0108027,Крайненська сільська рада,True,0,0,0,0
01,0108,0108029,Краснополянська сільська рада,True,0,0,0,0
01,0108,0108031,Красноярское,True,0,0,0,0
01,0108,0108033,Крымское,True,0,0,0,0
01,0108,0108035,Лесновка,True,0,0,0,0
01,0108,0108037,Медведево,True,0,0,0,0
01,0108,0108039,Мирный,True,0,0,0,0
01,0108,0108041,Митяївська сільська рада,True,0,0,0,0
01,0108,0108043,Межводное,True,0,0,0,0
01,0108,0108045,Абрикосовка,True,0,0,0,0
01,0108,0108047,Новоивановка,True,0,0,0,0
01,0108,0108051,Новосільська сільська рада,True,0,0,0,0
01,0108,0108053,Новофёдоровка,True,0,0,0,0
01,0108,0108055,Окунівська сільська рада,True,0,0,0,0
01,0108,0108057,Оленевка,True,0,0,0,0
01,0108,0108059,Оріхівська сільська рада,True,0,0,0,0
01,0108,0108061,Охотниківська сільська рада,True,0,0,0,0
01,0108,0108063,Ромашкінська сільська рада,True,0,0,0,0
01,0108,0108065,Саки,True,0,0,0,0
01,0108,0108067,Сизовка,True,0,0,0,0
01,0108,0108069,Стовпівська сільська рада,True,0,0,0,0
01,0108,0108071,Суворовское,True,0,0,0,0
01,0108,0108075,Фрунзе,True,0,0,0,0
01,0108,0108077,Черноморское,True,0,0,0,0
01,0108,0108079,Штормовое,True,0,0,0,0
01,0110,0110001,Багерово,True,0,0,0,0
01,0110,0110003,Батальненська сільська рада,True,0,0,0,0
01,0110,0110005,Белинское,True,0,0,0,0
01,0110,0110007,Виноградненська сільська рада,True,0,0,0,0
01,0110,0110009,Войково,True,0,0,0,0
01,0110,0110011,Юркино,True,0,0,0,0
01,0110,0110013,Горностаевка,True,0,0,0,0
01,0110,0110015,Заветное,True,0,0,0,0
01,0110,0110019,Калинівська сільська рада,True,0,0,0,0
01,0110,0110021,Керчь,True,0,0,0,0
01,0110,0110023,Кіровська сільська рада,True,0,0,0,0
01,0110,0110025,Красногірська сільська рада,True,0,0,0,0
01,0110,0110027,Ленино,True,0,0,0,0
01,0110,0110029,Ленінська сільська рада,True,0,0,0,0
01,0110,0110031,Луговое,True,0,0,0,0
01,0110,0110033,Марьевка,True,0,0,0,0
01,0110,0110035,Марфовка,True,0,0,0,0
01,0110,0110037,Мисівська сільська рада,True,0,0,0,0
01,0110,0110039,Новомиколаївська сільська рада,True,0,0,0,0
01,0110,0110043,Останінська сільська рада,True,0,0,0,0
01,0110,0110045,Приозерне,True,0,0,0,0
01,0110,0110047,Семисотка,True,0,0,0,0
01,0110,0110049,Уварово,True,0,0,0,0
01,0110,0110051,Челядиново,True,0,0,0,0
01,0110,0110053,Чистопільська сільська рада,True,0,0,0,0
01,0110,0110055,Щёлкино,True,0,0,0,0
01,0112,0112001,Абрикосівська сільська рада,True,0,0,0,0
01,0112,0112003,Амурское,True,0,0,0,0
01,0112,0112005,Войковська сільська рада,True,0,0,0,0
01,0112,0112007,Восход,True,0,0,0,0
01,0112,0112009,Гвардейское,True,0,0,0,0
01,0112,0112011,Гришинська сільська рада,True,0,0,0,0
01,0112,0112013,Зерновое,True,0,0,0,0
01,0112,0112015,Калінінська сільська рада,True,0,0,0,0
01,0112,0112017,Калінінська сільська рада,True,0,0,0,0
01,0112,0112019,Клепинінська сільська рада,True,0,0,0,0
01,0112,0112021,Колодязне,True,0,0,0,0
01,0112,0112023,Кормівська сільська рада,True,0,0,0,0
01,0112,0112025,Котельниково,True,0,0,0,0
01,0112,0112027,Красногвардейское,True,0,0,0,0
01,0112,0112029,Краснознам'янська сільська рада,True,0,0,0,0
01,0112,0112031,Крестянівська сільська рада,True,0,0,0,0
01,0112,0112033,Ленинское,True,0,0,0,0
01,0112,0112035,Мар'янівська сільська рада,True,0,0,0,0
01,0112,0112037,Найдёновка,True,0,0,0,0
01,0112,0112039,Новопокровка,True,0,0,0,0
01,0112,0112041,Октябрьское,True,0,0,0,0
01,0112,0112043,Октябрська сільська рада,True,0,0,0,0
01,0112,0112045,Александровка,True,0,0,0,0
01,0112,0112047,Олексіївська сільська рада,True,0,0,0,0
01,0112,0112049,Островська сільська рада,True,0,0,0,0
01,0112,0112051,П'ятихатська сільська рада,True,0,0,0,0
01,0112,0112053,Первомайское,True,0,0,0,0
01,0112,0112055,Петровка,True,0,0,0,0
01,0112,0112057,Полтавська сільська рада,True,0,0,0,0
01,0112,0112059,Правда,True,0,0,0,0
01,0112,0112061,Некрасово,True,0,0,0,0
01,0112,0112063,Сарибашівська сільська рада,True,0,0,0,0
01,0112,0112065,Стахановська сільська рада,True,0,0,0,0
01,0112,0112067,Крыловка,True,0,0,0,0
01,0112,0112069,Сусанінська сільська рада,True,0,0,0,0
01,0112,0112071,Черново,True,0,0,0,0
01,0112,0112073,Янтарненська сільська рада,True,0,0,0,0
01,0114,0114001,Армянск,True,0,0,0,0
01,0114,0114003,Берёзовка,True,0,0,0,0
01,0114,0114005,Ботаническое,True,0,0,0,0
01,0114,0114007,Братское,True,0,0,0,0
01,0114,0114009,Вишнёвка,True,0,0,0,0
01,0114,0114011,Воинка,True,0,0,0,0
01,0114,0114013,Зимино,True,0,0,0,0
01,0114,0114015,Іллінська сільська рада,True,0,0,0,0
01,0114,0114017,Ішунська сільська рада,True,0,0,0,0
01,0114,0114019,Ковильнівська сільська рада,True,0,0,0,0
01,0114,0114021,Красноармейское,True,0,0,0,0
01,0114,0114023,Красноперекопск,True,0,0,0,0
01,0114,0114025,Кукушкінська сільська рада,True,0,0,0,0
01,0114,0114027,Магазинка,True,0,0,0,0
01,0114,0114029,Новопавловка,True,0,0,0,0
01,0114,0114031,Північне,True,0,0,0,0
01,0114,0114033,Орлівська сільська рада,True,0,0,0,0
01,0114,0114035,Почетненська сільська рада,True,0,0,0,0
01,0114,0114039,Ручьи,True,0,0,0,0
01,0114,0114041,Серебрянка,True,0,0,0,0
01,0114,0114043,Славнівська сільська рада,True,0,0,0,0
01,0114,0114045,Славянское,True,0,0,0,0
01,0114,0114047,Рисовое,True,0,0,0,0
01,0114,0114049,Суворово,True,0,0,0,0
01,0114,0114051,Філатівська сільська рада,True,0,0,0,0
01,0114,0114053,Чернишівська сільська рада,True,0,0,0,0
01,0116,0116001,Гвардейское,True,0,0,0,0
01,0116,0116003,Грэсовский,True,0,0,0,0
01,0116,0116005,Доброе,True,0,0,0,0
01,0116,0116007,Дмитрово,True,0,0,0,0
01,0116,0116009,Журавлівська сільська рада,True,0,0,0,0
01,0116,0116011,Кольчугино,True,0,0,0,0
01,0116,0116013,Красновка,True,0,0,0,0
01,0116,0116015,Николаевка,True,0,0,0,0
01,0116,0116017,Мирное,True,0,0,0,0
01,0116,0116019,Молодёжное,True,0,0,0,0
01,0116,0116021,Новоандреевка,True,0,0,0,0
01,0116,0116023,Новоселівська сільська рада,True,0,0,0,0
01,0116,0116025,Первомайское,True,0,0,0,0
01,0116,0116027,Перовська сільська рада,True,0,0,0,0
01,0116,0116029,Пожарское,True,0,0,0,0
01,0116,0116031,Родниково,True,0,0,0,0
01,0116,0116033,Симферополь,True,0,0,0,0
01,0116,0116035,Скворцово,True,0,0,0,0
01,0116,0116037,Трудовое,True,0,0,0,0
01,0116,0116039,Укромное,True,0,0,0,0
01,0116,0116041,Живописное,True,0,0,0,0
01,0116,0116043,Чистенська сільська рада,True,0,0,0,0
01,0116,0116045,Широківська сільська рада,True,0,0,0,0
01,0116,0116047,Школьное,True,0,0,0,0
01,0118,0118001,Абрикосовка,True,0,0,0,0
01,0118,0118003,Степное,True,0,0,0,0
01,0118,0118005,Весёлое,True,0,0,0,0
01,0118,0118007,Владиславовка,True,0,0,0,0
01,0118,0118009,Грушевка,True,0,0,0,0
01,0118,0118011,Дачное,True,0,0,0,0
01,0118,0118013,Дмитровка,True,0,0,0,0
01,0118,0118015,Журавська сільська рада,True,0,0,0,0
01,0118,0118017,Заповітне,True,0,0,0,0
01,0118,0118019,Золотополенська сільська рада,True,0,0,0,0
01,0118,0118021,Іллічівська сільська рада,True,0,0,0,0
01,0118,0118023,Кировское,True,0,0,0,0
01,0118,0118025,Коктебель,True,0,0,0,0
01,0118,0118027,Красногвардейское,True,0,0,0,0
01,0118,0118029,Краснофлотська сільська рада,True,0,0,0,0
01,0118,0118031,Льговська сільська рада,True,0,0,0,0
01,0118,0118033,Междуречье,True,0,0,0,0
01,0118,0118035,Морское,True,0,0,0,0
01,0118,0118037,Пионерское,True,0,0,0,0
01,0118,0118039,Некрасовка,True,0,0,0,0
01,0118,0118041,Новый Свет,True,0,0,0,0
01,0118,0118043,Орджоникидзе,True,0,0,0,0
01,0118,0118045,Партизанська сільська рада,True,0,0,0,0
01,0118,0118047,Первомайское,True,0,0,0,0
01,0118,0118049,Привітне,True,0,0,0,0
01,0118,0118051,Приморский,True,0,0,0,0
01,0118,0118053,Пруды,True,0,0,0,0
01,0118,0118055,Пушкино,True,0,0,0,0
01,0118,0118057,Синицинська сільська рада,True,0,0,0,0
01,0118,0118059,Советский,True,0,0,0,0
01,0118,0118061,Солнечная Долина,True,0,0,0,0
01,0118,0118063,Старый Крым,True,0,0,0,0
01,0118,0118065,Судак,True,0,0,0,0
01,0118,0118067,Токарево,True,0,0,0,0
01,0118,0118071,Феодосия,True,0,0,0,0
01,0118,0118073,Чапаевка,True,0,0,0,0
01,0118,0118075,Демьяновка,True,0,0,0,0
01,0118,0118077,Щебетовка,True,0,0,0,0
01,0118,0118079,Яркополенська сільська рада,True,0,0,0,0
01,0120,0120001,Алупка,True,0,0,0,0
01,0120,0120003,Алушта,True,0,0,0,0
01,0120,0120005,Гаспра,True,0,0,0,0
01,0120,0120007,Гурзуф,True,0,0,0,0
01,0120,0120009,Изобильное,True,0,0,0,0
01,0120,0120011,Кореиз,True,0,0,0,0
01,0120,0120013,Ливадия,True,0,0,0,0
01,0120,0120015,Лучистое,True,0,0,0,0
01,0120,0120017,Виноградное,True,0,0,0,0
01,0120,0120019,Малореченское,True,0,0,0,0
01,0120,0120021,Массандра,True,0,0,0,0
01,0120,0120023,Партенит,True,0,0,0,0
01,0120,0120025,Приветное,True,0,0,0,0
01,0120,0120027,Береговое,True,0,0,0,0
01,0120,0120029,Форос,True,0,0,0,0
01,0120,0120031,Ялта,True,0,0,0,0
05,0502,0502001,Агрономічна сільська громада,False,1,1,0,0
05,0502,0502003,Вінницька міська громада,False,119,78,41,3
05,0502,0502005,Вороновицька селищна громада,False,0,0,0,0
05,0502,0502007,Гніванська міська громада,False,1,1,0,0
05,0502,0502009,Іллінецька міська громада,False,8,8,0,1
05,0502,0502011,Липовецька міська громада,False,9,8,1,1
05,0502,0502013,Літинська селищна громада,False,3,2,1,0
05,0502,0502015,Лука-Мелешківська сільська громада,False,2,2,0,0
05,0502,0502017,Немирівська міська громада,False,2,2,0,0
05,0502,0502019,Оратівська селищна громада,False,3,2,1,0
05,0502,0502021,Погребищенська міська громада,False,2,2,0,0
05,0502,0502023,Стрижавська селищна громада,False,13,11,2,2
05,0502,0502025,Сутисківська селищна громада,False,0,0,0,0
05,0502,0502027,Тиврівська селищна громада,False,19,9,10,0
05,0502,0502029,Турбівська селищна громада,False,13,11,2,1
05,0502,0502031,Якушинецька сільська громада,False,0,0,0,0
05,0504,0504001,Бершадська міська громада,False,1,1,0,0
05,0504,0504003,Гайсинська міська громада,False,3,3,0,0
05,0504,0504005,Дашівська селищна громада,False,0,0,0,0
05,0504,0504007,Джулинська сільська громада,False,1,0,1,0
05,0504,0504009,Краснопільська сільська громада,False,0,0,0,0
05,0504,0504011,Кунківська сільська громада,False,0,0,0,0
05,0504,0504013,Ладижинська міська громада,False,10,9,1,1
05,0504,0504015,Ободівська сільська громада,False,0,0,0,0
05,0504,0504017,Ольгопільська сільська громада,False,0,0,0,0
05,0504,0504019,Райгородська сільська громада,False,0,0,0,0
05,0504,0504021,Соболівська сільська громада,False,0,0,0,0
05,0504,0504023,Теплицька селищна громада,False,2,2,0,0
05,0504,0504025,Тростянецька селищна громада,False,7,6,0,0
05,0504,0504027,Чечельницька селищна громада,False,1,1,0,0
05,0506,0506001,Барська міська громада,False,6,5,1,0
05,0506,0506003,Джуринська сільська громада,False,0,0,0,0
05,0506,0506005,Жмеринська міська громада,False,9,9,0,0
05,0506,0506007,Копайгородська селищна громада,False,0,0,0,0
05,0506,0506009,Мурафська сільська громада,False,1,1,0,0
05,0506,0506011,Северинівська сільська громада,False,2,2,0,0
05,0506,0506013,Станіславчицька сільська громада,False,2,2,0,0
05,0506,0506015,Шаргородська міська громада,False,10,8,2,1
05,0508,0508001,Бабчинецька сільська громада,False,0,0,0,0
05,0508,0508003,Вендичанська селищна громада,False,2,2,0,0
05,0508,0508005,Могилів-Подільська міська громада,False,1,0,1,0
05,0508,0508007,Мурованокуриловецька селищна громада,False,1,1,0,0
05,0508,0508009,Чернівецька селищна громада,False,1,1,0,0
05,0508,0508011,Ямпільська міська громада,False,1,1,0,0
05,0508,0508013,Яришівська сільська громада,False,0,0,0,0
05,0510,0510001,Брацлавська селищна громада,False,1,1,0,0
05,0510,0510003,Вапнярська селищна громада,False,1,1,0,0
05,0510,0510005,Городківська сільська громада,False,1,1,0,0
05,0510,0510007,Крижопільська селищна громада,False,4,4,0,0
05,0510,0510009,Піщанська селищна громада,False,0,0,0,0
05,0510,0510011,Студенянська сільська громада,False,0,0,0,0
05,0510,0510013,Томашпільська селищна громада,False,0,0,0,0
05,0510,0510015,Тульчинська міська громада,False,7,7,0,0
05,0510,0510017,Шпиківська селищна громада,False,1,1,0,0
05,0512,0512001,Глуховецька селищна громада,False,1,1,0,0
05,0512,0512003,Жданівська сільська громада,False,0,0,0,0
05,0512,0512005,Іванівська сільська громада,False,1,1,0,0
05,0512,0512007,Калинівська міська громада,False,2,2,0,2
05,0512,0512009,Козятинська міська громада,False,29,17,12,0
05,0512,0512011,Махнівська сільська громада,False,0,0,0,0
05,0512,0512013,Самгородоцька сільська громада,False,0,0,0,0
05,0512,0512015,Уланівська сільська громада,False,3,3,0,0
05,0512,0512017,Хмільницька міська громада,False,13,2,11,0
07,0702,0702001,Володимирська міська територіальна громада,False,16,11,1,1
07,0702,0702003,Затурцівська сільська громада,False,2,1,1,0
07,0702,0702005,Зимнівська сільська громада,False,7,7,0,0
07,0702,0702007,Іваничівська селищна громада,False,5,5,0,0
07,0702,0702009,Литовезька сільська громада,False,3,3,0,0
07,0702,0702011,Локачинська селищна громада,False,0,0,0,0
07,0702,0702013,Нововолинська міська громада,False,19,18,1,1
07,0702,0702015,Оваднівська сільська громада,False,1,1,0,0
07,0702,0702017,Павлівська сільська громада,False,1,1,0,0
07,0702,0702019,Поромівська сільська громада,False,2,2,0,0
07,0702,0702021,Устилузька міська громада,False,0,0,0,0
07,0704,0704001,Камінь-Каширська міська громада,False,4,4,0,0
07,0704,0704003,Любешівська селищна громада,False,5,0,0,0
07,0704,0704005,Маневицька селищна громада,False,7,6,1,1
07,0704,0704007,Прилісненська сільська громада,False,1,1,0,0
07,0704,0704009,Сошичненська сільська громада,False,3,3,0,0
07,0706,0706001,Велимченська сільська громада,False,0,0,0,0
07,0706,0706003,Велицька сільська громада,False,0,0,0,0
07,0706,0706005,Вишнівська сільська громада,False,4,4,0,1
07,0706,0706007,Голобська селищна громада,False,0,0,0,0
07,0706,0706009,Головненська селищна громада,False,1,1,0,2
07,0706,0706011,Дубечненська сільська громада,False,1,1,0,0
07,0706,0706013,Дубівська сільська громада,False,8,8,0,1
07,0706,0706015,Заболоттівська селищна громада,False,0,0,0,0
07,0706,0706017,Забродівська сільська громада,False,1,1,0,0
07,0706,0706019,Ковельська міська громада,False,18,15,3,0
07,0706,0706021,Колодяжненська сільська громада,False,0,0,0,0
07,0706,0706023,Луківська селищна громада,False,2,2,0,0
07,0706,0706025,Люблинецька селищна громада,False,3,3,0,0
07,0706,0706027,Любомльська міська громада,False,3,3,0,0
07,0706,0706029,Поворська сільська громада,False,5,5,0,0
07,0706,0706031,Ратнівська селищна громада,False,10,10,0,0
07,0706,0706033,Рівненська сільська громада,False,0,0,0,0
07,0706,0706035,Самарівська сільська громада,False,0,0,0,0
07,0706,0706037,Сереховичівська сільська громада,False,0,0,0,0
07,0706,0706039,Смідинська сільська громада,False,1,1,0,0
07,0706,0706041,Старовижівська селищна громада,False,0,0,0,0
07,0706,0706043,Турійська селищна громада,False,0,0,0,0
07,0706,0706045,Шацька селищна громада,False,7,4,0,2
07,0708,0708001,Берестечківська міська громада,False,1,1,0,0
07,0708,0708003,Боратинська сільська громада,False,5,4,1,2
07,0708,0708005,Городищенська сільська громада,False,2,2,0,0
07,0708,0708007,Горохівська міська громада,False,1,1,0,0
07,0708,0708009,Доросинівська сільська громада,False,0,0,0,0
07,0708,0708011,Ківерцівська міська громада,False,2,1,1,0
07,0708,0708013,Колківська селищна громада,False,4,4,0,0
07,0708,0708015,Копачівська сільська громада,False,4,4,0,0
07,0708,0708017,Луцька міська громада,False,33,15,18,0
07,0708,0708019,Мар'янівська селищна громада,False,3,2,1,0
07,0708,0708021,Олицька селищна громада,False,3,3,0,0
07,0708,0708023,Підгайцівська сільська громада,False,2,1,1,1
07,0708,0708025,Рожищенська міська громада,False,3,3,0,1
07,0708,0708027,Торчинська селищна громада,False,1,1,0,0
07,0708,0708029,Цуманська селищна громада,False,1,1,0,0
12,1202,1202001,Дніпровська міська громада,False,67,66,1,7
12,1202,1202003,Китайгородська сільська громада,False,0,0,0,0
12,1202,1202005,Любимівська сільська громада,False,3,3,0,0
12,1202,1202007,Ляшківська сільська громада,False,2,2,0,0
12,1202,1202009,Миколаївська сільська громада,False,4,4,0,0
12,1202,1202011,Могилівська сільська громада,False,1,1,0,0
12,1202,1202013,Новоолександрівська сільська громада,False,4,4,0,0
12,1202,1202015,Новопокровська селищна громада,False,3,3,0,0
12,1202,1202017,Обухівська селищна громада,False,0,0,0,0
12,1202,1202019,Петриківська селищна громада,False,9,6,3,0
12,1202,1202021,Підгородненська міська громада,False,16,16,0,4
12,1202,1202023,Святовасилівська сільська громада,False,1,1,0,0
12,1202,1202025,Слобожанська селищна громада,False,23,22,1,0
12,1202,1202027,Солонянська селищна громада,False,40,10,21,0
12,1202,1202029,Сурсько-Литовська сільська громада,False,0,0,0,0
12,1202,1202031,Царичанська селищна громада,False,11,9,2,0
12,1202,1202033,Чумаківська сільська громада,False,16,15,1,1
12,1204,1204001,Божедарівська селищна громада,False,4,4,0,0
12,1204,1204003,Верхівцівська міська громада,False,11,7,4,0
12,1204,1204005,Верхньодніпровська міська громада,False,10,9,1,1
12,1204,1204007,Вишневе,False,0,0,0,0
12,1204,1204009,Вільногірська міська громада,False,14,7,7,1
12,1204,1204011,Жовтоводська міська громада,False,7,7,0,0
12,1204,1204013,Затишнянська сільська громада,False,4,3,1,0
12,1204,1204015,Кам'янська міська громада,False,30,30,0,4
12,1204,1204017,Криничанська селищна громада,False,13,6,7,0
12,1204,1204019,Лихівська селищна громада,False,0,0,0,0
12,1204,1204021,П'ятихатська міська громада,False,27,24,3,0
12,1204,1204023,Саксаганська сільська громада,False,9,8,1,0
12,1206,1206001,Апостолівська міська громада,False,0,0,0,0
12,1206,1206003,Вакулівська сільська громада,False,1,1,0,0
12,1206,1206005,Глеюватська сільська громада,False,3,3,0,0
12,1206,1206007,Гречаноподівська сільська громада,False,13,13,0,5
12,1206,1206009,Грушівська сільська громада,False,1,1,0,0
12,1206,1206011,Девладівська сільська громада,False,3,3,0,0
12,1206,1206013,Зеленодольська міська громада,False,18,14,4,0
12,1206,1206015,Карпівська сільська громада,False,5,5,0,0
12,1206,1206017,Криворізька міська громада,False,66,36,30,1
12,1206,1206019,Лозуватська сільська громада,False,4,3,1,0
12,1206,1206021,Нивотрудівська сільська громада,False,5,3,2,0
12,1206,1206023,Новолатівська сільська громада,False,1,1,0,0
12,1206,1206025,Новопільська сільська громада,False,0,0,0,0
12,1206,1206027,Софіївська селищна громада,False,4,4,0,2
12,1206,1206029,Широківська селищна громада,False,2,2,0,4
12,1208,1208001,Марганецька міська громада,True,11,11,0,0
12,1208,1208003,Мирівська сільська громада,True,0,0,0,0
12,1208,1208005,Нікопольська міська громада,True,37,22,15,0
12,1208,1208007,Першотравневська сільська громада,False,1,1,0,0
12,1208,1208009,Покровська міська громада,False,15,15,0,1
12,1208,1208011,Покровська сільська громада,True,3,3,0,1
12,1208,1208013,Томаківська селищна громада,False,3,2,0,1
12,1208,1208015,Червоногригорівська селищна громада,False,5,4,1,0
12,1210,1210001,Губиниська селищна громада,False,5,3,2,0
12,1210,1210003,Личківська сільська громада,False,0,0,0,0
12,1210,1210005,Магдалинівська селищна громада,False,7,3,4,0
12,1210,1210007,Самарівська міська громада,False,100,75,25,1
12,1210,1210009,Перещепинська міська громада,False,14,13,1,0
12,1210,1210011,Піщанська сільська громада,False,0,0,0,0
12,1210,1210013,Черкаська селищна громада,False,1,1,0,0
12,1210,1210015,Чернеччинська сільська громада,False,0,0,0,0
12,1212,1212001,Богданівська сільська об'єднана територіальна громада,False,2,2,0,0
12,1212,1212003,Вербківська сільська громада,False,2,1,1,0
12,1212,1212005,Межиріцька сільська громада,False,0,0,0,0
12,1212,1212007,Павлоградська міська громада,False,12,12,0,1
12,1212,1212009,Тернівка,False,7,3,4,0
12,1212,1212011,Троїцька сільська громада,False,5,4,1,0
12,1212,1212013,Юр’ївка,False,1,0,1,0
12,1214,1214001,Брагинівська сільська рада,False,1,1,0,0
12,1214,1214003,Васильківська селищна громада,False,8,6,1,0
12,1214,1214005,Великомихайлівська сільська громада,False,1,1,0,0
12,1214,1214007,Миколаївська сільська рада,False,17,6,9,0
12,1214,1214009,Зайцеве,False,0,0,0,0
12,1214,1214011,Іларіонове,False,6,6,0,0
12,1214,1214013,Маломихайлівська сільська територіальна громада,False,0,0,0,0
12,1214,1214015,Межівська селищна територіальна громада,False,10,4,6,0
12,1214,1214017,Миколаївська сільська громада,False,3,3,0,1
12,1214,1214019,Новопавлівська сільська рада,False,0,0,0,0
12,1214,1214021,Першотравенська міська громада,False,3,3,0,0
12,1214,1214023,Петропавлівка,False,5,5,0,1
12,1214,1214025,Покровська селищна територіальна громада,False,18,13,5,0
12,1214,1214027,Раївка,False,3,2,1,0
12,1214,1214029,Роздори,False,0,0,0,0
12,1214,1214031,Синельниківська міська громада,False,2,2,0,0
12,1214,1214033,Славгород,False,2,2,0,0
12,1214,1214035,Слов'янська сільська рада,False,0,0,0,0
12,1214,1214037,Українська сільська громада,False,0,0,0,0
14,1402,1402001,Бахмутська міська громада,True,0,0,0,0
14,1402,1402003,Званівська сільська громада,True,0,0,0,0
14,1402,1402005,Світлодарська міська громада,True,0,0,0,0
14,1402,1402007,Сіверська міська громада,True,0,0,0,0
14,1402,1402009,Соледарська міська громада,True,0,0,0,0
14,1402,1402011,Торецька міська громада,True,0,0,0,0
14,1402,1402013,Часовоярська міська громада,True,0,0,0,0
14,1404,1404001,Великоновосілківська селищна громада,True,0,0,0,0
14,1404,1404003,Волноваська міська громада,True,0,0,0,0
14,1404,1404005,Вугледарська міська громада,True,0,0,0,0
14,1404,1404007,Комарська сільська громада,True,0,0,0,0
14,1404,1404009,Мирненська селищна громада,True,0,0,0,0
14,1404,1404011,Ольгинська селищна громада,True,0,0,0,0
14,1404,1404013,Старомлинівська сільська громада,True,0,0,0,0
14,1404,1404015,Хлібодарівська сільська громада,True,0,0,0,0
14,1406,1406001,Вуглегірська міська громада,True,0,0,0,0
14,1406,1406003,Горлівська міська громада,True,0,0,0,0
14,1406,1406005,Дебальцівська міська громада,True,0,0,0,0
14,1406,1406007,Єнакієвська міська громада,True,0,0,0,0
14,1406,1406009,Жданівська міська громада,True,0,0,0,0
14,1406,1406011,Сніжнянська міська громада,True,0,0,0,0
14,1406,1406013,Хрестівська міська громада,True,0,0,0,0
14,1406,1406015,Чистяківська міська громада,True,0,0,0,0
14,1406,1406017,Шахтарська міська громада,True,0,0,0,0
14,1408,1408001,Амвросіївка,True,0,0,0,0
14,1408,1408003,Донецька міська громада,True,0,0,0,0
14,1408,1408005,Іловайськ,True,0,0,0,0
14,1408,1408007,Макіївська міська громада,True,0,0,0,0
14,1408,1408009,Харцизьк,True,0,0,0,0
14,1408,1408011,Ясинувата,True,0,0,0,0
14,1410,1410001,Бойківське,True,0,0,0,0
14,1410,1410003,Докучаєвськ,True,0,0,0,0
14,1410,1410005,Кальміуське,True,0,0,0,0
14,1410,1410007,Новоазовськ,True,0,0,0,0
14,1410,1410009,Старобешеве,True,0,0,0,0
14,1412,1412001,Андріївська сільська громада,False,0,0,0,0
14,1412,1412003,Дружківська міська громада,False,10,5,5,0
14,1412,1412005,Іллінівська сільська громада,True,0,0,0,0
14,1412,1412007,Костянтинівська міська громада,True,0,0,0,0
14,1412,1412009,Краматорська міська громада,False,85,45,40,0
14,1412,1412011,Лиманська міська громада,False,0,0,0,0
14,1412,1412013,Миколаївська міська громада,False,5,4,1,0
14,1412,1412015,Новодонецька селищна громада,False,0,0,0,0
14,1412,1412017,Олександрівська селищна громада,False,0,0,0,0
14,1412,1412019,Святогірська міська громада,False,3,1,2,0
14,1412,1412021,Слов'янська міська громада,False,4,3,1,0
14,1412,1412023,Черкаська селищна громада,False,1,1,0,1
14,1414,1414001,Кальчицька сільська громада,True,0,0,0,0
14,1414,1414003,Мангуська селищна громада,True,0,0,0,0
14,1414,1414005,Маріупольська міська громада,True,0,0,0,0
14,1414,1414007,Микільська селищна громада,True,0,0,0,0
14,1414,1414009,Сартанська селищна громада,True,0,0,0,0
14,1416,1416001,Авдіївська міська громада,True,0,0,0,0
14,1416,1416003,Білозерська міська громада,False,0,0,0,0
14,1416,1416005,Гродівська селищна громада,True,0,0,0,0
14,1416,1416007,Добропільська міська громада,True,3,0,3,1
14,1416,1416009,Криворізька сільська громада,True,1,0,0,0
14,1416,1416011,Курахівська міська громада,True,0,0,0,0
14,1416,1416013,Мар'їнська міська громада,True,0,0,0,0
14,1416,1416015,Мирноградська міська громада,True,2,1,1,0
14,1416,1416017,Новогродівська міська громада,True,0,0,0,0
14,1416,1416019,Очеретинська селищна громада,True,0,0,0,0
14,1416,1416021,Покровська міська громада,True,7,3,4,0
14,1416,1416023,Селидівська міська громада,True,4,2,2,0
14,1416,1416025,Удачненська селищна громада,True,0,0,0,0
14,1416,1416027,Шахівська сільська громада,True,0,0,0,0
18,1802,1802001,Андрушівська міська громада,False,8,7,1,0
18,1802,1802003,Бердичівська міська громада,False,50,12,38,0
18,1802,1802005,Вчорайшенська сільська громада,False,3,3,0,0
18,1802,1802007,Гришковецька селищна громада,False,3,2,1,0
18,1802,1802009,Краснопільська сільська громада,False,0,0,0,0
18,1802,1802011,Райгородоцька сільська громада,False,5,5,0,0
18,1802,1802013,Ружинська селищна громада,False,8,8,0,0
18,1802,1802015,Семенівська сільська громада,False,0,0,0,0
18,1802,1802017,Червоненська селищна громада,False,3,2,1,0
18,1802,1802019,Швайківська сільська громада,False,0,0,0,0
18,1804,1804001,Андрушківська сільська громада,False,2,2,0,0
18,1804,1804003,Березівська сільська громада,False,1,1,0,0
18,1804,1804005,Брусилівська селищна громада,False,6,2,4,0
18,1804,1804007,Високівська сільська громада,False,1,1,0,0
18,1804,1804009,Вишевицька сільська громада,False,0,0,0,0
18,1804,1804011,Вільшанська сільська громада,False,0,0,0,0
18,1804,1804013,Волицька сільська громада,False,0,0,0,0
18,1804,1804015,Глибочицька сільська громада,False,2,2,0,0
18,1804,1804017,Городоцька селищна громада,False,2,2,0,0
18,1804,1804019,Житомирська міська громада,False,72,52,19,10
18,1804,1804021,Квітнева сільська громада,False,0,0,0,0
18,1804,1804023,Корнинська селищна громада,False,0,0,0,0
18,1804,1804025,Коростишівська міська громада,False,6,6,0,0
18,1804,1804027,Курненська сільська громада,False,1,1,0,0
18,1804,1804029,Любарська селищна громада,False,0,0,0,0
18,1804,1804031,Миропільська селищна громада,False,4,2,2,0
18,1804,1804033,Новоборівська селищна громада,False,2,2,0,0
18,1804,1804035,Новогуйвинська селищна громада,False,3,3,0,0
18,1804,1804037,Оліївська сільська громада,False,0,0,0,0
18,1804,1804039,Попільнянська селищна громада,False,0,0,0,0
18,1804,1804041,Потіївська сільська громада,False,0,0,0,0
18,1804,1804043,Пулинська селищна громада,False,2,2,0,1
18,1804,1804045,Радомишльська міська громада,False,2,2,0,0
18,1804,1804047,Романівська селищна громада,False,6,5,1,0
18,1804,1804049,Станишівська територіальна громада,False,4,4,0,0
18,1804,1804051,Старосілецька сільська громада,False,0,0,0,0
18,1804,1804053,Тетерівська сільська громада,False,1,1,0,0
18,1804,1804055,Харитонівська сільська громада,False,0,0,0,0
18,1804,1804057,Хорошівська селищна громада,False,2,2,0,0
18,1804,1804059,Черняхівська селищна громада,False,2,2,0,0
18,1804,1804061,Чуднівська міська громада,False,5,3,2,0
18,1806,1806001,Білокоровицька сільська громада,False,0,0,0,0
18,1806,1806003,Гладковицька сільська громада,False,2,2,0,0
18,1806,1806005,Горщиківська сільська громада,False,1,1,0,0
18,1806,1806007,Іршанська селищна громада,False,3,3,0,0
18,1806,1806009,Коростенська міська громада,False,24,11,13,0
18,1806,1806011,Лугинська селищна громада,False,2,0,2,0
18,1806,1806013,Малинська міська громада,False,8,7,1,4
18,1806,1806015,Народицька селищна громада,False,0,0,0,0
18,1806,1806017,Овруцька міська громада,False,11,10,1,5
18,1806,1806019,Олевська міська громада,False,2,1,1,0
18,1806,1806021,Словечанська сільська громада,False,1,0,1,0
18,1806,1806023,Ушомирська сільська громада,False,5,5,0,1
18,1806,1806025,Чоповицька селищна громада,False,2,1,1,0
18,1808,1808001,Баранівська міська громада,False,3,0,3,0
18,1808,1808003,Барашівська сільська громада,False,0,0,0,0
18,1808,1808005,Брониківська сільська громада,False,3,3,0,0
18,1808,1808007,Городницька селищна громада,False,1,1,0,0
18,1808,1808009,Довбиська селищна громада,False,0,0,0,0
18,1808,1808011,Дубрівська сільська громада,False,4,3,1,0
18,1808,1808013,Ємільчинська селищна громада,False,1,1,0,0
18,1808,1808015,Звягельська міська громада,False,55,39,16,1
18,1808,1808017,Піщівська сільська громада,False,0,0,0,0
18,1808,1808019,Стриївська сільська громада,False,0,0,0,0
18,1808,1808021,Чижівська сільська громада,False,0,0,0,0
18,1808,1808023,Ярунська територіальна громада,False,2,2,0,0
21,2102,2102001,Батівська селищна громада,False,4,4,0,0
21,2102,2102003,Берегівська міська громада,False,2,2,0,0
21,2102,2102005,Великоберезька сільська громада,False,1,1,0,0
21,2102,2102007,Великобийганська сільська громада,False,0,0,0,0
21,2102,2102009,Вилоцька селищна громада,False,0,0,0,0
21,2102,2102011,Виноградівська міська громада,False,1,1,0,0
21,2102,2102013,Кам'янська сільська громада,False,6,3,3,0
21,2102,2102015,Королівська селищна громада,False,0,0,0,0
21,2102,2102017,Косоньська сільська громада,False,0,0,0,0
21,2102,2102019,Пийтерфолвівська сільська громада,False,0,0,0,0
21,2104,2104001,Великолучківська сільська громада,False,0,0,0,0
21,2104,2104003,Верхньокоропецька сільська громада,False,0,0,0,0
21,2104,2104005,Воловецька селищна громада,False,9,7,2,0
21,2104,2104007,Горондівська сільська громада,False,0,0,0,0
21,2104,2104009,Жденіївська селищна громада,False,0,0,0,0
21,2104,2104011,Івановецька сільська громада,False,0,0,0,0
21,2104,2104013,Кольчинська селищна громада,False,1,1,0,0
21,2104,2104015,Мукачівська міська громада,False,48,43,5,3
21,2104,2104017,Неліпинська сільська громада,False,0,0,0,0
21,2104,2104019,Нижньоворітська сільська громада,False,4,4,0,0
21,2104,2104021,Полянська сільська громада,False,4,3,1,0
21,2104,2104023,Свалявська міська громада,False,7,6,1,0
21,2104,2104025,Чинадіївська селищна громада,False,0,0,0,0
21,2106,2106001,Богданська сільська громада,False,2,1,1,0
21,2106,2106003,Великобичківська селищна громада,False,5,5,0,0
21,2106,2106005,Рахівська міська громада,False,2,2,0,0
21,2106,2106007,Ясінянська селищна громада,False,23,20,2,0
21,2108,2108001,Бедевлянська сільська громада,False,1,0,1,0
21,2108,2108003,Буштинська селищна громада,False,0,0,0,0
21,2108,2108005,Вільховецька сільська громада,False,6,5,1,2
21,2108,2108007,Дубівська селищна громада,False,20,9,11,0
21,2108,2108009,Нересницька сільська громада,False,0,0,0,0
21,2108,2108011,Солотвинська селищна громада,False,3,1,2,0
21,2108,2108013,Тересвянська селищна громада,False,13,13,0,0
21,2108,2108015,Тячівська міська громада,False,6,3,3,2
21,2108,2108017,Углянська сільська громада,False,6,3,3,0
21,2108,2108019,Усть-Чорнянська селищна громада,False,0,0,0,0
21,2110,2110001,Баранинська сільська громада,False,4,4,0,1
21,2110,2110003,Великоберезнянська селищна громада,False,7,3,4,0
21,2110,2110005,Великодобронська сільська громада,False,0,0,0,0
21,2110,2110007,Дубриницько-Малоберезнянська сільська громада,False,9,9,0,0
21,2110,2110009,Костринська сільська громада,False,0,0,0,0
21,2110,2110011,Оноківська сільська громада,False,9,9,0,0
21,2110,2110013,Перечинська міська громада,False,8,7,1,0
21,2110,2110015,Середнянська селищна громада,False,0,0,0,0
21,2110,2110017,Ставненська сільська громада,False,3,3,0,1
21,2110,2110019,Сюртівська сільська громада,False,0,0,0,0
21,2110,2110021,Тур'є-Реметівська сільська громада,False,0,0,0,0
21,2110,2110023,Ужгородська міська громада,False,7,3,4,0
21,2110,2110025,Холмківська сільська громада,False,6,6,0,0
21,2110,2110027,Чопська міська громада,False,5,2,3,0
21,2112,2112001,Білківська сільська громада,False,0,0,0,0
21,2112,2112003,Вишківська селищна громада,False,0,0,0,0
21,2112,2112005,Горінчівська сільська громада,False,5,5,0,0
21,2112,2112007,Довжанська сільська громада,False,3,3,0,0
21,2112,2112009,Драгівська сільська громада,False,7,7,0,1
21,2112,2112011,Зарічанська сільська громада,False,5,4,1,1
21,2112,2112013,Іршавська міська громада,False,19,14,5,0
21,2112,2112015,Керецьківська сільська громада,False,3,3,0,0
21,2112,2112017,Колочавська сільська громада,False,2,1,1,0
21,2112,2112019,Міжгірська селищна громада,False,2,2,0,0
21,2112,2112021,Пилипецька сільська громада,False,4,4,0,0
21,2112,2112023,Синевирська сільська громада,False,1,1,0,0
21,2112,2112025,Хустська міська громада,False,23,22,1,0
23,2302,2302001,Андрівська сільська громада,True,0,0,0,0
23,2302,2302003,Андріївська селищна громада,True,0,0,0,0
23,2302,2302005,Бердянська міська громада,True,0,0,0,0
23,2302,2302007,Берестівська сільська громада,True,0,0,0,0
23,2302,2302009,Коларівська сільська громада,True,0,0,0,0
23,2302,2302011,Осипенківська сільська громада,True,0,0,0,0
23,2302,2302013,Приморська міська громада,True,0,0,0,0
23,2302,2302015,Чернігівська селищна громада,True,2,2,0,0
23,2304,2304001,Благовіщенська сільська громада,True,0,0,0,0
23,2304,2304003,Василівська міська громада,True,0,0,0,0
23,2304,2304005,Великобілозерська сільська громада,True,0,0,0,0
23,2304,2304007,Водянська сільська громада,True,0,0,0,0
23,2304,2304009,Дніпрорудненська міська громада,True,7,2,5,0
23,2304,2304011,Енергодарська міська громада,True,0,0,0,0
23,2304,2304013,Кам'янсько-Дніпровська міська громада,True,0,0,0,0
23,2304,2304015,Малобілозерська сільська громада,True,0,0,0,0
23,2304,2304017,Михайлівська селищна громада,True,0,0,0,0
23,2304,2304019,Роздольська сільська громада,True,0,0,0,0
23,2304,2304021,Степногірська селищна громада,True,0,0,0,0
23,2306,2306001,Біленьківська сільська громада,False,6,6,0,0
23,2306,2306003,Вільнянська міська громада,False,9,7,0,0
23,2306,2306005,Долинська сільська громада,False,3,3,0,1
23,2306,2306007,Запорізька міська громада,False,220,165,52,8
23,2306,2306009,Комишуваська селищна громада,False,3,3,0,1
23,2306,2306011,Кушугумська селищна громада,False,9,9,0,0
23,2306,2306013,Матвіївська сільська громада,False,7,6,1,0
23,2306,2306015,Михайлівська сільська громада,False,19,18,0,0
23,2306,2306017,Михайло-Лукашівська сільська громада,False,4,4,0,0
23,2306,2306019,Новомиколаївська селищна громада,False,1,0,0,0
23,2306,2306021,Новоолександрівська сільська громада,False,1,0,1,0
23,2306,2306023,Павлівська сільська громада,False,3,1,1,0
23,2306,2306025,Петро-Михайлівська сільська громада,False,1,1,0,0
23,2306,2306027,Степненська сільська громада,False,0,0,0,0
23,2306,2306029,Таврійська сільська громада,False,2,2,0,0
23,2306,2306031,Тернуватська селищна громада,True,0,0,0,0
23,2306,2306033,Широківська сільська громада,False,16,13,3,1
23,2308,2308001,Веселівська селищна громада,True,0,0,0,0
23,2308,2308003,Кирилівська селищна громада,True,0,0,0,0
23,2308,2308005,Костянтинівська сільська громада,True,0,0,0,0
23,2308,2308007,Мелітопольська міська громада,True,0,0,0,0
23,2308,2308009,Мирненська селищна громада,True,0,0,0,0
23,2308,2308011,Новенська сільська громада,True,0,0,0,0
23,2308,2308013,Новобогданівська сільська громада,True,0,0,0,0
23,2308,2308015,Нововасилівська селищна громада,True,0,0,0,0
23,2308,2308017,Новоуспенівська сільська громада,True,0,0,0,0
23,2308,2308019,Олександрівська сільська громада,True,0,0,0,0
23,2308,2308021,Плодородненська сільська громада,True,0,0,0,0
23,2308,2308023,Приазовська селищна громада,True,0,0,0,0
23,2308,2308025,Семенівська сільська громада,True,0,0,0,0
23,2308,2308027,Терпіннівська сільська громада,True,0,0,0,0
23,2308,2308029,Чкаловська сільська громада,True,0,0,0,0
23,2308,2308031,Якимівська селищна громада,True,0,0,0,0
23,2310,2310001,Більмацька селищна громада,True,0,0,0,0
23,2310,2310003,Воздвижівська сільська громада,True,0,0,0,0
23,2310,2310005,Воскресенська сільська громада,True,0,0,0,0
23,2310,2310007,Гуляйпільська міська громада,True,1,0,1,0
23,2310,2310009,Комиш-Зорянська селищна громада,True,0,0,0,0
23,2310,2310011,Малинівська сільська громада,True,0,0,0,0
23,2310,2310013,Малотокмачанська сільська громада,False,0,0,0,0
23,2310,2310015,Молочанська міська громада,True,0,0,0,0
23,2310,2310017,Оріхівська міська територіальна громада,False,1,0,1,0
23,2310,2310019,Пологівська міська громада,True,3,3,0,0
23,2310,2310021,Преображенська сільська громада,False,1,1,0,0
23,2310,2310023,Розівська селищна громада,True,0,0,0,0
23,2310,2310025,Смирновська сільська громада,True,0,0,0,0
23,2310,2310027,Токмацька міська громада,True,0,0,0,0
23,2310,2310029,Федорівська сільська громада,True,0,0,0,0
26,2602,2602001,Білоберізька сільська громада,False,1,1,0,0
26,2602,2602003,Верховинська селищна громада,False,6,6,0,0
26,2602,2602005,Зеленська сільська громада,False,0,0,0,0
26,2604,2604001,Більшівцівська селищна громада,False,0,0,0,0
26,2604,2604003,Богородчанська селищна громада,False,2,2,0,0
26,2604,2604005,Букачівська селищна громада,False,2,1,1,0
26,2604,2604007,Бурштинська міська громада,False,30,4,26,0
26,2604,2604009,Галицька міська громада,False,4,3,1,1
26,2604,2604011,Дзвиняцька сільська громада,False,0,0,0,0
26,2604,2604013,Дубівці,False,4,4,0,1
26,2604,2604015,Єзупільська селищна громада,False,1,1,0,0
26,2604,2604017,Загвіздянська сільська громада,False,0,0,0,0
26,2604,2604019,Івано-Франківська міська громада,False,37,33,4,0
26,2604,2604021,Лисецька селищна громада,False,5,3,2,0
26,2604,2604023,Обертинська селищна громада,False,11,2,9,0
26,2604,2604025,Олешанська сільська громада,False,0,0,0,0
26,2604,2604027,Рогатинська міська громада,False,8,1,7,1
26,2604,2604029,Солотвинська селищна громада,False,0,0,0,0
26,2604,2604031,Старобогородчанська сільська громада,False,0,0,0,0
26,2604,2604033,Тисменицька міська громада,False,3,3,0,0
26,2604,2604035,Тлумацька міська громада,False,3,3,0,0
26,2604,2604037,Угринівська сільська громада,False,0,0,0,0
26,2604,2604039,Ямницька сільська громада,False,2,2,0,0
26,2606,2606001,Болехівська міська громада,False,2,2,0,0
26,2606,2606003,Брошнів-Осадська селищна громада,False,0,0,0,0
26,2606,2606005,Верхнянська сільська громада,False,0,0,0,0
26,2606,2606007,Вигодська селищна громада,False,2,1,1,0
26,2606,2606009,Витвицька сільська громада,False,0,0,0,0
26,2606,2606011,Войнилівська селищна громада,False,0,0,0,0
26,2606,2606013,Долинська міська громада,False,3,3,0,1
26,2606,2606015,Дубівська сільська громада,False,0,0,0,0
26,2606,2606017,Калуська міська громада,False,23,22,1,0
26,2606,2606019,Новицька сільська громада,False,0,0,0,0
26,2606,2606021,Перегінська селищна громада,False,3,3,0,0
26,2606,2606023,Рожнятівська селищна громада,False,2,1,1,0
26,2606,2606025,Спаська сільська громада,False,2,2,0,0
26,2608,2608001,Гвіздецька селищна громада,False,0,0,0,0
26,2608,2608003,Городенківська міська громада,False,7,2,5,0
26,2608,2608005,Заболотівська селищна громада,False,0,0,0,0
26,2608,2608007,Коломийська міська територіальна громада,False,72,64,8,2
26,2608,2608009,Коршівська сільська громада,False,1,0,1,0
26,2608,2608011,Матеївецька сільська громада,False,0,0,0,0
26,2608,2608013,Нижньовербізька сільська громада,False,0,0,0,0
26,2608,2608015,Отинійська селищна громада,False,0,0,0,0
26,2608,2608017,Печеніжинська селищна громада,False,0,0,0,0
26,2608,2608019,Підгайчиківська сільська громада,False,0,0,0,0
26,2608,2608021,П'ядицька сільська громада,False,4,2,2,0
26,2608,2608023,Снятинська міська громада,False,12,12,0,0
26,2608,2608025,Чернелицька селищна громада,False,0,0,0,0
26,2610,2610001,Косівська міська громада,False,8,4,4,0
26,2610,2610003,Космацька сільська громада,False,0,0,0,0
26,2610,2610005,Кутська селищна громада,False,1,1,0,0
26,2610,2610007,Рожнівська сільська громада,False,6,6,0,0
26,2610,2610009,Яблунівська селищна громада,False,2,2,0,0
26,2612,2612001,Ворохтянська селищна громада,False,0,0,0,0
26,2612,2612003,Делятинська селищна громада,False,4,4,0,0
26,2612,2612005,Ланчинська селищна територіальна громада,False,0,0,0,0
26,2612,2612007,Надвірнянська міська громада,False,11,6,5,0
26,2612,2612009,Пасічнянська сільська громада,False,4,3,1,0
26,2612,2612011,Переріслянська сільська громада,False,2,2,0,0
26,2612,2612013,Поляницька сільська громада,False,1,1,0,0
26,2612,2612015,Яремчанська міська громада,False,5,5,0,0
32,3200,3200000,"Зона відчуження (Прип'ять, Чорнобиль)",False,0,0,0,0
32,3202,3202001,Білоцерківська міська громада,False,23,19,4,3
32,3202,3202003,Володарська селищна громада,False,6,3,3,0
32,3202,3202005,Гребінківська селищна громада,False,3,1,2,0
32,3202,3202007,Ковалівська сільська громада,False,1,1,0,0
32,3202,3202009,Маловільшанська сільська громада,False,5,4,1,0
32,3202,3202011,Медвинська сільська громада,False,3,1,2,0
32,3202,3202013,Рокитнянська селищна громада,False,5,4,1,1
32,3202,3202015,Сквирська міська громада,False,8,7,1,6
32,3202,3202017,Ставищенська селищна громада,False,3,3,0,0
32,3202,3202019,Таращанська міська громада,False,14,12,2,0
32,3202,3202021,Тетіївська міська громада,False,9,1,8,0
32,3202,3202023,Узинська міська громада,False,3,3,0,0
32,3202,3202025,Фурсівська сільська громада,False,3,3,0,0
32,3204,3204001,Бориспільська міська громада,False,54,53,1,4
32,3204,3204003,Вороньківська сільська громада,False,4,4,0,0
32,3204,3204005,Гірська сільська громада,False,12,6,6,0
32,3204,3204007,Дівичківська сільська громада,False,0,0,0,0
32,3204,3204009,Золочівська сільська громада,False,1,1,0,0
32,3204,3204011,Переяславська міська громада,False,35,29,6,0
32,3204,3204013,Пристолична сільська громада,False,6,6,0,0
32,3204,3204015,Студениківська сільська громада,False,4,4,0,0
32,3204,3204017,Ташанська сільська громада,False,2,2,0,0
32,3204,3204019,Циблівська сільська громада,False,1,0,1,0
32,3204,3204021,Яготинська міська громада,False,46,43,3,0
32,3206,3206001,Баришівська селищна громада,False,17,10,7,0
32,3206,3206003,Березанська міська громада,False,67,66,1,3
32,3206,3206005,Броварська міська громада,False,47,41,6,2
32,3206,3206007,Великодимерська селищна громада,False,20,13,7,0
32,3206,3206009,Зазимська сільська громада,False,5,5,0,0
32,3206,3206011,Згурівська селищна громада,False,4,4,0,0
32,3206,3206013,Калинівка,False,4,4,0,0
32,3206,3206015,Калитянська селищна громада,False,11,10,1,0
32,3208,3208001,Білогородська сільська громада,False,14,11,3,0
32,3208,3208003,Бородянська селищна громада,False,63,47,16,4
32,3208,3208005,Борщагівська сільська громада,False,6,3,3,0
32,3208,3208007,Бучанська міська громада,False,148,74,73,0
32,3208,3208009,Вишнева міська громада,False,42,41,1,4
32,3208,3208011,Гостомельська селищна громада,False,52,47,5,4
32,3208,3208013,Дмитрівська сільська громада,False,87,16,71,3
32,3208,3208015,Ірпінська міська громада,False,253,209,40,15
32,3208,3208017,Коцюбинська селищна громада,False,10,7,3,0
32,3208,3208019,Макарівська селищна громада,False,33,29,4,0
32,3208,3208021,Немішаївська селищна громада,False,13,11,2,0
32,3208,3208023,Пісківська селищна громада,False,8,6,2,0
32,3210,3210001,Вишгородська міська громада,False,12,12,0,0
32,3210,3210003,Димерська селищна громада,False,16,11,5,0
32,3210,3210005,Іванківська селищна громада,False,27,10,17,0
32,3210,3210007,Петрівська сільська громада,False,25,14,11,4
32,3210,3210009,Пірнівська сільська громада,False,12,6,2,0
32,3210,3210011,Поліська селищна громада,False,4,4,0,0
32,3210,3210013,Славутицька міська громада,False,31,31,0,6
32,3212,3212001,Богуславська міська громада,False,6,2,4,0
32,3212,3212003,Васильківська міська громада,False,20,17,3,0
32,3212,3212005,Кагарлицька міська громада,False,8,8,0,0
32,3212,3212007,Козинська селищна громада,False,8,8,0,1
32,3212,3212009,Миронівська міська громада,False,7,4,3,2
32,3212,3212011,Обухів,False,12,12,0,0
32,3212,3212013,Ржищівська міська громада,False,4,2,2,0
32,3212,3212015,Українська міська громада,False,7,7,0,2
32,3212,3212017,Феодосіївська сільська громада,False,7,7,0,1
32,3214,3214001,Бишівська сільська громада,False,19,5,14,1
32,3214,3214003,Боярська міська громада,False,33,27,6,0
32,3214,3214005,Гатненська сільська громада,False,12,5,7,0
32,3214,3214007,Глеваська селищна громада,False,8,6,2,0
32,3214,3214009,Калинівська селищна громада,False,9,9,0,0
32,3214,3214011,Кожанська селищна громада,False,5,5,0,0
32,3214,3214013,Томашівська сільська громада,False,16,8,8,0
32,3214,3214015,Фастівська міська громада,False,43,14,29,0
32,3214,3214017,Чабанівська селищна громада,False,13,11,2,0
35,3502,3502001,Благовіщенська міська громада,False,3,3,0,0
35,3502,3502003,Вільшанська селищна громада,False,5,1,4,0
35,3502,3502005,Гайворонська міська громада,False,9,5,4,0
35,3502,3502007,Голованівська селищна громада,False,9,9,0,0
35,3502,3502009,Заваллівська селищна громада,False,1,1,0,0
35,3502,3502011,Надлацька сільська громада,False,4,4,0,0
35,3502,3502013,Новоархангельська селищна громада,False,1,1,0,0
35,3502,3502015,Перегонівська сільська громада,False,5,5,0,0
35,3502,3502017,Підвисоцька сільська громада,False,1,1,0,0
35,3502,3502019,Побузька селищна громада,False,1,1,0,1
35,3504,3504001,Аджамська сільська громада,False,8,5,3,1
35,3504,3504003,Бобринецька міська громада,False,3,2,1,0
35,3504,3504005,Великосеверинівська сільська громада,False,7,7,0,0
35,3504,3504007,Гурівська сільська громада,False,3,3,0,0
35,3504,3504009,Дмитрівська сільська громада,False,6,6,0,1
35,3504,3504011,Долинська міська громада,False,6,4,2,2
35,3504,3504013,Знам'янська міська громада,False,71,46,25,1
35,3504,3504015,Катеринівська сільська громада,False,7,5,2,0
35,3504,3504017,Кетрисанівська сільська громада,False,5,5,0,2
35,3504,3504019,Компаніївська селищна громада,False,5,5,0,0
35,3504,3504021,Кропивницька міська громада,False,110,81,22,3
35,3504,3504023,Новгородківська селищна громада,False,7,7,0,0
35,3504,3504025,Олександрівська селищна громада,False,11,9,2,0
35,3504,3504027,Первозванівська сільська громада,False,0,0,0,0
35,3504,3504029,Соколівська сільська громада,False,2,2,0,0
35,3504,3504031,Суботцівська сільська громада,False,5,1,4,0
35,3504,3504033,Устинівка,False,1,1,0,0
35,3506,3506001,Ганнівська сільська громада,False,1,1,0,0
35,3506,3506003,Глодоська сільська громада,False,4,2,2,0
35,3506,3506005,Добровеличківська селищна громада,False,5,3,2,0
35,3506,3506007,Злинська сільська громада,False,0,0,0,0
35,3506,3506009,Маловисківська міська громада,False,2,2,0,0
35,3506,3506011,Мар'янівська сільська громада,False,0,0,0,0
35,3506,3506013,Новомиргородська міська громада,False,16,7,9,0
35,3506,3506015,Новоукраїнська міська громада,False,13,12,1,3
35,3506,3506017,Піщанобрідська сільська громада,False,2,2,0,0
35,3506,3506019,Помічнянська міська громада,False,8,5,3,0
35,3506,3506021,Рівнянська сільська громада,False,17,17,0,1
35,3506,3506023,Смолінська селищна громада,False,7,6,1,0
35,3506,3506025,Тишківська сільська громада,False,3,3,0,0
35,3508,3508001,Великоандрусівська сільська громада,False,0,0,0,0
35,3508,3508003,Новопразька селищна громада,False,3,3,0,0
35,3508,3508005,Олександрійська міська громада,False,43,20,23,2
35,3508,3508007,Онуфріївська селищна громада,False,28,22,6,0
35,3508,3508009,Пантаївська селищна громада,False,8,7,0,0
35,3508,3508011,Петрівська селищна громада,False,1,1,0,0
35,3508,3508013,Попельнастівська сільська громада,False,5,4,1,1
35,3508,3508015,Приютівська селищна громада,False,7,4,3,0
35,3508,3508017,Світловодська міська громада,False,22,8,14,3
44,4402,4402001,Алчевська міська громада,True,0,0,0,0
44,4402,4402003,Зимогір’я,True,0,0,0,0
44,4402,4402005,Кадіївська міська громада,True,0,0,0,0
44,4404,4404001,Свердловськ,True,0,0,0,0
44,4404,4404003,Сорокинська міська громада,True,0,0,0,0
44,4406,4406001,Луганська міська громада,True,0,0,0,0
44,4406,4406003,Лутугинська міська громада,True,0,0,0,0
44,4406,4406005,Отаманівська міська громада,True,0,0,0,0
44,4408,4408001,Антрацит,True,0,0,0,0
44,4408,4408003,Ровеньки,True,0,0,0,0
44,4408,4408005,Хрустальний,True,0,0,0,0
44,4410,4410001,Білокуракинська селищна громада,True,0,0,0,0
44,4410,4410003,Коломийчиська сільська громада,True,0,0,0,0
44,4410,4410005,Красноріченська селищна громада,True,0,0,0,0
44,4410,4410007,Лозно-Олександрівська селищна громада,True,0,0,0,0
44,4410,4410009,Нижньодуванська селищна громада,True,0,0,0,0
44,4410,4410011,Сватівська міська громада,True,0,0,0,0
44,4410,4410013,Троїцька селищна громада,True,0,0,0,0
44,4412,4412001,Гірська міська громада,True,0,0,0,0
44,4412,4412003,Кремінська міська громада,True,5,3,2,0
44,4412,4412005,Лисичанська міська громада,True,0,0,0,0
44,4412,4412007,Попаснянська міська громада,True,0,0,0,0
44,4412,4412009,Рубіжанська міська громада,True,0,0,0,0
44,4412,4412011,Сіверськодонецька міська громада,True,0,0,0,0
44,4414,4414001,Біловодська селищна громада,True,0,0,0,0
44,4414,4414003,Білолуцька селищна громада,True,0,0,0,0
44,4414,4414005,Марківська селищна громада,True,0,0,0,0
44,4414,4414007,Мілівська селищна громада,True,0,0,0,0
44,4414,4414009,Айдарська селищна територіальна громада,True,0,0,0,0
44,4414,4414011,Старобільська міська громада,True,0,0,0,0
44,4414,4414013,Чмирівська сільська громада,True,0,0,0,0
44,4414,4414015,Шульгинська сільська громада,True,0,0,0,0
44,4416,4416001,Нижньотеплівська сільська громада,True,0,0,0,0
44,4416,4416003,Новоайдарська селищна громада,True,0,0,0,0
44,4416,4416005,Станично-Луганська селищна громада,True,0,0,0,0
44,4416,4416007,Широківська селищна територіальна громада,True,0,0,0,0
44,4416,4416009,Щастинська міська громада,True,0,0,0,0
46,4602,4602001,Бориславська міська громада,False,7,1,6,0
46,4602,4602003,Дрогобицька міська громада,False,34,16,18,2
46,4602,4602005,Меденицька селищна громада,False,3,2,1,0
46,4602,4602007,Східницька селищна громада,False,11,10,1,1
46,4602,4602009,Трускавецька міська громада,False,11,7,4,0
46,4604,4604001,Бродівська міська громада,False,17,17,0,2
46,4604,4604003,Буська міська громада,False,4,3,1,0
46,4604,4604005,Заболотцівська сільська громада,False,0,0,0,0
46,4604,4604007,Золочівська міська громада,False,8,7,1,0
46,4604,4604009,Красненська селищна громада,False,2,2,0,0
46,4604,4604011,Підкамінська селищна громада,False,1,0,1,0
46,4604,4604013,Поморянська селищна громада,False,1,1,0,0
46,4606,4606001,Бібрська міська об'єднана територіальна громада,False,0,0,0,0
46,4606,4606003,Великолюбінська селищна громада,False,1,1,0,0
46,4606,4606005,Глинянська міська громада,False,6,6,0,0
46,4606,4606007,Городок,False,4,4,0,0
46,4606,4606009,Давидівська сільська громада,False,19,18,1,1
46,4606,4606011,Добросинсько-Магерівська сільська громада,False,4,4,0,0
46,4606,4606013,Жовківська міська громада,False,12,3,9,0
46,4606,4606015,Жовтанецька сільська громада,False,6,6,0,0
46,4606,4606017,Зимноводівська сільська громада,False,6,6,0,0
46,4606,4606019,Кам'янка-Бузька міська громада,False,9,9,0,0
46,4606,4606021,Комарно,False,3,2,1,0
46,4606,4606023,Куликівська селищна громада,False,0,0,0,0
46,4606,4606025,Львівська міська громада,False,79,56,23,13
46,4606,4606027,Мурованська сільська громада,False,3,3,0,0
46,4606,4606029,Новояричівська селищна громада,False,10,10,0,1
46,4606,4606031,Оброшинська сільська громада,False,3,3,0,0
46,4606,4606033,Перемишлянська міська громада,False,2,2,0,0
46,4606,4606035,Підберізцівська сільська громада,False,13,12,1,0
46,4606,4606037,Пустомитівська міська громада,False,5,4,1,0
46,4606,4606039,Рава-Руська міська громада,False,5,5,0,0
46,4606,4606041,Сокільницька сільська громада,False,4,4,0,0
46,4606,4606043,Солонківська сільська громада,False,11,11,0,0
46,4606,4606045,Щирецька селищна громада,False,3,3,0,0
46,4608,4608001,Бісковицька сільська громада,False,2,2,0,0
46,4608,4608003,Боринська селищна громада,False,6,6,0,0
46,4608,4608005,Добромильська міська громада,False,2,2,0,0
46,4608,4608007,Новокалинівська міська громада,False,1,1,0,0
46,4608,4608009,Ралівська сільська громада,False,7,5,0,0
46,4608,4608011,Рудківська міська громада,False,2,2,0,0
46,4608,4608013,Самбірська міська громада,False,12,11,1,0
46,4608,4608015,Старосамбірська міська громада,False,6,1,5,0
46,4608,4608017,Стрілківська сільська громада,False,3,3,0,0
46,4608,4608019,Турківська міська громада,False,7,7,0,0
46,4608,4608021,Хирівська міська громада,False,1,1,0,0
46,4610,4610001,Гніздичівська селищна громада,False,1,1,0,0
46,4610,4610003,Грабовецько-Дулібівська сільська громада,False,0,0,0,0
46,4610,4610005,Жидачівська міська громада,False,3,3,0,0
46,4610,4610007,Журавненська селищна громада,False,4,4,0,1
46,4610,4610009,Козівська сільська громада,False,4,4,0,0
46,4610,4610011,Миколаївська міська громада,False,4,4,0,0
46,4610,4610013,Моршинська міська громада,False,5,5,0,0
46,4610,4610015,Новороздільська міська громада,False,8,7,1,0
46,4610,4610017,Розвадівська сільська громада,False,2,2,0,0
46,4610,4610019,Сколівська міська громада,False,12,10,0,0
46,4610,4610021,Славська селищна громада,False,10,10,0,0
46,4610,4610023,Стрийська міська громада,False,14,12,2,0
46,4610,4610025,Тростянецька сільська громада,False,1,1,0,0
46,4610,4610027,Ходорівська міська громада,False,1,1,0,0
46,4612,4612001,Белзька міська громада,False,4,4,0,0
46,4612,4612003,Великомостівська міська громада,False,2,2,0,0
46,4612,4612005,Добротвірська селищна громада,False,7,3,4,0
46,4612,4612007,Лопатинська селищна громада,False,1,1,0,0
46,4612,4612009,Радехівська міська громада,False,5,4,1,0
46,4612,4612011,Сокальська міська громада,False,12,12,0,0
46,4612,4612013,Шептицька міська громада,False,19,15,4,0
46,4614,4614001,Івано-Франківська селищна громада,False,6,5,1,0
46,4614,4614003,Мостиська міська громада,False,7,2,5,0
46,4614,4614005,Новояворівська міська громада,False,22,20,2,1
46,4614,4614007,Судововишнянська міська громада,False,7,6,1,0
46,4614,4614009,Шегинівська сільська громада,False,4,3,1,0
46,4614,4614011,Яворівська міська громада,False,12,12,0,0
48,4802,4802001,Баштанська міська громада,False,12,8,3,0
48,4802,4802003,Березнегуватська селищна громада,False,13,7,4,1
48,4802,4802005,Вільнозапорізька сільська громада,False,1,1,0,0
48,4802,4802007,Володимирівська сільська громада,False,0,0,0,0
48,4802,4802009,Горохівська сільська громада,False,2,0,1,0
48,4802,4802011,Інгульська сільська громада,False,1,1,0,0
48,4802,4802013,Казанківська селищна громада,False,7,5,2,0
48,4802,4802015,Новобузька міська громада,False,7,7,0,0
48,4802,4802017,Привільненська сільська громада,False,0,0,0,0
48,4802,4802019,Снігурівська міська громада,False,15,10,3,0
48,4802,4802021,Софіївська сільська громада,False,3,3,0,0
48,4802,4802023,Широківська селищна громада,False,3,1,0,0
48,4804,4804001,Братська селищна громада,False,2,2,0,0
48,4804,4804003,Бузька сільська громада,False,3,3,0,0
48,4804,4804005,Веселинівська селищна громада,False,1,1,0,0
48,4804,4804007,Вознесенська міська територіальна громада,False,22,11,10,1
48,4804,4804009,Доманівська селищна громада,False,7,5,2,0
48,4804,4804011,Дорошівська сільська громада,False,0,0,0,0
48,4804,4804013,Єланецька селищна громада,False,0,0,0,0
48,4804,4804015,Мостівська сільська громада,False,3,3,0,0
48,4804,4804017,Новомар'ївська сільська громада,False,1,1,0,0
48,4804,4804019,Олександрівка,False,5,4,1,0
48,4804,4804021,Прибужанівська сільська громада,False,0,0,0,0
48,4804,4804023,Прибузька сільська громада,False,3,3,0,0
48,4804,4804025,Південноукраїнська міська громада,False,19,13,6,2
48,4806,4806001,Березанська селищна громада,False,7,2,5,0
48,4806,4806003,Веснянська сільська громада,False,3,3,0,0
48,4806,4806005,Воскресенська селищна територіальна громада,False,5,4,0,0
48,4806,4806007,Галицинівська сільська громада,False,4,3,1,0
48,4806,4806009,Коблівська сільська громада,False,6,6,0,0
48,4806,4806011,Костянтинівська сільська територіальна громада,False,0,0,0,0
48,4806,4806013,Куцурубська сільська громада,False,3,3,0,0
48,4806,4806015,Миколаївська міська територіальна громада,False,213,100,113,2
48,4806,4806017,Мішково-Погорілівська сільська громада,False,1,1,0,0
48,4806,4806019,Нечаянська сільська громада,False,3,2,1,0
48,4806,4806021,Новоодеська міська громада,False,10,9,0,0
48,4806,4806023,Ольшанська селищна громада,False,0,0,0,0
48,4806,4806025,Очаківська міська громада,False,29,29,0,0
48,4806,4806027,Первомайська селищна громада,False,3,1,2,0
48,4806,4806029,Радсадівська сільська громада,False,6,6,0,0
48,4806,4806031,Степівська сільська громада,False,8,8,0,0
48,4806,4806033,Сухоєланецька сільська громада,False,0,0,0,0
48,4806,4806035,Чорноморська сільська громада,False,4,4,0,0
48,4806,4806037,Шевченківська сільська громада,False,16,15,1,0
48,4808,4808001,Арбузинська селищна громада,False,5,5,0,0
48,4808,4808003,Благодатненська сільська громада,False,1,1,0,0
48,4808,4808005,Врадіївська селищна громада,False,9,8,1,1
48,4808,4808007,Кам'яномостівська сільська громада,False,1,1,0,0
48,4808,4808009,Кривоозерська селищна громада,False,1,1,0,0
48,4808,4808011,Мигіївська сільська громада,False,5,5,0,0
48,4808,4808013,Первомайська міська громада,False,26,18,8,3
48,4808,4808015,Синюхинобрідська сільська громада,False,2,2,0,0
51,5102,5102001,Чернівська сільська територіальна громада,False,2,2,0,0
51,5102,5102003,Березівська міська громада,False,6,6,0,0
51,5102,5102005,Великобуялицька сільська громада,False,0,0,0,0
51,5102,5102007,Знам'янська сільська громада,False,1,1,0,0
51,5102,5102009,Іванівська селищна громада,False,1,1,0,0
51,5102,5102011,Коноплянська сільська громада,False,0,0,0,0
51,5102,5102013,Курісівська сільська громада,False,1,1,0,0
51,5102,5102015,Миколаївська селищна громада,False,3,3,0,0
51,5102,5102017,Новокальчівська сільська громада,False,0,0,0,0
51,5102,5102019,Петровірівська сільська громада,False,0,0,0,0
51,5102,5102021,Раухівська селищна громада,False,1,1,0,0
51,5102,5102023,Розквітівська сільська громада,False,0,0,0,0
51,5102,5102025,Старомаяківська сільська громада,False,2,2,0,0
51,5102,5102027,Стрюківська сільська громада,False,2,1,1,0
51,5102,5102029,Чогодарівська сільська громада,False,1,0,1,0
51,5102,5102031,Ширяївська селищна громада,False,0,0,0,0
51,5104,5104001,Білгород-Дністровська міська громада,False,31,25,5,0
51,5104,5104003,Дивізійська сільська громада,False,0,0,0,0
51,5104,5104005,Кароліно-Бугазька сільська громада,False,4,2,2,0
51,5104,5104007,Кулевчанська сільська громада,False,0,0,0,0
51,5104,5104009,Лиманська сільська громада,False,0,0,0,0
51,5104,5104011,Маразліївська сільська громада,False,0,0,0,0
51,5104,5104013,Мологівська сільська громада,False,1,1,0,0
51,5104,5104015,Петропавлівська сільська громада,False,0,0,0,0
51,5104,5104017,Плахтіївська сільська громада,False,0,0,0,0
51,5104,5104019,Саратська селищна громада,False,3,3,0,0
51,5104,5104021,Сергіївська селищна громада,False,15,14,1,1
51,5104,5104023,Старокозацька сільська громада,False,0,0,0,0
51,5104,5104025,Татарбунарська міська громада,False,1,1,0,0
51,5104,5104027,Тузлівська сільська громада,False,0,0,0,0
51,5104,5104029,Успенівська сільська громада,False,0,0,0,0
51,5104,5104031,Шабівська сільська громада,False,13,13,0,1
51,5106,5106001,Арцизька міська громада,False,11,11,0,1
51,5106,5106003,Болградська міська громада,False,8,6,2,1
51,5106,5106005,Буджацька селищна територіальна громада,False,0,0,0,0
51,5106,5106007,Василівська сільська громада,False,3,3,0,0
51,5106,5106009,Городненська сільська громада,False,0,0,0,0
51,5106,5106011,Криничненська сільська громада,False,2,1,0,0
51,5106,5106013,Кубейська сільська громада,False,2,2,0,0
51,5106,5106015,Павлівська сільська громада,False,3,3,0,0
51,5106,5106017,Бессарабська селищна територіальна громада,False,0,0,0,0
51,5106,5106019,Теплицька сільська громада,False,3,3,0,0
51,5108,5108001,Вилківська міська громада,False,2,1,1,0
51,5108,5108003,Ізмаїльська міська громада,False,3,3,0,0
51,5108,5108005,Кілійська міська громада,False,7,7,0,0
51,5108,5108007,Ренійська міська громада,False,8,7,1,0
51,5108,5108009,Саф'янівська сільська громада,False,5,4,1,0
51,5108,5108011,Катлабузька селищна територіальна громада,False,7,6,1,0
51,5110,5110001,Авангардівська селищна громада,False,16,14,2,0
51,5110,5110003,Біляївська міська громада,False,12,12,0,0
51,5110,5110005,Великодальницька сільська громада,False,1,1,0,0
51,5110,5110007,Великодолинська селищна громада,False,8,8,0,1
51,5110,5110009,Вигодянська сільська громада,False,8,8,0,1
51,5110,5110011,Визирська сільська громада,False,4,3,0,0
51,5110,5110013,Дальницька сільська громада,False,3,3,0,0
51,5110,5110015,Дачненська сільська громада,False,6,6,0,0
51,5110,5110017,Доброславська селищна громада,False,35,28,7,0
51,5110,5110019,Красносільська сільська громада,False,14,10,3,1
51,5110,5110021,Маяківська сільська громада,False,8,8,0,0
51,5110,5110023,Нерубайська сільська громада,False,1,1,0,0
51,5110,5110025,Овідіопольська селищна громада,False,0,0,0,0
51,5110,5110027,Одеська міська громада,False,252,212,40,0
51,5110,5110029,Таїрівська селищна громада,False,25,21,0,4
51,5110,5110031,Теплодарська міська громада,False,42,42,0,0
51,5110,5110033,Усатівська сільська громада,False,8,8,0,0
51,5110,5110035,Фонтанська сільська громада,False,11,11,0,4
51,5110,5110037,Чорноморська міська громада,False,38,31,7,0
51,5110,5110039,Чорноморське,False,7,5,2,0
51,5110,5110041,Південнівська міська громада,False,9,9,0,0
51,5110,5110043,Яськівська сільська громада,False,2,2,0,0
51,5112,5112001,Ананьївська міська громада,False,0,0,0,0
51,5112,5112003,Балтська міська громада,False,7,5,2,0
51,5112,5112005,Долинська сільська громада,False,0,0,0,0
51,5112,5112007,Зеленогірська селищна громада,False,2,2,0,0
51,5112,5112009,Кодимська міська громада,False,5,5,0,0
51,5112,5112011,Куяльницька сільська громада,False,15,11,4,1
51,5112,5112013,Любашівська селищна громада,False,8,3,5,0
51,5112,5112015,Окнянська селищна громада,False,7,3,4,1
51,5112,5112017,Піщанська сільська громада,False,0,0,0,0
51,5112,5112019,Подільська міська громада,False,12,11,0,4
51,5112,5112021,Савранська селищна громада,False,1,1,0,0
51,5112,5112023,Слобідська селищна громада,False,0,0,0,0
51,5114,5114001,Великомихайлівська селищна громада,False,1,1,0,0
51,5114,5114003,Великоплоске,False,0,0,0,0
51,5114,5114005,Затишанська селищна громада,False,0,0,0,0
51,5114,5114007,Захарівська селищна громада,False,0,0,0,0
51,5114,5114009,Лиманська селищна громада,False,3,1,2,0
51,5114,5114011,Новоборисівська сільська громада,False,1,1,0,0
51,5114,5114013,Роздільнянська міська громада,False,8,8,0,0
51,5114,5114015,Степанівська сільська громада,False,1,1,0,0
51,5114,5114017,Цебриківська селищна громада,False,0,0,0,0
53,5302,5302001,Глобинська міська громада,False,4,4,0,0
53,5302,5302003,Горішньоплавнівська міська громада,False,4,3,1,0
53,5302,5302005,Градизька селищна громада,False,8,4,4,0
53,5302,5302007,Кам'янопотоківська сільська громада,False,1,0,1,0
53,5302,5302009,Козельщинська селищна громада,False,0,0,0,0
53,5302,5302011,Кременчуцька міська громада,False,28,22,6,3
53,5302,5302013,Новогалещинська селищна громада,False,0,0,0,0
53,5302,5302015,Оболонська сільська громада,False,0,0,0,0
53,5302,5302017,Омельницька сільська громада,False,1,1,0,0
53,5302,5302019,Піщанська сільська громада,False,2,2,0,0
53,5302,5302021,Пришибська сільська громада,False,7,4,3,0
53,5302,5302023,Семенівська селищна громада,False,1,1,0,0
53,5304,5304001,Гребінківська міська громада,False,0,0,0,0
53,5304,5304003,Лубенська міська громада,False,15,14,1,0
53,5304,5304005,Новооржицька селищна громада,False,2,0,2,0
53,5304,5304007,Оржицька селищна громада,False,11,11,0,4
53,5304,5304009,Пирятинська міська громада,False,6,2,4,0
53,5304,5304011,Хорольська міська громада,False,7,5,2,1
53,5304,5304013,Чорнухинська селищна громада,False,0,0,0,0
53,5306,5306001,Білоцерківська сільська громада,False,0,0,0,0
53,5306,5306003,Великобагачанська селищна громада,False,4,4,0,0
53,5306,5306005,Великобудищанська сільська громада,False,4,2,2,0
53,5306,5306007,Великосорочинська сільська громада,False,2,2,0,0
53,5306,5306009,Гадяцька міська громада,False,3,3,0,1
53,5306,5306011,Гоголівська селищна громада,False,5,5,0,0
53,5306,5306013,Заводська міська громада,False,1,1,0,1
53,5306,5306015,Комишнянська селищна громада,False,0,0,0,0
53,5306,5306017,Краснолуцька сільська громада,False,0,0,0,0
53,5306,5306019,Лохвицька міська громада,False,1,1,0,0
53,5306,5306021,Лютенська сільська громада,False,1,1,0,0
53,5306,5306023,Миргородська міська громада,False,47,32,11,1
53,5306,5306025,Петрівсько-Роменська сільська громада,False,1,1,0,1
53,5306,5306027,Ромоданівська селищна громада,False,0,0,0,0
53,5306,5306029,Сенчанська сільська громада,False,1,1,0,0
53,5306,5306031,Сергіївська сільська громада,False,4,4,0,0
53,5306,5306033,Шишацька селищна громада,False,2,2,0,0
53,5308,5308001,Білицька селищна громада,False,3,3,0,0
53,5308,5308003,Великорублівська сільська громада,False,4,3,1,0
53,5308,5308005,Диканська селищна громада,False,5,5,0,1
53,5308,5308007,Драбинівська сільська громада,False,2,2,0,0
53,5308,5308009,Зіньківська міська громада,False,5,4,1,1
53,5308,5308011,Карлівська міська громада,False,1,1,0,0
53,5308,5308013,Кобеляцька міська громада,False,2,2,0,0
53,5308,5308015,Коломацька сільська громада,False,1,1,0,0
53,5308,5308017,Котелевська селищна громада,False,9,4,5,0
53,5308,5308019,Ланнівська селищна громада,False,0,0,0,0
53,5308,5308021,Мартинівська сільська громада,False,2,2,0,0
53,5308,5308023,Мачухівська сільська громада,False,12,1,11,3
53,5308,5308025,Машівська селищна громада,False,0,0,0,0
53,5308,5308027,Михайлівська сільська громада,False,0,0,0,0
53,5308,5308029,Нехворощанська сільська громада,False,4,1,3,2
53,5308,5308031,Новосанжарська селищна громада,False,8,7,1,0
53,5308,5308033,Новоселівська сільська громада,False,1,1,0,0
53,5308,5308035,Опішнянська селищна громада,False,6,5,1,0
53,5308,5308037,Полтавська міська громада,False,45,41,4,2
53,5308,5308039,Решетилівська міська громада,False,6,5,1,0
53,5308,5308041,Скороходівська селищна громада,False,13,13,0,0
53,5308,5308043,Терешківська сільська громада,False,24,15,9,0
53,5308,5308045,Чутівська територіальна громада,False,1,1,0,0
53,5308,5308047,Щербанівська сільська громада,False,1,1,0,0
56,5602,5602001,Антонівська сільська громада,False,1,0,1,0
56,5602,5602003,Вараська міська громада,False,22,20,2,1
56,5602,5602005,Володимирецька селищна громада,False,2,2,0,0
56,5602,5602007,Зарічненська селищна громада,False,1,0,1,0
56,5602,5602009,Каноницька сільська громада,False,3,3,0,1
56,5602,5602011,Локницька сільська громада,False,0,0,0,0
56,5602,5602013,Полицька сільська громада,False,2,2,0,0
56,5602,5602015,Рафалівська селищна громада,False,0,0,0,0
56,5604,5604001,Бокіймівська сільська громада,False,0,0,0,0
56,5604,5604003,Боремельська сільська громада,False,0,0,0,0
56,5604,5604005,Варковицька сільська громада,False,0,0,0,0
56,5604,5604007,Вербська сільська громада,False,0,0,0,0
56,5604,5604009,Демидівська селищна громада,False,2,2,0,1
56,5604,5604011,Дубенська міська громада,False,12,11,1,2
56,5604,5604013,Козинська сільська громада,False,0,0,0,0
56,5604,5604015,Крупецька сільська громада,False,0,0,0,0
56,5604,5604017,Мирогощанська сільська громада,False,0,0,0,0
56,5604,5604019,Млинівська селищна громада,False,0,0,0,0
56,5604,5604021,Острожецька сільська громада,False,1,1,0,0
56,5604,5604023,Підлозцівська сільська громада,False,1,1,0,0
56,5604,5604025,Повчанська сільська громада,False,0,0,0,0
56,5604,5604027,Привільненська сільська громада,False,3,3,0,1
56,5604,5604029,Радивилівська міська громада,False,6,6,0,0
56,5604,5604031,Семидубська сільська громада,False,1,1,0,0
56,5604,5604033,Смизька селищна громада,False,0,0,0,0
56,5604,5604035,Тараканівська сільська громада,False,1,1,0,0
56,5604,5604037,Ярославицька сільська громада,False,0,0,0,0
56,5606,5606001,Бабинська сільська об'єднана територіальна громада,False,3,3,0,1
56,5606,5606003,Березнівська міська громада,False,10,6,4,1
56,5606,5606005,Білокриницька сільська громада,False,4,4,0,0
56,5606,5606007,Бугринська сільська громада,False,1,1,0,0
56,5606,5606009,Великомежиріцька сільська громада,False,1,1,0,0
56,5606,5606011,Великоомелянська сільська громада,False,2,2,0,0
56,5606,5606013,Головинська сільська громада,False,1,1,0,0
56,5606,5606015,Городоцька сільська громада,False,3,2,0,0
56,5606,5606017,Гощанська селищна громада,False,5,4,1,0
56,5606,5606019,Деражненська сільська громада,False,1,1,0,0
56,5606,5606021,Дядьковицька сільська громада,False,0,0,0,0
56,5606,5606023,Здовбицька сільська громада,False,0,0,0,0
56,5606,5606025,Здолбунівська міська громада,False,51,50,1,2
56,5606,5606027,Зорянська сільська громада,False,0,0,0,0
56,5606,5606029,Клеванська селищна громада,False,5,5,0,0
56,5606,5606031,Корецька міська громада,False,7,7,0,0
56,5606,5606033,Корнинська сільська громада,False,0,0,0,0
56,5606,5606035,Костопільська міська громада,False,8,5,3,0
56,5606,5606037,Малинська сільська громада,False,0,0,0,0
56,5606,5606039,Малолюбашанська сільська громада,False,4,4,0,0
56,5606,5606041,Мізоцька селищна громада,False,0,0,0,0
56,5606,5606043,Олександрійська сільська громада,False,5,5,0,1
56,5606,5606045,Острозька міська громада,False,8,8,0,2
56,5606,5606047,Рівненська міська громада,False,53,39,14,4
56,5606,5606049,Соснівська селищна громада,False,0,0,0,0
56,5606,5606051,Шпанівська сільська громада,False,1,1,0,0
56,5608,5608001,Березівська сільська громада,False,1,1,0,0
56,5608,5608003,Вирівська сільська громада,False,5,5,0,0
56,5608,5608005,Висоцька сільська громада,False,0,0,0,0
56,5608,5608007,Дубровицька міська громада,False,5,5,0,0
56,5608,5608009,Клесівська селищна громада,False,6,5,1,0
56,5608,5608011,Миляцька сільська громада,False,0,0,0,0
56,5608,5608013,Немовицька сільська громада,False,3,2,1,0
56,5608,5608015,Рокитнівська селищна громада,False,6,4,2,0
56,5608,5608017,Сарненська міська громада,False,17,17,0,2
56,5608,5608019,Старосільська сільська громада,False,3,3,0,0
56,5608,5608021,Степанська селищна громада,False,0,0,0,0
59,5902,5902001,Бочечківська сільська громада,False,9,9,0,0
59,5902,5902003,Буринська міська громада,False,20,9,10,2
59,5902,5902005,Дубов'язівська селищна громада,False,4,4,0,0
59,5902,5902007,Конотопська міська громада,False,17,7,10,0
59,5902,5902009,Кролевецька міська громада,False,23,21,2,1
59,5902,5902011,Новослобідська сільська громада,False,5,3,2,0
59,5902,5902013,Попівська сільська громада,False,14,14,0,0
59,5902,5902015,Путивльська міська громада,False,8,6,2,0
59,5904,5904001,Боромлянська сільська громада,False,3,1,2,1
59,5904,5904003,Великописарівська селищна громада,False,22,10,12,0
59,5904,5904005,Грунська сільська громада,False,0,0,0,0
59,5904,5904007,Кириківська селищна громада,False,1,0,1,0
59,5904,5904009,Комишанська сільська громада,False,2,2,0,0
59,5904,5904011,Охтирська міська громада,False,15,12,3,0
59,5904,5904013,Тростянецька міська громада,False,20,15,5,0
59,5904,5904015,Чернеччинська сільська громада,False,15,14,1,0
59,5904,5904017,Чупахівська селищна громада,False,6,5,1,0
59,5906,5906001,Андріяшівська сільська громада,False,0,0,0,0
59,5906,5906003,Вільшанська сільська громада,False,3,1,2,0
59,5906,5906005,Коровинська сільська громада,False,1,1,0,0
59,5906,5906007,Липоводолинська селищна громада,False,3,3,0,0
59,5906,5906009,Недригайлівська селищна громада,False,2,1,0,1
59,5906,5906011,Роменська міська громада,False,27,10,17,4
59,5906,5906013,Синівська сільська громада,False,1,1,0,0
59,5906,5906015,Хмелівська сільська громада,False,2,1,1,0
59,5908,5908001,Бездрицька сільська громада,False,2,2,0,0
59,5908,5908003,Білопільська міська громада,False,4,4,0,0
59,5908,5908005,Верхньосироватська сільська громада,False,3,3,0,0
59,5908,5908007,Ворожбянська міська громада,False,4,4,0,0
59,5908,5908009,Краснопільська селищна громада,False,2,2,0,0
59,5908,5908011,Лебединська міська громада,False,15,11,4,0
59,5908,5908013,Миколаївська селищна громада,False,9,6,3,0
59,5908,5908015,Миколаївська сільська громада,False,2,2,0,0
59,5908,5908017,Миропільська сільська громада,False,1,1,0,0
59,5908,5908019,Нижньосироватська сільська громада,False,3,3,0,0
59,5908,5908021,Річківська сільська громада,False,1,1,0,0
59,5908,5908023,Садівська сільська громада,False,11,9,2,1
59,5908,5908025,Степанівська селищна громада,False,3,3,0,0
59,5908,5908027,Сумська міська громада,False,128,81,47,8
59,5908,5908029,Хотінська селищна громада,False,1,1,0,0
59,5908,5908031,Юнаківська сільська громада,False,1,1,0,0
59,5910,5910001,Березівська сільська громада,False,9,6,3,0
59,5910,5910003,Глухівська міська громада,False,16,14,2,2
59,5910,5910005,Дружбівська міська громада,False,2,2,0,0
59,5910,5910007,Есманьська селищна громада,False,3,1,2,0
59,5910,5910009,Зноб-Новгородська селищна громада,False,0,0,0,0
59,5910,5910011,Свеська селищна громада,False,3,2,1,0
59,5910,5910013,Середино-Будська міська громада,False,0,0,0,0
59,5910,5910015,Шалигинська селищна громада,False,0,0,0,0
59,5910,5910017,Шосткинська міська громада,False,27,19,6,1
59,5910,5910019,Ямпільська селищна громада,False,3,3,0,0
61,6102,6102001,Борсуківська сільська громада,False,4,4,0,0
61,6102,6102003,Великодедеркальська сільська громада,False,1,1,0,0
61,6102,6102005,Вишнівецька селищна громада,False,2,2,0,0
61,6102,6102007,Кременецька міська громада,False,8,7,1,1
61,6102,6102009,Лановецька міська громада,False,9,7,2,0
61,6102,6102011,Лопушненська сільська громада,False,1,1,0,0
61,6102,6102013,Почаївська міська громада,False,2,2,0,0
61,6102,6102015,Шумська міська громада,False,19,8,11,1
61,6104,6104001,Байковецька сільська громада,False,6,6,0,0
61,6104,6104003,Бережанська міська громада,False,11,5,6,0
61,6104,6104005,Білецька сільська громада,False,4,4,0,0
61,6104,6104007,Великоберезовицька селищна громада,False,9,8,1,0
61,6104,6104009,Великобірківська селищна громада,False,1,1,0,0
61,6104,6104011,Великогаївська сільська громада,False,3,3,0,0
61,6104,6104013,Залозецька селищна громада,False,0,0,0,0
61,6104,6104015,Збаразька міська громада,False,4,4,0,0
61,6104,6104017,Зборівська міська громада,False,9,8,1,0
61,6104,6104019,Золотниківська сільська громада,False,0,0,0,0
61,6104,6104021,Іванівська сільська громада,False,2,1,1,0
61,6104,6104023,Козівська селищна громада,False,2,2,0,0
61,6104,6104025,Козлівська селищна громада,False,1,0,1,0
61,6104,6104027,Купчинецька сільська громада,False,1,1,0,0
61,6104,6104029,Микулинецька селищна громада,False,3,2,1,0
61,6104,6104031,Нараївська сільська громада,False,3,1,2,0
61,6104,6104033,Озернянська сільська громада,False,0,0,0,0
61,6104,6104035,Підволочиська селищна громада,False,5,5,0,0
61,6104,6104037,Підгаєцька міська громада,False,0,0,0,0
61,6104,6104039,Підгороднянська сільська громада,False,3,2,1,0
61,6104,6104041,Саранчуківська сільська громада,False,5,3,2,0
61,6104,6104043,Скалатська міська громада,False,0,0,0,0
61,6104,6104045,Скориківська сільська громада,False,1,1,0,1
61,6104,6104047,Теребовлянська міська громада,False,11,11,0,1
61,6104,6104049,Тернопільська міська громада,False,28,22,5,0
61,6106,6106001,Білобожницька сільська громада,False,1,1,0,0
61,6106,6106003,Більче-Золотецька сільська громада,False,3,3,0,0
61,6106,6106005,Борщівська міська громада,False,7,6,1,0
61,6106,6106007,Бучацька міська громада,False,8,7,1,0
61,6106,6106009,Васильковецька сільська громада,False,0,0,0,0
61,6106,6106011,Гримайлівська селищна громада,False,1,1,0,0
61,6106,6106013,Гусятинська селищна громада,False,4,3,1,1
61,6106,6106015,Заводська селищна громада,False,0,0,0,0
61,6106,6106017,Заліщицька міська громада,False,13,11,2,0
61,6106,6106019,Золотопотіцька селищна громада,False,0,0,0,0
61,6106,6106021,Іване-Пустенська сільська громада,False,0,0,0,0
61,6106,6106023,Колиндянська сільська громада,False,0,0,0,0
61,6106,6106025,Копичинецька міська громада,False,6,6,0,0
61,6106,6106027,Коропецька селищна громада,False,2,2,0,0
61,6106,6106029,Мельнице-Подільська селищна громада,False,1,1,0,0
61,6106,6106031,Монастириська міська громада,False,0,0,0,0
61,6106,6106033,Нагірянська сільська громада,False,0,0,0,0
61,6106,6106035,Скала-Подільська селищна громада,False,2,2,0,2
61,6106,6106037,Товстенська селищна громада,False,2,2,0,0
61,6106,6106039,Трибухівська сільська громада,False,2,1,1,0
61,6106,6106041,Хоростківська міська громада,False,0,0,0,0
61,6106,6106043,Чортківська міська громада,False,19,16,3,1
63,6302,6302001,Богодухівська міська громада,False,24,7,17,0
63,6302,6302003,Валківська міська громада,False,20,16,4,0
63,6302,6302005,Золочівська селищна територіальна громада,False,11,8,1,7
63,6302,6302007,Коломацька селищна громада,False,3,3,0,0
63,6302,6302009,Краснокутська селищна громада,False,2,1,1,0
63,6304,6304001,Балаклійська міська громада,False,72,65,7,1
63,6304,6304003,Барвінківська міська громада,False,19,7,12,0
63,6304,6304005,Борівська селищна громада,False,1,1,0,0
63,6304,6304007,Донецька селищна громада,False,10,9,0,0
63,6304,6304009,Ізюмська міська громада,False,53,47,4,3
63,6304,6304011,Куньєвська сільська громада,False,3,3,0,0
63,6304,6304013,Оскільська сільська громада,False,0,0,0,0
63,6304,6304015,Савинська селищна громада,False,9,7,2,0
63,6306,6306001,Зачепилівська селищна громада,False,8,6,2,0
63,6306,6306003,Кегичівська селищна громада,False,3,2,1,0
63,6306,6306005,Красноградська міська громада,False,20,14,6,0
63,6306,6306007,Наталинська сільська громада,False,10,9,1,0
63,6306,6306009,Сахновщинська селищна громада,False,18,18,0,0
63,6306,6306011,Старовірівська сільська громада,False,2,2,0,0
63,6308,6308001,Великобурлуцька селищна громада,False,0,0,0,0
63,6308,6308003,Вільхуватська сільська громада,False,0,0,0,0
63,6308,6308005,Дворічанська селищна громада,True,0,0,0,0
63,6308,6308007,Кіндрашівська сільська громада,True,0,0,0,0
63,6308,6308009,Куп'янська міська громада,True,10,10,0,0
63,6308,6308011,Курилівська сільська громада,False,0,0,0,0
63,6308,6308013,Петропавлівська сільська громада,True,0,0,0,0
63,6308,6308015,Шевченківська селищна громада,False,6,2,4,0
63,6310,6310001,Біляївська селищна громада,False,3,3,0,0
63,6310,6310003,Близнюківська селищна громада,False,36,36,0,3
63,6310,6310005,Лозівська міська громада,False,79,77,2,2
63,6310,6310007,Олексіївка,False,6,5,1,0
63,6310,6310009,Златопільська міська громада,False,14,10,4,2
63,6312,6312001,Безлюдівська селищна громада,False,0,0,0,0
63,6312,6312003,Височанська селищна громада,False,4,3,1,0
63,6312,6312005,Вільхівська сільська громада,False,3,3,0,0
63,6312,6312007,Дергачівська міська громада,False,33,29,4,0
63,6312,6312009,Липецька сільська громада,False,1,1,0,0
63,6312,6312011,Люботинська міська громада,False,8,8,0,0
63,6312,6312013,Малоданилівська селищна громада,False,4,4,0,0
63,6312,6312015,Мереф'янська міська громада,False,4,4,0,2
63,6312,6312017,Нововодолазька селищна громада,False,5,5,0,0
63,6312,6312019,Південноміська міська громада,False,2,2,0,0
63,6312,6312021,Пісочинська селищна громада,False,28,9,18,4
63,6312,6312023,Роганська селищна громада,False,18,4,14,8
63,6312,6312025,Солоницівська селищна громада,False,19,12,7,0
63,6312,6312027,Харківська міська громада,False,225,192,33,11
63,6312,6312029,Циркунівська сільська громада,False,1,1,0,0
63,6314,6314001,Вовчанська міська громада,True,0,0,0,0
63,6314,6314003,Зміївська міська громада,False,10,9,1,1
63,6314,6314005,Малинівська селищна громада,False,6,4,2,0
63,6314,6314007,Новопокровська селищна громада,False,9,5,4,1
63,6314,6314009,Печенізька селищна громада,False,7,6,1,1
63,6314,6314011,Слобожанська міська громада,False,9,9,0,0
63,6314,6314013,Старосалтівська селищна громада,False,22,22,0,0
63,6314,6314015,Чкаловська селищна громада,False,14,14,0,0
63,6314,6314017,Чугуївська міська громада,False,40,16,24,1
65,6502,6502001,Бериславська міська громада,False,62,61,1,0
65,6502,6502003,Борозенська сільська громада,False,13,8,5,0
65,6502,6502005,Великоолександрівська селищна громада,False,33,30,3,0
65,6502,6502007,Високопільська селищна громада,False,61,50,4,4
65,6502,6502009,Калинівська селищна громада,False,5,5,0,0
65,6502,6502011,Кочубеївська сільська громада,False,6,6,0,0
65,6502,6502013,Милівська сільська громада,False,4,4,0,2
65,6502,6502015,Нововоронцовська селищна громада,False,13,9,4,2
65,6502,6502017,Новоолександрівська сільська громада,False,3,3,0,0
65,6502,6502019,Новорайська сільська громада,False,4,4,0,0
65,6502,6502021,Тягинська сільська громада,True,0,0,0,1
65,6504,6504001,Генічеська міська громада,True,2,2,0,1
65,6504,6504003,Іванівська селищна громада,True,1,1,0,0
65,6504,6504005,Нижньосірогозька селищна громада,True,0,0,0,0
65,6504,6504007,Новотроїцька селищна громада,True,2,2,0,0
65,6506,6506001,Асканіє-Нова селищна територіальна громада,True,1,1,0,0
65,6506,6506003,Великолепетиська селищна громада,True,0,0,0,0
65,6506,6506005,Верхньорогачицька селищна громада,True,2,2,0,0
65,6506,6506007,Горностаївська селищна громада,True,0,0,0,0
65,6506,6506009,Зеленопідська сільська громада,True,1,0,1,0
65,6506,6506011,Каховська міська громада,True,0,0,0,0
65,6506,6506013,Костянтинівська сільська громада,True,0,0,0,0
65,6506,6506015,Любимівська селищна громада,True,0,0,0,0
65,6506,6506017,Новокаховська міська громада,True,0,0,0,1
65,6506,6506019,Присиваська сільська громада,True,0,0,0,0
65,6506,6506021,Рубанівська сільська громада,True,0,0,0,0
65,6506,6506023,Тавричанська сільська громада,True,0,0,0,0
65,6506,6506025,Таврійська міська громада,True,0,0,0,0
65,6506,6506027,Хрестівська сільська громада,True,0,0,0,0
65,6506,6506029,Чаплинська селищна громада,True,0,0,0,0
65,6508,6508001,Бехтерська сільська громада,True,0,0,0,0
65,6508,6508003,Голопристанська міська громада,True,1,1,0,0
65,6508,6508005,Долматівська сільська громада,True,0,0,0,0
65,6508,6508007,Каланчацька селищна громада,True,1,1,0,0
65,6508,6508009,Лазурненська селищна громада,True,0,0,0,0
65,6508,6508011,Мирненська селищна громада,True,0,0,0,0
65,6508,6508013,Новомиколаївська сільська громада,True,0,0,0,0
65,6508,6508015,Скадовська міська громада,True,0,0,0,0
65,6508,6508017,Чулаківська сільська громада,True,0,0,0,0
65,6510,6510001,Білозерська селищна громада,False,3,3,0,2
65,6510,6510003,Великокопанівська сільська громада,True,0,0,0,0
65,6510,6510005,Виноградівська сільська громада,True,0,0,0,0
65,6510,6510007,Дар'ївська сільська громада,False,12,10,2,0
65,6510,6510009,Музиківська сільська громада,False,2,1,0,0
65,6510,6510011,Олешківська міська громада,True,0,0,0,0
65,6510,6510013,Станіславська сільська громада,False,1,1,0,0
65,6510,6510015,Херсонська міська громада,False,47,38,9,0
65,6510,6510017,Чорнобаївська сільська громада,False,35,34,0,10
65,6510,6510019,Ювілейна сільська громада,True,0,0,0,0
68,6802,6802001,Гуківська сільська громада,False,1,1,0,0
68,6802,6802003,Гуменецька сільська громада,False,0,0,0,0
68,6802,6802005,Дунаєвецька міська громада,False,7,5,1,1
68,6802,6802007,Жванецька сільська громада,False,4,4,0,0
68,6802,6802009,Закупненська селищна громада,False,1,1,0,0
68,6802,6802011,Кам'янець-Подільська міська громада,False,31,24,7,1
68,6802,6802013,Китайгородська сільська громада,False,1,0,1,0
68,6802,6802015,Маківська сільська громада,False,1,1,0,0
68,6802,6802017,Новодунаєвецька селищна громада,False,2,2,0,0
68,6802,6802019,Новоушицька селищна об'єднана територіальна громада,False,5,4,0,0
68,6802,6802021,Орининська сільська громада,False,0,0,0,0
68,6802,6802023,Слобідсько-Кульчієвецька сільська громада,False,3,3,0,0
68,6802,6802025,Смотрицька селищна громада,False,6,5,1,0
68,6802,6802027,Староушицька селищна громада,False,2,2,0,0
68,6802,6802029,Чемеровецька селищна громада,False,6,5,1,0
68,6804,6804001,Антонінська селищна громада,False,1,1,0,0
68,6804,6804003,Війтовецька селищна громада,False,0,0,0,0
68,6804,6804005,Віньковецька селищна громада,False,7,6,1,0
68,6804,6804007,Вовковинецька селищна громада,False,2,2,0,0
68,6804,6804009,Волочиська міська громада,False,4,3,1,0
68,6804,6804011,Гвардійська сільська громада,False,0,0,0,0
68,6804,6804013,Городоцька міська громада,False,10,10,0,0
68,6804,6804015,Деражнянська міська громада,False,4,4,0,0
68,6804,6804017,Заслучненська сільська громада,False,1,1,0,0
68,6804,6804019,Зіньківська сільська громада,False,0,0,0,0
68,6804,6804021,Красилівська міська громада,False,11,8,3,0
68,6804,6804023,Летичівська селищна громада,False,4,4,0,0
68,6804,6804025,Лісовогринівецька сільська громада,False,1,1,0,0
68,6804,6804027,Меджибізька селищна громада,False,7,5,2,1
68,6804,6804029,Миролюбненська сільська громада,False,0,0,0,0
68,6804,6804031,Наркевицька селищна громада,False,0,0,0,0
68,6804,6804033,Розсошанська сільська громада,False,5,5,0,0
68,6804,6804035,Сатанівська селищна громада,False,2,2,0,0
68,6804,6804037,Солобковецька сільська громада,False,0,0,0,0
68,6804,6804039,Старокостянтинівська міська громада,False,6,2,4,0
68,6804,6804041,Староостропільська сільська громада,False,1,1,0,0
68,6804,6804043,Старосинявська селищна громада,False,4,3,1,0
68,6804,6804045,Теофіпольська селищна громада,False,10,8,2,3
68,6804,6804047,Хмельницька міська громада,False,73,50,21,1
68,6804,6804049,Чорноострівська селищна громада,False,0,0,0,0
68,6804,6804051,Щиборівська сільська громада,False,0,0,0,0
68,6804,6804053,Ярмолинецька селищна громада,False,10,10,0,1
68,6806,6806001,Берездівська сільська громада,False,2,2,0,0
68,6806,6806003,Білогірська селищна громада,False,5,4,0,0
68,6806,6806005,Ганнопільська сільська громада,False,0,0,0,0
68,6806,6806007,Грицівська селищна громада,False,0,0,0,0
68,6806,6806009,Ізяславська міська громада,False,28,27,0,2
68,6806,6806011,Крупецька сільська громада,False,4,4,0,0
68,6806,6806013,Ленковецька сільська об'єднана територіальна громада,False,1,1,0,0
68,6806,6806015,Михайлюцька сільська громада,False,0,0,0,0
68,6806,6806017,Нетішинська міська громада,False,20,20,0,0
68,6806,6806019,Плужненська сільська громада,False,2,2,0,0
68,6806,6806021,Полонська міська громада,False,7,6,1,1
68,6806,6806023,Понінківська селищна громада,False,4,4,0,0
68,6806,6806025,Сахновецька сільська громада,False,0,0,0,0
68,6806,6806027,Славутська міська громада,False,20,12,8,0
68,6806,6806029,Судилківська сільська громада,False,1,1,0,0
68,6806,6806031,Улашанівська сільська громада,False,2,2,0,0
68,6806,6806033,Шепетівська міська громада,False,8,7,1,2
68,6806,6806035,Ямпільська селищна громада,False,1,1,0,0
71,7102,7102001,Бужанська сільська громада,False,0,0,0,0
71,7102,7102003,Ватутінська міська громада,False,4,4,0,0
71,7102,7102005,Виноградська сільська громада,False,0,0,0,0
71,7102,7102007,Вільшанська селищна громада,False,0,0,0,0
71,7102,7102009,Водяницька сільська громада,False,2,2,0,0
71,7102,7102011,Єрківська селищна громада,False,1,1,0,1
71,7102,7102013,Звенигородська міська громада,False,6,6,0,0
71,7102,7102015,Катеринопільська селищна громада,False,1,1,0,0
71,7102,7102017,Лип'янська сільська громада,False,0,0,0,0
71,7102,7102019,Лисянська селищна громада,False,0,0,0,0
71,7102,7102021,Матусівська сільська громада,False,0,0,0,0
71,7102,7102023,Мокрокалигірська сільська громада,False,1,1,0,0
71,7102,7102025,Селищенська сільська громада,False,0,0,0,0
71,7102,7102027,Стеблівська селищна громада,False,1,1,0,0
71,7102,7102029,Тальнівська міська громада,False,10,10,0,0
71,7102,7102031,Шевченківська сільська громада,False,0,0,0,0
71,7102,7102033,Шполянська міська громада,False,2,2,0,0
71,7104,7104001,Великохутірська сільська громада,False,0,0,0,0
71,7104,7104003,Вознесенська сільська громада,False,0,0,0,0
71,7104,7104005,Гельмязівська сільська громада,False,1,1,0,0
71,7104,7104007,Драбівська селищна громада,False,2,2,0,0
71,7104,7104009,Золотоніська міська громада,False,6,6,0,0
71,7104,7104011,Зорівська сільська громада,False,0,0,0,0
71,7104,7104013,Іркліївська сільська громада,False,2,1,1,0
71,7104,7104015,Новодмитрівська сільська громада,False,1,1,0,0
71,7104,7104017,Піщанська сільська громада,False,3,3,0,0
71,7104,7104019,Чорнобаївська селищна громада,False,1,1,0,0
71,7104,7104021,Шрамківська сільська громада,False,1,1,0,1
71,7106,7106001,Бабанська селищна громада,False,0,0,0,0
71,7106,7106003,Баштечківська сільська громада,False,0,0,0,0
71,7106,7106005,Буцька селищна громада,False,2,2,0,0
71,7106,7106007,Дмитрушківська сільська громада,False,3,2,1,0
71,7106,7106009,Жашківська міська громада,False,10,5,5,1
71,7106,7106011,Іваньківська сільська громада,False,3,3,0,0
71,7106,7106013,Ладижинська сільська громада,False,3,3,0,1
71,7106,7106015,Маньківська селищна громада,False,6,6,0,0
71,7106,7106017,Монастирищенська міська громада,False,3,3,0,0
71,7106,7106019,Паланська сільська громада,False,24,23,1,0
71,7106,7106021,Уманська міська громада,False,32,24,8,1
71,7106,7106023,Христинівська міська громада,False,6,2,3,0
71,7108,7108001,Балаклеївська сільська громада,False,0,0,0,0
71,7108,7108003,Березняківська сільська громада,False,0,0,0,0
71,7108,7108005,Білозірська сільська громада,False,1,0,1,0
71,7108,7108007,Бобрицька сільська громада,False,5,5,0,0
71,7108,7108009,Будищенська сільська громада,False,4,4,0,0
71,7108,7108011,Городищенська міська громада,False,0,0,0,0
71,7108,7108013,Кам'янська міська громада,False,1,1,0,0
71,7108,7108015,Канівська міська громада,False,1,1,0,0
71,7108,7108017,Корсунь-Шевченківська міська громада,False,7,6,1,0
71,7108,7108019,Леськівська сільська громада,False,2,2,0,0
71,7108,7108021,Ліплявська сільська громада,False,2,1,1,0
71,7108,7108023,Медведівська сільська громада,False,0,0,0,0
71,7108,7108025,Михайлівська сільська громада,False,0,0,0,0
71,7108,7108027,Мліївська сільська громада,False,0,0,0,0
71,7108,7108029,Мошнівська сільська громада,False,0,0,0,0
71,7108,7108031,Набутівська сільська громада,False,0,0,0,0
71,7108,7108033,Ротмістрівська сільська громада,False,0,0,0,0
71,7108,7108035,Руськополянська сільська громада,False,8,7,1,0
71,7108,7108037,Сагунівська сільська громада,False,0,0,0,0
71,7108,7108039,Смілянська міська громада,False,15,13,2,0
71,7108,7108041,Степанецька сільська громада,False,4,3,1,0
71,7108,7108043,Степанківська сільська громада,False,1,1,0,0
71,7108,7108045,Тернівська сільська громада,False,4,2,2,0
71,7108,7108047,Червонослобідська сільська громада,False,1,1,0,0
71,7108,7108049,Черкаська міська громада,False,118,106,12,11
71,7108,7108051,Чигиринська міська громада,False,0,0,0,0
73,7302,7302001,Банилівська сільська громада,False,1,1,0,0
73,7302,7302003,Берегометська селищна громада,False,6,2,4,0
73,7302,7302005,Брусницька сільська громада,False,2,2,0,0
73,7302,7302007,Вашківецька міська громада,False,6,5,1,0
73,7302,7302009,Вижницька міська громада,False,18,17,1,0
73,7302,7302011,Конятинська сільська громада,False,3,2,1,1
73,7302,7302013,Путильська селищна громада,False,2,2,0,0
73,7302,7302015,Селятинська сільська громада,False,1,1,0,0
73,7302,7302017,Усть-Путильська сільська громада,False,0,0,0,0
73,7304,7304001,Вашковецька сільська громада,False,2,2,0,0
73,7304,7304003,Кельменецька селищна громада,False,11,8,3,0
73,7304,7304005,Клішковецька сільська громада,False,1,1,0,0
73,7304,7304007,Лівинецька сільська громада,False,0,0,0,0
73,7304,7304009,Мамалигівська сільська громада,False,0,0,0,0
73,7304,7304011,Недобоївська сільська громада,False,2,2,0,0
73,7304,7304013,Новодністровська міська громада,False,3,3,0,0
73,7304,7304015,Рукшинська сільська громада,False,1,1,0,0
73,7304,7304017,Сокирянська міська громада,False,13,8,5,0
73,7304,7304019,Хотинська міська громада,False,18,16,2,0
73,7306,7306001,Боянська сільська громада,False,1,1,0,0
73,7306,7306003,Ванчиковецька сільська громада,False,2,2,0,0
73,7306,7306005,Великокучурівська сільська громада,False,10,3,7,0
73,7306,7306007,Веренчанська сільська громада,False,3,2,1,0
73,7306,7306009,Вікнянська сільська громада,False,4,2,2,0
73,7306,7306011,Волоківська сільська громада,False,1,1,0,0
73,7306,7306013,Герцаївська міська громада,False,0,0,0,0
73,7306,7306015,Глибоцька селищна громада,False,7,4,3,4
73,7306,7306017,Горішньошеровецька сільська громада,False,0,0,0,0
73,7306,7306019,Заставнівська міська громада,False,2,1,1,0
73,7306,7306021,Кадубовецька сільська громада,False,4,3,1,0
73,7306,7306023,Кам'янецька сільська громада,False,8,8,0,1
73,7306,7306025,Кам'янська сільська громада,False,2,2,0,0
73,7306,7306027,Карапчівська сільська громада,False,0,0,0,0
73,7306,7306029,Кіцманська міська громада,False,10,8,2,0
73,7306,7306031,Кострижівська селищна громада,False,0,0,0,0
73,7306,7306033,Красноїльська селищна громада,False,0,0,0,0
73,7306,7306035,Магальська сільська громада,False,1,1,0,0
73,7306,7306037,Мамаївська сільська громада,False,2,2,0,0
73,7306,7306039,Неполоковецька селищна громада,False,0,0,0,0
73,7306,7306041,Новоселицька міська громада,False,11,10,0,7
73,7306,7306043,Острицька сільська громада,False,0,0,0,0
73,7306,7306045,Петровецька сільська громада,False,0,0,0,0
73,7306,7306047,Ставчанська сільська громада,False,0,0,0,0
73,7306,7306049,Сторожинецька міська громада,False,16,14,2,0
73,7306,7306051,Сучевенська сільська громада,False,0,0,0,0
73,7306,7306053,Тарашанська сільська громада,False,1,1,0,0
73,7306,7306055,Тереблеченська сільська громада,False,0,0,0,0
73,7306,7306057,Топорівська сільська громада,False,6,6,0,0
73,7306,7306059,Чагорська сільська громада,False,5,5,0,1
73,7306,7306061,Чернівецька міська громада,False,129,107,22,1
73,7306,7306063,Чудейська сільська громада,False,6,6,0,0
73,7306,7306065,Юрковецька сільська громада,False,2,2,0,0
74,7402,7402001,Корюківська міська громада,False,15,11,4,0
74,7402,7402003,Менська міська громада,False,44,38,5,1
74,7402,7402005,Сновська міська громада,False,11,10,1,0
74,7402,7402007,Сосницька селищна громада,False,2,2,0,0
74,7402,7402009,Холминська селищна громада,False,1,1,0,0
74,7404,7404001,Батуринська міська громада,False,1,1,0,0
74,7404,7404003,Бахмацька міська громада,False,5,4,1,1
74,7404,7404005,Бобровицька міська громада,False,19,19,0,4
74,7404,7404007,Борзнянська міська громада,False,1,1,0,0
74,7404,7404009,Вертіївська сільська громада,False,16,16,0,0
74,7404,7404011,Височанська сільська громада,False,0,0,0,0
74,7404,7404013,Дмитрівська селищна громада,False,1,0,1,0
74,7404,7404015,Комарівська сільська громада,False,2,1,1,0
74,7404,7404017,Крутівська сільська громада,False,0,0,0,0
74,7404,7404019,Лосинівська селищна громада,False,1,1,0,0
74,7404,7404021,Макіївська сільська громада,False,0,0,0,0
74,7404,7404023,Мринська сільська громада,False,0,0,0,0
74,7404,7404025,Ніжинська міська громада,False,32,30,2,0
74,7404,7404027,Новобасанська сільська громада,False,8,7,1,0
74,7404,7404029,Носівська міська громада,False,17,12,4,1
74,7404,7404031,Плисківська сільська громада,False,1,1,0,0
74,7404,7404033,Талалаївська сільська громада,False,12,11,1,2
74,7406,7406001,Коропська селищна громада,False,10,6,4,2
74,7406,7406003,Новгород-Сіверська міська громада,False,8,7,1,0
74,7406,7406005,Понорницька селищна громада,False,9,9,0,1
74,7406,7406007,Семенівська міська громада,False,3,3,0,0
74,7408,7408001,Варвинська селищна громада,False,9,7,2,0
74,7408,7408003,Ічнянська міська громада,False,11,8,3,0
74,7408,7408005,Ладанська селищна громада,False,3,2,1,0
74,7408,7408007,Линовицька селищна громада,False,2,2,0,0
74,7408,7408009,Малодівицька селищна громада,False,0,0,0,0
74,7408,7408011,Парафіївська селищна громада,False,3,3,0,0
74,7408,7408013,Прилуцька міська громада,False,21,20,1,1
74,7408,7408015,Срібнянська селищна громада,False,3,3,0,0
74,7408,7408017,Сухополов'янська сільська громада,False,22,19,3,0
74,7408,7408019,Талалаївська селищна громада,False,4,4,0,0
74,7408,7408021,Яблунівська сільська громада,False,0,0,0,0
74,7410,7410001,Березнянська селищна громада,False,3,1,2,0
74,7410,7410003,Гончарівська селищна громада,False,2,2,0,0
74,7410,7410005,Городнянська міська громада,False,6,6,0,0
74,7410,7410007,Деснянська селищна громада,False,2,1,1,0
74,7410,7410009,Добрянська селищна громада,False,6,5,0,1
74,7410,7410011,Іванівська сільська громада,False,27,27,0,0
74,7410,7410013,Киїнська сільська громада,False,11,10,1,0
74,7410,7410015,Киселівська сільська громада,False,5,5,0,0
74,7410,7410017,Кіптівська сільська громада,False,3,2,1,0
74,7410,7410019,Козелецька селищна громада,False,3,2,1,0
74,7410,7410021,Куликівська селищна громада,False,12,9,3,0
74,7410,7410023,Любецька селищна громада,False,1,1,0,0
74,7410,7410025,Михайло-Коцюбинська селищна громада,False,7,7,0,0
74,7410,7410027,Новобілоуська сільська громада,False,16,11,5,0
74,7410,7410029,Олишівська селищна громада,False,4,1,3,0
74,7410,7410031,Остерська міська громада,False,6,4,2,0
74,7410,7410033,Ріпкинська селищна громада,False,13,3,8,1
74,7410,7410035,Седнівська селищна громада,False,1,1,0,0
74,7410,7410037,Тупичівська сільська громада,False,3,2,0,0
74,7410,7410039,Чернігівська міська громада,False,171,86,84,1
80,8000,8000000,Київ,False,77,64,13,4
85,8500,8500000,Севастополь,True,0,0,0,0
