k1,k2,k3,dist_front_km,dist_border_km,dist_front_centre_km,dist_border_centre_km,zone_any,zone_centre,zone,zone_reason
05,0502,0502001,390.2,244.3,394.2,250.3,0,0,0,
05,0502,0502003,378.2,234.0,388.5,241.5,0,0,0,
05,0502,0502005,359.7,240.6,369.3,253.8,0,0,0,
05,0502,0502007,378.2,252.5,388.3,263.2,0,0,0,
05,0502,0502009,333.1,237.9,346.7,253.5,0,0,0,
05,0502,0502011,351.9,221.6,366.2,239.6,0,0,0,
05,0502,0502013,404.9,221.5,423.2,235.7,0,0,0,
05,0502,0502015,374.6,246.1,381.8,256.0,0,0,0,
05,0502,0502017,338.4,253.1,352.3,268.9,0,0,0,
05,0502,0502019,324.3,219.6,345.5,237.4,0,0,0,
05,0502,0502021,361.0,190.9,378.8,211.1,0,0,0,
05,0502,0502023,391.6,223.2,409.6,231.4,0,0,0,
05,0502,0502025,373.7,259.7,377.9,265.7,0,0,0,
05,0502,0502027,357.9,265.1,369.5,277.2,0,0,0,
05,0502,0502029,375.3,217.6,386.2,230.5,0,0,0,
05,0502,0502031,396.2,231.5,401.3,242.2,0,0,0,
05,0504,0504001,243.2,308.8,266.4,328.9,0,0,0,
05,0504,0504003,290.6,268.7,310.8,291.9,0,0,0,
05,0504,0504005,310.5,248.8,327.6,261.1,0,0,0,
05,0504,0504007,256.2,299.6,264.7,313.4,0,0,0,
05,0504,0504009,289.8,267.1,303.4,278.8,0,0,0,
05,0504,0504011,316.1,273.9,321.6,282.9,0,0,0,
05,0504,0504013,300.0,295.3,308.2,301.2,0,0,0,
05,0504,0504015,274.4,320.8,287.6,332.6,0,0,0,
05,0504,0504017,241.4,342.8,253.9,351.4,0,0,0,
05,0504,0504019,325.9,264.9,334.0,274.0,0,0,0,
05,0504,0504021,277.2,294.1,288.3,305.9,0,0,0,
05,0504,0504023,268.3,281.7,281.1,295.6,0,0,0,
05,0504,0504025,281.9,304.8,301.2,316.8,0,0,0,
05,0504,0504027,257.8,335.1,271.8,350.2,0,0,0,
05,0506,0506001,399.9,253.9,423.9,271.5,0,0,0,
05,0506,0506003,349.5,290.4,359.6,304.2,0,0,0,
05,0506,0506005,378.7,245.4,400.5,262.4,0,0,0,
05,0506,0506007,388.4,281.3,401.8,290.3,0,0,0,
05,0506,0506009,364.0,278.2,372.4,290.0,0,0,0,
05,0506,0506011,398.6,257.6,409.0,269.0,0,0,0,
05,0506,0506013,378.7,270.8,390.4,282.0,0,0,0,
05,0506,0506015,360.4,282.8,380.3,300.2,0,0,0,
05,0508,0508001,338.8,327.9,351.4,336.5,0,0,0,
05,0508,0508003,369.9,300.7,384.2,314.8,0,0,0,
05,0508,0508005,345.7,321.8,365.5,336.0,0,0,0,
05,0508,0508007,386.7,284.3,404.9,303.3,0,0,0,
05,0508,0508009,341.9,311.3,359.7,321.8,0,0,0,
05,0508,0508011,305.7,328.6,329.1,351.5,0,0,0,
05,0508,0508013,378.8,311.7,392.5,324.9,0,0,0,
05,0510,0510001,322.1,275.4,335.7,285.0,0,0,0,
05,0510,0510003,314.2,315.7,321.2,322.2,0,0,0,
05,0510,0510005,302.2,326.1,314.3,341.1,0,0,0,
05,0510,0510007,288.0,318.7,304.4,332.2,0,0,0,
05,0510,0510009,279.8,340.1,293.6,349.5,0,0,0,
05,0510,0510011,277.9,353.0,293.3,360.9,0,0,0,
05,0510,0510013,321.8,304.8,335.4,324.1,0,0,0,
05,0510,0510015,304.8,286.6,326.9,302.3,0,0,0,
05,0510,0510017,339.7,276.2,352.8,292.7,0,0,0,
05,0512,0512001,418.9,168.5,425.7,178.2,0,0,0,
05,0512,0512003,446.6,189.8,458.6,200.6,0,0,0,
05,0512,0512005,411.5,201.8,422.4,213.5,0,0,0,
05,0512,0512007,391.1,192.3,410.4,211.0,0,0,0,
05,0512,0512009,407.8,179.3,415.9,190.5,0,0,0,
05,0512,0512011,413.8,178.1,431.3,188.9,0,0,0,
05,0512,0512013,388.4,190.3,403.3,204.3,0,0,0,
05,0512,0512015,430.0,181.5,444.3,194.3,0,0,0,
05,0512,0512017,426.6,202.7,440.3,216.6,0,0,0,
07,0702,0702001,727.8,78.8,735.2,84.5,0,0,0,
07,0702,0702003,689.5,87.9,704.0,103.8,0,0,0,
07,0702,0702005,710.8,80.5,724.1,92.1,0,0,0,
07,0702,0702007,711.8,93.5,719.6,102.3,0,0,0,
07,0702,0702009,715.1,91.6,723.6,102.1,0,0,0,
07,0702,0702011,686.5,99.7,702.2,111.7,0,0,0,
07,0702,0702013,723.9,86.8,729.2,94.1,0,0,0,
07,0702,0702015,719.9,56.1,741.7,71.7,0,0,0,
07,0702,0702017,697.4,98.7,708.4,111.0,0,0,0,
07,0702,0702019,728.3,81.1,738.9,88.1,0,0,0,
07,0702,0702021,736.2,52.3,748.6,70.7,0,0,0,
07,0704,0704001,724.8,0.0,756.9,28.8,1,1,1,border
07,0704,0704003,721.6,0.0,747.7,18.5,1,1,1,border
07,0704,0704005,677.8,49.3,710.9,68.7,0,0,0,
07,0704,0704007,700.2,30.0,720.0,48.7,0,0,0,
07,0704,0704009,726.0,34.0,747.4,47.2,0,0,0,
07,0706,0706001,756.6,27.5,763.8,34.7,1,0,1,border
07,0706,0706003,695.9,76.3,706.3,85.8,0,0,0,
07,0706,0706005,753.4,33.8,766.7,48.2,0,0,0,
07,0706,0706007,700.2,72.6,713.4,86.1,0,0,0,
07,0706,0706009,770.7,13.3,787.3,22.2,1,1,1,border
07,0706,0706011,771.3,7.3,781.5,19.9,1,1,1,border
07,0706,0706013,738.6,33.4,752.2,47.5,0,0,0,
07,0706,0706015,786.4,0.0,796.0,4.4,1,1,1,border
07,0706,0706017,764.9,6.3,776.3,23.4,1,1,1,border
07,0706,0706019,730.0,48.9,738.0,61.4,0,0,0,
07,0706,0706021,713.9,58.4,730.2,70.1,0,0,0,
07,0706,0706023,743.6,43.2,754.8,50.1,0,0,0,
07,0706,0706025,739.6,48.1,747.4,54.6,0,0,0,
07,0706,0706027,762.8,27.6,773.7,35.9,1,0,1,border
07,0706,0706029,706.4,58.4,720.9,70.3,0,0,0,
07,0706,0706031,778.8,0.0,788.9,11.2,1,1,1,border
07,0706,0706033,781.9,8.9,790.5,23.8,1,1,1,border
07,0706,0706035,774.8,0.0,786.1,3.1,1,1,1,border
07,0706,0706037,746.2,31.5,756.9,41.5,0,0,0,
07,0706,0706039,751.3,28.1,758.8,43.3,1,0,1,border
07,0706,0706041,754.0,14.6,771.4,29.9,1,1,1,border
07,0706,0706043,708.0,50.2,733.3,72.7,0,0,0,
07,0706,0706045,786.1,0.0,803.2,7.5,1,1,1,border
07,0708,0708001,650.9,141.7,659.7,152.9,0,0,0,
07,0708,0708003,657.4,125.5,667.6,136.7,0,0,0,
07,0708,0708005,661.2,125.8,672.7,135.2,0,0,0,
07,0708,0708007,667.5,117.6,687.6,128.0,0,0,0,
07,0708,0708009,696.8,86.5,704.9,97.9,0,0,0,
07,0708,0708011,660.0,97.9,673.4,111.0,0,0,0,
07,0708,0708013,655.7,71.6,679.8,91.3,0,0,0,
07,0708,0708015,682.4,100.5,692.5,109.2,0,0,0,
07,0708,0708017,666.4,110.9,677.3,124.6,0,0,0,
07,0708,0708019,664.8,130.9,675.6,142.0,0,0,0,
07,0708,0708021,635.6,113.5,647.8,126.2,0,0,0,
07,0708,0708023,651.0,119.8,660.7,129.7,0,0,0,
07,0708,0708025,677.8,88.5,692.1,103.8,0,0,0,
07,0708,0708027,678.2,103.8,688.0,116.9,0,0,0,
07,0708,0708029,641.3,88.0,656.6,108.4,0,0,0,
12,1202,1202001,64.3,203.7,75.1,215.3,0,0,0,
12,1202,1202003,112.6,178.6,118.9,183.6,0,0,0,
12,1202,1202005,61.2,211.5,72.0,223.2,0,0,0,
12,1202,1202007,122.8,164.6,131.1,173.1,0,0,0,
12,1202,1202009,51.7,218.9,62.1,230.5,0,0,0,
12,1202,1202011,104.5,176.9,113.0,186.0,0,0,0,
12,1202,1202013,49.4,218.0,64.0,227.7,0,0,0,
12,1202,1202015,11.7,256.9,26.7,269.1,1,1,1,front
12,1202,1202017,75.0,203.0,81.5,210.5,0,0,0,
12,1202,1202019,80.5,176.9,98.4,199.1,0,0,0,
12,1202,1202021,87.0,182.1,97.2,193.3,0,0,0,
12,1202,1202023,20.2,244.0,38.2,259.1,1,0,1,front
12,1202,1202025,77.6,194.2,86.8,204.2,0,0,0,
12,1202,1202027,23.3,230.9,41.7,249.0,1,0,1,front
12,1202,1202029,49.6,224.1,58.2,232.2,0,0,0,
12,1202,1202031,117.0,154.6,130.2,169.2,0,0,0,
12,1202,1202033,84.1,177.0,87.7,202.8,0,0,0,
12,1204,1204001,35.3,234.6,52.2,251.9,0,0,0,
12,1204,1204003,60.3,223.3,69.1,234.0,0,0,0,
12,1204,1204005,71.1,202.0,93.3,213.8,0,0,0,
12,1204,1204007,62.5,234.4,72.9,246.5,0,0,0,
12,1204,1204009,68.0,226.5,77.3,235.4,0,0,0,
12,1204,1204011,62.0,265.0,69.0,272.2,0,0,0,
12,1204,1204013,23.6,246.2,37.2,261.4,1,0,1,front
12,1204,1204015,70.2,205.6,80.3,216.7,0,0,0,
12,1204,1204017,40.8,212.4,62.7,234.7,0,0,0,
12,1204,1204019,81.8,215.7,95.0,224.7,0,0,0,
12,1204,1204021,66.1,238.0,81.3,254.7,0,0,0,
12,1204,1204023,50.7,245.4,60.3,261.4,0,0,0,
12,1206,1206001,4.1,303.3,23.8,326.9,1,1,1,front
12,1206,1206003,6.8,284.9,17.5,298.8,1,1,1,front
12,1206,1206005,39.7,269.4,61.6,289.7,0,0,0,
12,1206,1206007,35.9,321.3,45.2,330.4,0,0,0,
12,1206,1206009,0.0,317.7,4.4,329.3,1,1,1,front
12,1206,1206011,36.0,265.4,46.0,278.8,0,0,0,
12,1206,1206013,5.9,326.8,19.3,338.3,1,1,1,front
12,1206,1206015,55.2,335.7,72.7,351.2,0,0,0,
12,1206,1206017,42.1,284.4,53.5,307.3,0,0,0,
12,1206,1206019,57.7,294.8,72.1,314.2,0,0,0,
12,1206,1206021,27.9,316.3,33.4,326.6,1,0,1,front
12,1206,1206023,52.5,325.4,70.2,335.7,0,0,0,
12,1206,1206025,24.6,289.1,39.6,306.9,1,0,1,front
12,1206,1206027,11.1,268.3,25.1,282.5,1,1,1,front
12,1206,1206029,39.7,335.1,49.3,346.9,0,0,0,
12,1208,1208007,0.0,280.4,8.7,298.0,1,1,1,front
12,1208,1208009,0.0,301.3,3.0,314.6,1,1,1,front
12,1208,1208013,0.0,265.9,6.7,284.4,1,1,1,front
12,1208,1208015,0.0,290.2,3.2,307.9,1,1,1,front
12,1210,1210001,89.4,159.1,108.1,175.1,0,0,0,
12,1210,1210003,128.9,136.0,139.5,145.2,0,0,0,
12,1210,1210005,100.5,137.7,127.6,163.3,0,0,0,
12,1210,1210007,94.1,187.9,98.9,192.8,0,0,0,
12,1210,1210009,86.4,144.5,108.2,157.1,0,0,0,
12,1210,1210011,75.2,184.9,86.2,200.1,0,0,0,
12,1210,1210013,88.4,175.5,98.1,182.9,0,0,0,
12,1210,1210015,128.7,140.5,141.6,153.5,0,0,0,
12,1212,1212001,39.4,172.7,46.7,191.8,0,0,0,
12,1212,1212003,52.0,164.5,83.0,182.5,0,0,0,
12,1212,1212005,65.3,189.1,75.5,198.1,0,0,0,
12,1212,1212007,63.3,190.4,70.3,195.8,0,0,0,
12,1212,1212009,47.5,185.5,54.8,193.2,0,0,0,
12,1212,1212011,45.3,196.3,57.7,209.5,0,0,0,
12,1212,1212013,51.1,144.6,74.4,163.5,0,0,0,
12,1214,1214001,14.1,173.3,29.3,186.3,1,1,1,front
12,1214,1214003,15.6,208.5,35.9,227.4,1,0,1,front
12,1214,1214005,0.0,242.1,3.1,254.5,1,1,1,front
12,1214,1214007,13.1,209.7,29.2,222.7,1,1,1,front
12,1214,1214009,55.7,200.1,68.4,209.5,0,0,0,
12,1214,1214011,62.5,202.2,73.2,217.2,0,0,0,
12,1214,1214013,0.0,227.4,10.4,237.2,1,1,1,front
12,1214,1214015,0.0,192.9,6.5,212.3,1,1,1,front
12,1214,1214017,18.8,197.0,38.0,210.7,1,0,1,front
12,1214,1214019,0.0,219.7,6.6,229.8,1,1,1,front
12,1214,1214021,29.3,207.4,30.2,208.7,1,0,1,front
12,1214,1214023,16.2,184.8,28.0,199.2,1,1,1,front
12,1214,1214025,0.0,236.4,11.8,252.7,1,1,1,front
12,1214,1214027,32.1,212.8,55.1,231.8,0,0,0,
12,1214,1214029,42.1,212.3,53.1,221.8,0,0,0,
12,1214,1214031,54.8,222.5,57.4,226.2,0,0,0,
12,1214,1214033,35.5,233.9,53.4,243.6,0,0,0,
12,1214,1214035,0.0,182.7,3.1,197.6,1,1,1,front
12,1214,1214037,4.7,177.0,17.9,191.4,1,1,1,front
14,1412,1412001,0.0,157.7,4.7,166.4,1,1,1,front
14,1412,1412003,0.0,162.4,7.3,173.1,1,1,1,front
14,1412,1412009,0.0,142.2,2.8,157.7,1,1,1,front
14,1412,1412011,0.0,97.9,11.8,122.7,1,1,1,front
14,1412,1412013,0.0,128.4,6.3,144.0,1,1,1,front
14,1412,1412015,0.0,163.9,6.5,176.1,1,1,1,front
14,1412,1412017,4.0,147.2,15.5,164.6,1,1,1,front
14,1412,1412019,18.0,117.9,34.0,128.7,1,0,1,front
14,1412,1412021,11.9,135.6,20.6,140.5,1,1,1,front
14,1412,1412023,13.9,132.0,26.4,142.9,1,1,1,front
14,1416,1416003,0.0,173.2,2.9,178.2,1,1,1,front
18,1802,1802001,418.7,137.0,434.1,154.0,0,0,0,
18,1802,1802003,439.7,159.9,448.0,167.0,0,0,0,
18,1802,1802005,407.4,164.6,417.6,173.0,0,0,0,
18,1802,1802007,440.4,150.6,449.1,158.3,0,0,0,
18,1802,1802009,450.6,169.3,465.9,181.9,0,0,0,
18,1802,1802011,437.6,164.4,448.3,173.9,0,0,0,
18,1802,1802013,386.5,168.8,403.9,184.3,0,0,0,
18,1802,1802015,429.9,162.5,435.5,172.9,0,0,0,
18,1802,1802017,431.2,147.5,442.8,156.2,0,0,0,
18,1802,1802019,452.3,152.6,457.8,160.8,0,0,0,
18,1804,1804001,410.3,156.9,417.1,164.2,0,0,0,
18,1804,1804003,475.7,117.7,489.1,125.4,0,0,0,
18,1804,1804005,418.9,107.5,431.0,126.0,0,0,0,
18,1804,1804007,475.6,106.1,480.1,113.9,0,0,0,
18,1804,1804009,459.3,71.3,465.0,80.5,0,0,0,
18,1804,1804011,459.8,159.4,469.7,170.1,0,0,0,
18,1804,1804013,440.2,130.8,449.1,139.7,0,0,0,
18,1804,1804015,462.7,115.3,471.6,125.6,0,0,0,
18,1804,1804017,453.3,81.2,459.4,86.7,0,0,0,
18,1804,1804019,469.9,117.9,475.8,127.9,0,0,0,
18,1804,1804021,398.1,148.7,407.7,156.7,0,0,0,
18,1804,1804023,407.1,133.8,417.7,143.6,0,0,0,
18,1804,1804025,434.5,111.2,447.4,125.0,0,0,0,
18,1804,1804027,503.8,99.8,517.9,114.7,0,0,0,
18,1804,1804029,463.4,156.9,480.4,175.4,0,0,0,
18,1804,1804031,491.8,141.9,503.5,150.3,0,0,0,
18,1804,1804033,499.9,73.3,509.9,81.6,0,0,0,
18,1804,1804035,456.3,133.0,468.6,145.3,0,0,0,
18,1804,1804037,475.0,104.6,492.5,115.1,0,0,0,
18,1804,1804039,398.2,137.6,420.6,156.6,0,0,0,
18,1804,1804041,475.5,77.1,487.1,85.4,0,0,0,
18,1804,1804043,492.4,94.2,507.3,112.1,0,0,0,
18,1804,1804045,442.2,76.2,463.7,97.2,0,0,0,
18,1804,1804047,478.8,127.7,495.4,145.3,0,0,0,
18,1804,1804049,450.7,130.2,458.5,141.5,0,0,0,
18,1804,1804051,452.5,95.9,474.1,107.7,0,0,0,
18,1804,1804053,472.4,128.7,481.5,135.5,0,0,0,
18,1804,1804055,444.3,118.1,455.5,129.7,0,0,0,
18,1804,1804057,497.6,76.8,518.2,92.4,0,0,0,
18,1804,1804059,480.0,80.2,489.9,97.2,0,0,0,
18,1804,1804061,456.0,141.5,474.6,156.4,0,0,0,
18,1806,1806001,568.1,33.6,574.8,41.3,0,0,0,
18,1806,1806003,527.6,0.0,541.4,17.9,1,1,1,border
18,1806,1806005,531.3,52.6,537.9,58.4,0,0,0,
18,1806,1806007,496.9,59.1,509.8,72.2,0,0,0,
18,1806,1806009,506.1,30.3,519.9,48.9,0,0,0,
18,1806,1806011,539.3,21.7,554.7,50.7,1,0,1,border
18,1806,1806013,460.1,37.7,482.5,59.7,0,0,0,
18,1806,1806015,487.9,0.0,524.3,23.8,1,1,1,border
18,1806,1806017,527.3,0.0,557.6,8.3,1,1,1,border
18,1806,1806019,574.0,0.0,602.2,18.1,1,1,1,border
18,1806,1806021,554.3,0.0,583.0,13.7,1,1,1,border
18,1806,1806023,511.4,48.8,532.5,64.3,0,0,0,
18,1806,1806025,489.2,47.9,501.9,60.1,0,0,0,
18,1808,1808001,505.3,113.4,522.2,129.2,0,0,0,
18,1808,1808003,526.7,65.6,543.6,83.5,0,0,0,
18,1808,1808005,520.3,88.2,533.4,102.3,0,0,0,
18,1808,1808007,565.6,50.1,586.0,70.9,0,0,0,
18,1808,1808009,505.5,113.5,514.2,124.1,0,0,0,
18,1808,1808011,530.4,116.2,539.9,124.9,0,0,0,
18,1808,1808013,540.0,44.9,566.1,68.0,0,0,0,
18,1808,1808015,543.7,86.8,556.1,97.2,0,0,0,
18,1808,1808017,557.0,87.7,566.1,99.9,0,0,0,
18,1808,1808019,525.3,100.1,537.5,108.7,0,0,0,
18,1808,1808021,545.2,73.2,564.3,85.2,0,0,0,
18,1808,1808023,537.8,101.9,547.6,110.7,0,0,0,
21,2102,2102001,728.7,354.8,737.3,359.6,0,0,0,
21,2102,2102003,702.6,357.5,716.4,370.6,0,0,0,
21,2102,2102005,702.3,352.9,707.3,364.2,0,0,0,
21,2102,2102007,716.8,358.6,725.9,370.6,0,0,0,
21,2102,2102009,695.2,363.2,700.0,372.7,0,0,0,
21,2102,2102011,678.8,360.1,688.2,370.4,0,0,0,
21,2102,2102013,691.6,352.4,697.8,358.2,0,0,0,
21,2102,2102015,670.1,369.2,678.3,375.5,0,0,0,
21,2102,2102017,726.5,359.1,734.2,366.2,0,0,0,
21,2102,2102019,680.1,378.5,689.1,386.9,0,0,0,
21,2104,2104001,724.3,331.8,734.6,345.0,0,0,0,
21,2104,2104003,705.0,341.3,711.6,347.3,0,0,0,
21,2104,2104005,685.1,302.5,692.9,312.5,0,0,0,
21,2104,2104007,720.7,351.2,726.0,356.6,0,0,0,
21,2104,2104009,701.9,290.2,713.2,302.1,0,0,0,
21,2104,2104011,719.9,328.8,723.9,337.6,0,0,0,
21,2104,2104013,713.3,323.1,719.3,333.4,0,0,0,
21,2104,2104015,699.7,339.5,720.8,352.9,0,0,0,
21,2104,2104017,688.8,312.1,700.4,321.5,0,0,0,
21,2104,2104019,693.9,294.4,700.3,303.3,0,0,0,
21,2104,2104021,701.6,308.2,708.8,320.4,0,0,0,
21,2104,2104023,687.1,320.4,696.5,334.4,0,0,0,
21,2104,2104025,702.5,323.6,712.6,335.3,0,0,0,
21,2106,2106001,570.4,372.3,583.5,386.6,0,0,0,
21,2106,2106003,602.5,358.1,612.4,377.3,0,0,0,
21,2106,2106005,589.7,370.4,600.6,385.7,0,0,0,
21,2106,2106007,581.3,345.6,595.9,362.7,0,0,0,
21,2108,2108001,636.4,380.6,639.4,384.8,0,0,0,
21,2108,2108003,643.0,359.2,648.8,371.5,0,0,0,
21,2108,2108005,634.9,365.0,639.5,373.7,0,0,0,
21,2108,2108007,618.2,353.2,624.6,365.1,0,0,0,
21,2108,2108009,624.1,344.4,635.3,363.9,0,0,0,
21,2108,2108011,616.4,374.3,625.5,385.0,0,0,0,
21,2108,2108013,628.7,381.9,633.3,385.6,0,0,0,
21,2108,2108015,638.4,375.1,645.8,381.6,0,0,0,
21,2108,2108017,640.3,349.7,644.8,361.8,0,0,0,
21,2108,2108019,611.1,325.3,628.7,343.1,0,0,0,
21,2110,2110001,739.5,324.9,745.6,337.1,0,0,0,
21,2110,2110003,741.1,286.5,749.7,298.0,0,0,0,
21,2110,2110005,733.0,347.5,742.6,352.6,0,0,0,
21,2110,2110007,725.6,295.4,735.0,301.7,0,0,0,
21,2110,2110009,718.7,286.6,732.0,294.3,0,0,0,
21,2110,2110011,741.4,314.2,749.6,322.6,0,0,0,
21,2110,2110013,733.3,307.9,742.1,315.2,0,0,0,
21,2110,2110015,727.6,322.2,734.6,332.8,0,0,0,
21,2110,2110017,718.6,276.4,734.2,285.2,0,0,0,
21,2110,2110019,744.8,338.9,754.8,345.0,0,0,0,
21,2110,2110021,713.7,300.9,728.2,315.1,0,0,0,
21,2110,2110023,749.7,329.1,754.3,333.8,0,0,0,
21,2110,2110025,748.4,335.0,755.6,339.0,0,0,0,
21,2110,2110027,743.6,351.7,748.8,355.8,0,0,0,
21,2112,2112001,673.5,346.4,680.8,355.4,0,0,0,
21,2112,2112003,649.1,369.4,663.4,380.5,0,0,0,
21,2112,2112005,652.4,337.9,659.8,349.3,0,0,0,
21,2112,2112007,665.4,334.3,675.9,346.3,0,0,0,
21,2112,2112009,645.8,341.6,652.5,356.1,0,0,0,
21,2112,2112011,685.6,357.3,687.7,361.4,0,0,0,
21,2112,2112013,683.8,336.0,693.3,347.4,0,0,0,
21,2112,2112015,668.4,317.7,681.9,330.3,0,0,0,
21,2112,2112017,639.7,331.4,646.2,339.3,0,0,0,
21,2112,2112019,651.8,306.0,665.1,325.9,0,0,0,
21,2112,2112021,672.2,302.4,682.1,316.7,0,0,0,
21,2112,2112023,639.9,315.6,650.0,325.4,0,0,0,
21,2112,2112025,650.3,352.4,667.6,367.4,0,0,0,
23,2306,2306001,0.0,289.5,5.7,304.3,1,1,1,front
23,2306,2306003,28.0,249.9,37.7,260.5,1,0,1,front
23,2306,2306005,3.1,281.3,7.8,289.3,1,1,1,front
23,2306,2306007,10.0,269.1,21.8,279.9,1,1,1,front
23,2306,2306009,0.0,269.3,15.3,286.0,1,1,1,front
23,2306,2306011,0.0,288.7,4.8,300.5,1,1,1,front
23,2306,2306013,17.1,267.2,24.2,274.0,1,1,1,front
23,2306,2306015,24.4,259.7,32.5,267.8,1,0,1,front
23,2306,2306017,12.4,241.1,22.1,257.6,1,1,1,front
23,2306,2306019,0.0,241.3,8.1,256.6,1,1,1,front
23,2306,2306021,0.0,286.4,4.3,294.3,1,1,1,front
23,2306,2306023,23.7,250.0,30.3,259.6,1,0,1,front
23,2306,2306025,33.6,246.8,44.1,255.0,0,0,0,
23,2306,2306027,9.5,277.1,14.4,283.8,1,1,1,front
23,2306,2306029,0.0,285.3,11.5,294.1,1,1,1,front
23,2306,2306033,9.1,252.5,27.7,267.8,1,1,1,front
23,2310,2310013,0.0,296.3,4.8,303.6,1,1,1,front
23,2310,2310017,0.0,296.8,8.8,307.4,1,1,1,front
23,2310,2310021,0.0,271.6,6.7,286.9,1,1,1,front
26,2602,2602001,538.2,377.2,554.0,400.9,0,0,0,
26,2602,2602003,546.6,364.2,558.2,380.1,0,0,0,
26,2602,2602005,541.0,375.5,563.4,400.9,0,0,0,
26,2604,2604001,597.7,255.8,604.3,264.4,0,0,0,
26,2604,2604003,594.2,294.8,604.2,306.7,0,0,0,
26,2604,2604005,623.0,245.1,630.5,252.0,0,0,0,
26,2604,2604007,609.1,249.4,619.0,257.2,0,0,0,
26,2604,2604009,600.4,262.5,609.6,273.6,0,0,0,
26,2604,2604011,607.0,299.4,615.3,305.2,0,0,0,
26,2604,2604013,585.8,268.0,595.4,278.0,0,0,0,
26,2604,2604015,583.9,279.0,596.4,285.0,0,0,0,
26,2604,2604017,599.2,289.6,602.5,293.0,0,0,0,
26,2604,2604019,587.3,286.7,594.7,300.3,0,0,0,
26,2604,2604021,600.2,286.4,607.6,293.4,0,0,0,
26,2604,2604023,550.5,317.1,559.0,325.5,0,0,0,
26,2604,2604025,552.3,304.2,565.1,311.5,0,0,0,
26,2604,2604027,605.6,221.3,629.9,239.2,0,0,0,
26,2604,2604029,601.9,307.3,614.3,319.5,0,0,0,
26,2604,2604031,599.9,290.8,610.1,297.6,0,0,0,
26,2604,2604033,574.3,287.8,585.9,301.2,0,0,0,
26,2604,2604035,564.3,290.2,574.0,306.3,0,0,0,
26,2604,2604037,597.0,287.3,600.6,289.7,0,0,0,
26,2604,2604039,596.7,278.9,606.0,284.9,0,0,0,
26,2606,2606001,651.7,261.8,671.6,276.2,0,0,0,
26,2606,2606003,632.4,268.6,639.7,275.2,0,0,0,
26,2606,2606005,626.5,260.4,632.7,266.4,0,0,0,
26,2606,2606007,640.7,280.6,657.7,302.9,0,0,0,
26,2606,2606009,653.0,270.7,661.6,278.1,0,0,0,
26,2606,2606011,614.7,256.4,623.9,266.0,0,0,0,
26,2606,2606013,637.7,261.3,648.6,277.4,0,0,0,
26,2606,2606015,627.5,287.6,632.5,294.8,0,0,0,
26,2606,2606017,611.4,268.9,623.9,278.1,0,0,0,
26,2606,2606019,613.6,279.5,619.0,288.2,0,0,0,
26,2606,2606021,617.7,290.8,633.9,313.8,0,0,0,
26,2606,2606023,617.8,280.0,628.0,288.6,0,0,0,
26,2606,2606025,629.2,287.9,639.5,300.1,0,0,0,
26,2608,2608001,534.9,338.4,543.5,343.0,0,0,0,
26,2608,2608003,523.3,316.4,537.7,334.8,0,0,0,
26,2608,2608005,529.5,344.6,538.3,353.2,0,0,0,
26,2608,2608007,547.8,327.1,561.1,339.7,0,0,0,
26,2608,2608009,560.2,316.5,565.6,326.6,0,0,0,
26,2608,2608011,543.1,345.7,548.4,352.0,0,0,0,
26,2608,2608013,550.2,342.8,559.0,348.9,0,0,0,
26,2608,2608015,567.1,310.1,576.3,320.6,0,0,0,
26,2608,2608017,559.4,334.8,567.7,342.7,0,0,0,
26,2608,2608019,543.3,332.8,550.0,340.1,0,0,0,
26,2608,2608021,550.4,328.3,557.2,336.1,0,0,0,
26,2608,2608023,511.9,346.0,525.3,358.1,0,0,0,
26,2608,2608025,536.8,315.4,544.7,323.2,0,0,0,
26,2610,2610001,538.7,355.4,549.0,366.8,0,0,0,
26,2610,2610003,558.2,356.5,564.8,362.6,0,0,0,
26,2610,2610005,535.4,369.8,544.6,375.5,0,0,0,
26,2610,2610007,532.6,356.8,537.5,365.3,0,0,0,
26,2610,2610009,552.2,345.8,564.3,353.4,0,0,0,
26,2612,2612001,571.9,346.7,578.3,363.8,0,0,0,
26,2612,2612003,572.6,330.2,581.9,339.5,0,0,0,
26,2612,2612005,575.7,321.7,580.2,329.8,0,0,0,
26,2612,2612007,580.9,315.7,589.6,324.8,0,0,0,
26,2612,2612009,591.8,320.3,605.9,333.9,0,0,0,
26,2612,2612011,580.5,311.1,590.7,317.4,0,0,0,
26,2612,2612013,581.9,329.6,597.1,348.5,0,0,0,
26,2612,2612015,569.7,335.8,580.8,350.5,0,0,0,
32,3200,3200000,445.1,0.0,492.9,15.3,1,1,1,border
32,3202,3202001,352.7,150.5,365.5,161.8,0,0,0,
32,3202,3202003,346.8,183.3,364.1,199.2,0,0,0,
32,3202,3202005,359.7,133.9,370.5,144.3,0,0,0,
32,3202,3202007,369.7,129.6,384.3,144.7,0,0,0,
32,3202,3202009,340.0,170.1,353.8,184.8,0,0,0,
32,3202,3202011,291.7,197.5,302.4,206.4,0,0,0,
32,3202,3202013,318.6,158.7,338.8,172.6,0,0,0,
32,3202,3202015,371.2,159.9,389.7,182.1,0,0,0,
32,3202,3202017,317.4,191.8,338.6,209.3,0,0,0,
32,3202,3202019,309.4,180.2,325.8,197.7,0,0,0,
32,3202,3202021,328.2,206.6,347.0,220.5,0,0,0,
32,3202,3202023,341.3,141.4,352.6,156.0,0,0,0,
32,3202,3202025,364.9,153.5,375.8,168.3,0,0,0,
32,3204,3204001,338.9,94.4,358.7,108.9,0,0,0,
32,3204,3204003,314.2,110.7,338.6,133.2,0,0,0,
32,3204,3204005,359.2,99.9,365.0,106.9,0,0,0,
32,3204,3204007,310.5,131.5,322.6,144.5,0,0,0,
32,3204,3204009,361.9,98.6,370.4,106.5,0,0,0,
32,3204,3204011,309.9,132.3,321.3,141.8,0,0,0,
32,3204,3204013,367.2,91.8,371.9,97.4,0,0,0,
32,3204,3204015,306.6,124.5,321.6,139.5,0,0,0,
32,3204,3204017,285.8,145.9,300.9,160.2,0,0,0,
32,3204,3204019,285.8,150.0,301.2,162.7,0,0,0,
32,3204,3204021,291.3,126.8,311.4,149.7,0,0,0,
32,3206,3206001,326.8,92.8,347.1,114.7,0,0,0,
32,3206,3206003,325.8,112.1,338.7,122.1,0,0,0,
32,3206,3206005,373.3,83.2,378.6,90.6,0,0,0,
32,3206,3206007,360.6,67.7,378.5,84.6,0,0,0,
32,3206,3206009,391.5,56.2,397.7,69.7,0,0,0,
32,3206,3206011,318.3,105.0,342.3,119.9,0,0,0,
32,3206,3206013,376.4,73.2,386.5,81.1,0,0,0,
32,3206,3206015,374.0,59.6,386.2,74.8,0,0,0,
32,3208,3208001,395.1,89.9,402.0,98.2,0,0,0,
32,3208,3208003,430.5,62.0,441.1,77.2,0,0,0,
32,3208,3208005,390.5,90.9,399.2,94.8,0,0,0,
32,3208,3208007,413.1,64.0,425.5,76.5,0,0,0,
32,3208,3208009,390.9,96.5,393.4,99.2,0,0,0,
32,3208,3208011,409.5,71.7,417.1,77.7,0,0,0,
32,3208,3208013,404.2,89.5,412.1,95.3,0,0,0,
32,3208,3208015,407.6,81.0,416.1,87.5,0,0,0,
32,3208,3208017,403.3,86.1,404.6,87.0,0,0,0,
32,3208,3208019,412.2,81.1,433.4,101.2,0,0,0,
32,3208,3208021,420.6,78.0,427.7,83.4,0,0,0,
32,3208,3208023,447.8,68.7,456.7,78.3,0,0,0,
32,3210,3210001,397.5,64.4,404.8,72.4,0,0,0,
32,3210,3210003,416.5,25.9,439.0,47.5,1,0,1,border
32,3210,3210005,439.5,19.3,471.2,51.9,1,0,1,border
32,3210,3210007,407.1,59.8,415.0,69.2,0,0,0,
32,3210,3210009,398.5,26.4,418.0,51.0,1,0,1,border
32,3210,3210011,475.7,14.3,487.7,31.6,1,0,1,border
32,3210,3210013,437.9,1.0,440.9,11.2,1,1,1,border
32,3212,3212001,289.9,180.4,304.9,194.0,0,0,0,
32,3212,3212003,358.9,115.1,375.7,129.4,0,0,0,
32,3212,3212005,317.2,137.8,332.9,155.9,0,0,0,
32,3212,3212007,362.7,108.1,373.2,116.4,0,0,0,
32,3212,3212009,290.7,157.4,311.0,176.5,0,0,0,
32,3212,3212011,347.3,121.2,358.0,134.3,0,0,0,
32,3212,3212013,305.8,131.6,327.0,148.4,0,0,0,
32,3212,3212015,339.9,116.6,350.4,130.0,0,0,0,
32,3212,3212017,374.6,102.7,381.0,109.9,0,0,0,
32,3214,3214001,401.4,101.8,421.8,118.8,0,0,0,
32,3214,3214003,387.8,99.7,397.0,109.5,0,0,0,
32,3214,3214005,385.0,99.1,390.0,104.7,0,0,0,
32,3214,3214007,377.3,109.4,382.9,115.8,0,0,0,
32,3214,3214009,383.2,110.9,393.4,122.0,0,0,0,
32,3214,3214011,384.4,136.6,399.0,149.2,0,0,0,
32,3214,3214013,398.5,121.8,408.0,130.4,0,0,0,
32,3214,3214015,382.1,123.0,396.4,135.8,0,0,0,
32,3214,3214017,385.6,100.4,387.8,102.9,0,0,0,
35,3502,3502001,210.7,306.4,230.9,326.8,0,0,0,
35,3502,3502003,192.4,314.0,208.4,330.1,0,0,0,
35,3502,3502005,234.6,311.1,247.7,328.8,0,0,0,
35,3502,3502007,208.9,304.5,225.4,322.2,0,0,0,
35,3502,3502009,219.5,317.2,237.6,333.4,0,0,0,
35,3502,3502011,224.4,278.4,236.5,289.8,0,0,0,
35,3502,3502013,231.0,277.6,245.1,290.5,0,0,0,
35,3502,3502015,228.9,298.0,240.9,306.2,0,0,0,
35,3502,3502017,223.6,285.2,240.7,300.3,0,0,0,
35,3502,3502019,199.9,328.3,209.3,336.6,0,0,0,
35,3504,3504001,129.4,289.9,140.9,300.9,0,0,0,
35,3504,3504003,124.5,353.8,136.0,360.7,0,0,0,
35,3504,3504005,151.9,301.2,166.5,310.7,0,0,0,
35,3504,3504007,73.1,290.6,87.1,306.0,0,0,0,
35,3504,3504009,136.5,257.1,155.8,271.9,0,0,0,
35,3504,3504011,86.5,308.5,102.0,320.6,0,0,0,
35,3504,3504013,135.4,275.9,144.7,282.2,0,0,0,
35,3504,3504015,162.4,302.6,175.3,315.4,0,0,0,
35,3504,3504017,103.5,342.1,127.5,370.9,0,0,0,
35,3504,3504019,126.7,323.2,149.5,342.5,0,0,0,
35,3504,3504021,152.1,310.0,159.1,318.1,0,0,0,
35,3504,3504023,98.7,277.6,119.9,303.6,0,0,0,
35,3504,3504025,162.3,266.5,182.7,290.8,0,0,0,
35,3504,3504027,132.5,306.3,147.1,317.1,0,0,0,
35,3504,3504029,154.5,317.9,168.0,331.7,0,0,0,
35,3504,3504031,128.4,276.5,159.1,298.3,0,0,0,
35,3504,3504033,93.9,329.0,114.6,346.2,0,0,0,
35,3506,3506001,146.2,338.7,159.9,352.2,0,0,0,
35,3506,3506003,192.3,304.8,206.7,315.6,0,0,0,
35,3506,3506005,192.4,297.4,212.5,319.3,0,0,0,
35,3506,3506007,181.7,305.9,197.7,317.6,0,0,0,
35,3506,3506009,192.2,291.4,206.8,302.7,0,0,0,
35,3506,3506011,179.3,300.1,191.3,312.0,0,0,0,
35,3506,3506013,181.0,271.7,205.9,288.3,0,0,0,
35,3506,3506015,174.1,321.7,184.7,333.1,0,0,0,
35,3506,3506017,171.9,325.4,190.7,339.9,0,0,0,
35,3506,3506019,172.4,338.9,179.6,344.7,0,0,0,
35,3506,3506021,157.8,318.1,171.7,342.6,0,0,0,
35,3506,3506023,203.8,287.7,220.5,300.0,0,0,0,
35,3506,3506025,215.5,297.4,225.1,309.9,0,0,0,
35,3508,3508001,138.8,222.0,157.5,239.7,0,0,0,
35,3508,3508003,109.6,270.8,123.3,280.6,0,0,0,
35,3508,3508005,97.2,254.9,116.9,268.2,0,0,0,
35,3508,3508007,106.2,204.1,120.1,225.9,0,0,0,
35,3508,3508009,128.7,258.6,136.5,266.0,0,0,0,
35,3508,3508011,62.0,255.6,85.3,282.5,0,0,0,
35,3508,3508013,89.7,227.2,100.7,244.6,0,0,0,
35,3508,3508015,106.6,239.4,124.1,254.0,0,0,0,
35,3508,3508017,128.1,216.0,144.6,229.5,0,0,0,
46,4602,4602001,692.6,229.3,706.3,240.5,0,0,0,
46,4602,4602003,679.9,221.5,701.0,234.5,0,0,0,
46,4602,4602005,678.0,215.6,688.7,227.0,0,0,0,
46,4602,4602007,696.9,237.9,704.9,255.2,0,0,0,
46,4602,4602009,679.7,239.6,688.6,250.9,0,0,0,
46,4604,4604001,619.5,160.6,642.5,178.8,0,0,0,
46,4604,4604003,637.5,162.2,656.7,177.8,0,0,0,
46,4604,4604005,625.8,172.7,638.3,189.5,0,0,0,
46,4604,4604007,615.6,188.5,635.0,202.9,0,0,0,
46,4604,4604009,646.2,181.7,657.8,188.7,0,0,0,
46,4604,4604011,608.0,195.7,619.5,204.6,0,0,0,
46,4604,4604013,617.2,208.4,623.5,218.9,0,0,0,
46,4606,4606001,643.4,199.2,659.8,212.2,0,0,0,
46,4606,4606003,694.1,192.6,702.1,198.8,0,0,0,
46,4606,4606005,642.8,185.8,656.9,196.9,0,0,0,
46,4606,4606007,697.2,178.4,708.6,189.5,0,0,0,
46,4606,4606009,660.3,189.6,669.5,199.6,0,0,0,
46,4606,4606011,710.1,140.8,720.3,149.3,0,0,0,
46,4606,4606013,687.5,141.3,705.2,155.2,0,0,0,
46,4606,4606015,674.3,163.1,681.1,170.6,0,0,0,
46,4606,4606017,689.6,182.0,695.2,185.8,0,0,0,
46,4606,4606019,666.3,148.5,683.5,160.7,0,0,0,
46,4606,4606021,684.1,200.6,694.7,210.7,0,0,0,
46,4606,4606023,684.3,162.6,691.2,169.4,0,0,0,
46,4606,4606025,676.9,166.7,693.3,179.5,0,0,0,
46,4606,4606027,677.6,177.4,683.0,181.3,0,0,0,
46,4606,4606029,665.7,167.0,674.4,176.9,0,0,0,
46,4606,4606031,691.8,184.4,695.3,189.3,0,0,0,
46,4606,4606033,622.8,200.2,636.8,217.9,0,0,0,
46,4606,4606035,662.7,185.0,669.5,191.4,0,0,0,
46,4606,4606037,682.0,192.5,689.7,198.7,0,0,0,
46,4606,4606039,717.0,128.3,732.0,137.6,0,0,0,
46,4606,4606041,684.8,187.8,689.2,190.6,0,0,0,
46,4606,4606043,670.8,190.3,680.1,199.3,0,0,0,
46,4606,4606045,678.8,198.6,688.0,206.1,0,0,0,
46,4608,4608001,723.5,206.3,733.0,214.9,0,0,0,
46,4608,4608003,700.5,257.2,719.3,275.5,0,0,0,
46,4608,4608005,741.1,204.5,752.2,214.7,0,0,0,
46,4608,4608007,700.3,205.9,716.5,215.3,0,0,0,
46,4608,4608009,711.7,217.9,720.7,229.7,0,0,0,
46,4608,4608011,696.7,192.5,715.7,205.7,0,0,0,
46,4608,4608013,722.3,217.6,727.0,222.5,0,0,0,
46,4608,4608015,724.6,224.6,738.8,234.4,0,0,0,
46,4608,4608017,716.4,237.4,732.5,247.0,0,0,0,
46,4608,4608019,708.3,250.0,720.6,259.0,0,0,0,
46,4608,4608021,730.6,218.0,748.8,228.9,0,0,0,
46,4610,4610001,648.5,237.2,655.5,244.7,0,0,0,
46,4610,4610003,669.3,247.7,678.5,256.0,0,0,0,
46,4610,4610005,642.1,229.1,661.7,238.4,0,0,0,
46,4610,4610007,627.2,245.0,642.4,255.0,0,0,0,
46,4610,4610009,685.8,272.4,697.6,288.6,0,0,0,
46,4610,4610011,666.7,209.1,681.2,223.3,0,0,0,
46,4610,4610013,655.4,251.8,664.6,258.8,0,0,0,
46,4610,4610015,654.4,220.5,660.8,226.7,0,0,0,
46,4610,4610017,663.8,219.1,669.1,227.8,0,0,0,
46,4610,4610019,672.1,251.3,687.2,268.6,0,0,0,
46,4610,4610021,668.6,280.0,682.8,294.4,0,0,0,
46,4610,4610023,645.1,233.2,662.7,250.0,0,0,0,
46,4610,4610025,659.0,203.8,674.0,213.4,0,0,0,
46,4610,4610027,637.4,214.8,649.0,231.2,0,0,0,
46,4612,4612001,708.0,116.8,723.3,127.0,0,0,0,
46,4612,4612003,693.4,131.6,703.6,143.9,0,0,0,
46,4612,4612005,666.4,140.9,686.7,151.7,0,0,0,
46,4612,4612007,651.5,148.1,661.0,159.5,0,0,0,
46,4612,4612009,662.2,131.1,681.1,148.0,0,0,0,
46,4612,4612011,689.0,97.9,711.6,116.9,0,0,0,
46,4612,4612013,695.3,120.1,705.9,131.4,0,0,0,
46,4614,4614001,697.3,153.6,712.0,168.3,0,0,0,
46,4614,4614003,723.8,177.1,737.0,191.4,0,0,0,
46,4614,4614005,711.1,157.0,722.5,170.9,0,0,0,
46,4614,4614007,719.2,185.1,726.8,194.8,0,0,0,
46,4614,4614009,736.6,186.9,749.7,200.3,0,0,0,
46,4614,4614011,720.7,143.6,739.0,166.5,0,0,0,
48,4802,4802001,38.1,382.5,59.3,405.1,0,0,0,
48,4802,4802003,17.5,365.5,38.3,389.2,1,0,1,front
48,4802,4802005,59.7,364.5,68.8,379.7,0,0,0,
48,4802,4802007,50.4,358.0,63.1,361.2,0,0,0,
48,4802,4802009,2.2,426.2,18.9,437.2,1,1,1,front
48,4802,4802011,41.1,411.9,54.3,419.8,0,0,0,
48,4802,4802013,63.2,320.1,90.1,346.5,0,0,0,
48,4802,4802015,75.1,355.3,84.4,369.9,0,0,0,
48,4802,4802017,71.1,393.1,81.7,408.3,0,0,0,
48,4802,4802019,0.0,402.7,14.7,419.9,1,1,1,front
48,4802,4802021,74.5,370.5,92.3,384.3,0,0,0,
48,4802,4802023,24.1,409.6,32.1,421.3,1,0,1,front
48,4804,4804001,126.5,372.3,140.5,388.7,0,0,0,
48,4804,4804003,111.7,402.6,120.4,411.0,0,0,0,
48,4804,4804005,75.8,425.3,99.8,443.1,0,0,0,
48,4804,4804007,107.6,407.9,114.6,418.2,0,0,0,
48,4804,4804009,127.0,378.0,146.5,396.7,0,0,0,
48,4804,4804011,93.1,416.3,104.2,427.3,0,0,0,
48,4804,4804013,90.1,381.6,115.2,404.0,0,0,0,
48,4804,4804015,110.7,409.3,123.4,422.1,0,0,0,
48,4804,4804017,145.0,355.0,159.2,366.9,0,0,0,
48,4804,4804019,119.3,389.8,130.6,401.8,0,0,0,
48,4804,4804021,95.0,414.7,112.0,425.1,0,0,0,
48,4804,4804023,125.7,376.9,141.9,394.8,0,0,0,
48,4804,4804025,140.7,374.5,150.2,384.5,0,0,0,
48,4806,4806001,31.9,471.6,46.7,496.0,0,0,0,
48,4806,4806003,31.8,453.5,45.8,467.2,0,0,0,
48,4806,4806005,47.2,429.2,58.4,439.8,0,0,0,
48,4806,4806007,8.9,464.7,22.4,479.2,1,1,1,front
48,4806,4806009,32.7,492.6,49.0,506.8,0,0,0,
48,4806,4806011,47.3,430.3,63.2,448.8,0,0,0,
48,4806,4806013,0.0,482.6,16.3,499.2,1,1,1,front
48,4806,4806015,27.5,452.6,40.3,464.7,1,0,1,front
48,4806,4806017,46.5,441.3,55.5,449.4,0,0,0,
48,4806,4806019,38.6,469.7,47.9,479.3,0,0,0,
48,4806,4806021,75.8,410.0,94.4,432.9,0,0,0,
48,4806,4806023,60.6,441.6,74.8,452.9,0,0,0,
48,4806,4806025,0.0,504.3,7.2,515.2,1,1,1,front
48,4806,4806027,31.5,421.1,43.4,435.5,0,0,0,
48,4806,4806029,21.3,464.9,29.5,479.2,1,1,1,front
48,4806,4806031,54.4,445.2,69.5,463.4,0,0,0,
48,4806,4806033,76.1,400.7,90.8,421.1,0,0,0,
48,4806,4806035,22.4,480.3,29.0,495.8,1,1,1,front
48,4806,4806037,24.3,441.9,38.2,453.5,1,0,1,front
48,4808,4808001,138.5,359.4,155.3,376.9,0,0,0,
48,4808,4808003,157.1,348.3,172.0,361.9,0,0,0,
48,4808,4808005,147.0,370.9,166.6,389.0,0,0,0,
48,4808,4808007,159.2,363.1,170.4,373.3,0,0,0,
48,4808,4808009,178.5,343.6,194.1,363.7,0,0,0,
48,4808,4808011,157.8,339.0,182.8,352.3,0,0,0,
48,4808,4808013,169.3,350.4,182.7,359.7,0,0,0,
48,4808,4808015,184.4,339.1,192.3,348.8,0,0,0,
51,5102,5102001,136.8,406.6,152.1,418.9,0,0,0,
51,5102,5102003,77.0,427.4,102.0,453.3,0,0,0,
51,5102,5102005,90.6,474.8,100.7,481.0,0,0,0,
51,5102,5102007,123.1,450.5,137.8,465.4,0,0,0,
51,5102,5102009,94.1,472.4,112.4,486.1,0,0,0,
51,5102,5102011,98.5,443.6,120.9,461.0,0,0,0,
51,5102,5102013,75.1,467.9,86.8,478.7,0,0,0,
51,5102,5102015,123.5,402.2,137.9,418.2,0,0,0,
51,5102,5102017,69.6,445.2,84.3,462.2,0,0,0,
51,5102,5102019,134.6,439.7,143.9,449.3,0,0,0,
51,5102,5102021,97.2,442.0,106.2,455.9,0,0,0,
51,5102,5102023,108.4,441.0,121.1,452.2,0,0,0,
51,5102,5102025,140.6,411.4,150.9,426.1,0,0,0,
51,5102,5102027,121.7,426.4,133.8,434.9,0,0,0,
51,5102,5102029,161.4,426.5,168.3,435.1,0,0,0,
51,5102,5102031,145.0,419.2,159.1,431.7,0,0,0,
51,5104,5104001,106.7,541.4,119.2,559.7,0,0,0,
51,5104,5104003,145.8,588.3,164.2,603.3,0,0,0,
51,5104,5104005,101.6,564.7,108.2,572.4,0,0,0,
51,5104,5104007,144.6,574.0,153.3,583.1,0,0,0,
51,5104,5104009,144.2,594.1,175.9,617.9,0,0,0,
51,5104,5104011,132.3,564.4,139.0,579.4,0,0,0,
51,5104,5104013,119.2,556.8,131.0,568.0,0,0,0,
51,5104,5104015,163.1,535.7,176.5,547.7,0,0,0,
51,5104,5104017,150.6,558.0,164.0,570.6,0,0,0,
51,5104,5104019,162.2,566.0,176.8,582.8,0,0,0,
51,5104,5104021,115.4,578.1,133.5,590.4,0,0,0,
51,5104,5104023,116.8,535.8,144.4,550.6,0,0,0,
51,5104,5104025,163.4,594.3,193.0,614.8,0,0,0,
51,5104,5104027,141.1,593.4,152.0,601.6,0,0,0,
51,5104,5104029,143.1,549.6,156.0,562.7,0,0,0,
51,5104,5104031,114.4,565.5,123.7,577.4,0,0,0,
51,5106,5106001,188.3,588.3,209.6,607.7,0,0,0,
51,5106,5106003,248.7,624.5,265.9,639.1,0,0,0,
51,5106,5106005,170.5,531.7,195.9,554.4,0,0,0,
51,5106,5106007,225.5,618.8,243.3,632.7,0,0,0,
51,5106,5106009,220.1,595.9,234.4,606.7,0,0,0,
51,5106,5106011,257.3,644.6,262.9,651.9,0,0,0,
51,5106,5106013,224.3,609.5,238.4,620.8,0,0,0,
51,5106,5106015,179.2,566.1,184.4,583.0,0,0,0,
51,5106,5106017,195.9,545.2,206.9,571.5,0,0,0,
51,5106,5106019,185.6,575.1,195.7,587.0,0,0,0,
51,5108,5108001,183.9,628.0,203.6,652.2,0,0,0,
51,5108,5108003,257.6,662.4,261.7,668.5,0,0,0,
51,5108,5108005,202.0,621.6,219.6,639.5,0,0,0,
51,5108,5108007,266.0,647.2,284.2,666.4,0,0,0,
51,5108,5108009,226.9,637.3,252.8,659.7,0,0,0,
51,5108,5108011,216.5,614.2,229.0,630.8,0,0,0,
51,5110,5110001,88.7,528.8,91.0,536.8,0,0,0,
51,5110,5110003,105.2,516.1,118.8,527.3,0,0,0,
51,5110,5110005,93.0,525.4,100.7,532.9,0,0,0,
51,5110,5110007,91.4,536.9,95.7,546.9,0,0,0,
51,5110,5110009,101.4,508.6,112.3,519.8,0,0,0,
51,5110,5110011,53.5,485.4,67.9,501.5,0,0,0,
51,5110,5110013,93.4,538.7,102.2,555.6,0,0,0,
51,5110,5110015,94.5,500.8,100.4,513.3,0,0,0,
51,5110,5110017,71.6,479.6,81.1,493.2,0,0,0,
51,5110,5110019,71.2,484.4,91.1,503.7,0,0,0,
51,5110,5110021,99.1,532.9,107.5,539.9,0,0,0,
51,5110,5110023,86.1,512.2,92.7,520.6,0,0,0,
51,5110,5110025,102.5,543.3,112.2,553.6,0,0,0,
51,5110,5110027,77.2,518.4,85.7,532.6,0,0,0,
51,5110,5110029,84.2,537.5,87.4,543.4,0,0,0,
51,5110,5110031,112.0,526.6,113.0,530.9,0,0,0,
51,5110,5110033,82.7,492.0,96.5,508.1,0,0,0,
51,5110,5110035,68.4,509.5,73.3,517.0,0,0,0,
51,5110,5110037,88.2,543.5,90.9,548.6,0,0,0,
51,5110,5110039,63.9,511.5,67.8,516.5,0,0,0,
51,5110,5110041,50.7,510.1,56.0,515.5,0,0,0,
51,5110,5110043,122.2,521.2,133.3,529.4,0,0,0,
51,5112,5112001,166.9,380.1,190.8,399.4,0,0,0,
51,5112,5112003,208.9,354.5,232.7,372.4,0,0,0,
51,5112,5112005,166.6,405.5,185.0,416.9,0,0,0,
51,5112,5112007,189.2,366.6,204.0,378.6,0,0,0,
51,5112,5112009,246.5,354.5,268.3,371.6,0,0,0,
51,5112,5112011,190.7,381.9,228.6,404.3,0,0,0,
51,5112,5112013,158.0,360.5,183.7,386.2,0,0,0,
51,5112,5112015,196.6,407.7,215.2,427.3,0,0,0,
51,5112,5112017,225.9,342.9,235.6,355.4,0,0,0,
51,5112,5112019,201.6,390.5,211.4,395.9,0,0,0,
51,5112,5112021,204.5,339.5,219.0,354.2,0,0,0,
51,5112,5112023,237.8,379.2,243.8,385.8,0,0,0,
51,5114,5114001,150.1,453.4,158.7,472.3,0,0,0,
51,5114,5114003,160.3,466.5,171.3,478.0,0,0,0,
51,5114,5114005,157.9,425.3,174.9,440.8,0,0,0,
51,5114,5114007,163.4,418.2,186.7,439.5,0,0,0,
51,5114,5114009,121.7,500.1,132.5,508.3,0,0,0,
51,5114,5114011,139.1,454.3,152.5,466.7,0,0,0,
51,5114,5114013,105.2,475.5,123.5,496.4,0,0,0,
51,5114,5114015,137.4,477.5,147.1,490.5,0,0,0,
51,5114,5114017,142.8,439.0,154.3,452.2,0,0,0,
53,5302,5302001,164.0,162.6,184.8,187.8,0,0,0,
53,5302,5302003,116.9,191.9,138.2,205.4,0,0,0,
53,5302,5302005,153.1,198.6,190.4,233.1,0,0,0,
53,5302,5302007,126.6,207.2,137.9,216.5,0,0,0,
53,5302,5302009,137.2,161.0,157.9,174.1,0,0,0,
53,5302,5302011,137.2,200.4,147.7,208.1,0,0,0,
53,5302,5302013,149.2,175.5,159.8,185.4,0,0,0,
53,5302,5302015,207.9,188.4,224.3,204.9,0,0,0,
53,5302,5302017,147.2,187.1,158.8,194.5,0,0,0,
53,5302,5302019,148.4,196.2,161.6,212.5,0,0,0,
53,5302,5302021,131.6,184.1,138.2,193.2,0,0,0,
53,5302,5302023,189.9,172.0,206.6,191.5,0,0,0,
53,5304,5304001,265.8,161.8,280.5,180.7,0,0,0,
53,5304,5304003,232.8,134.5,255.2,159.8,0,0,0,
53,5304,5304005,254.9,153.9,267.5,172.4,0,0,0,
53,5304,5304007,226.3,180.8,245.0,195.2,0,0,0,
53,5304,5304009,273.6,141.2,298.9,168.3,0,0,0,
53,5304,5304011,203.2,154.3,227.5,176.3,0,0,0,
53,5304,5304013,249.5,127.4,264.6,141.8,0,0,0,
53,5306,5306001,189.0,140.9,201.1,158.2,0,0,0,
53,5306,5306003,199.2,138.6,213.4,151.5,0,0,0,
53,5306,5306005,162.3,74.8,177.6,88.3,0,0,0,
53,5306,5306007,180.4,106.0,195.4,119.9,0,0,0,
53,5306,5306009,187.0,96.3,195.6,105.4,0,0,0,
53,5306,5306011,196.5,126.7,206.7,136.9,0,0,0,
53,5306,5306013,215.6,108.4,225.5,114.3,0,0,0,
53,5306,5306015,200.4,115.1,215.2,127.4,0,0,0,
53,5306,5306017,182.6,80.7,194.0,90.1,0,0,0,
53,5306,5306019,217.4,96.7,248.8,119.8,0,0,0,
53,5306,5306021,176.8,93.1,191.2,107.9,0,0,0,
53,5306,5306023,204.4,125.7,222.4,146.3,0,0,0,
53,5306,5306025,203.0,101.3,210.4,110.4,0,0,0,
53,5306,5306027,230.7,147.5,236.5,152.7,0,0,0,
53,5306,5306029,221.4,119.6,237.6,132.3,0,0,0,
53,5306,5306031,197.6,91.6,210.1,98.7,0,0,0,
53,5306,5306033,171.0,102.8,185.9,119.9,0,0,0,
53,5308,5308001,144.4,148.5,157.4,158.2,0,0,0,
53,5308,5308003,125.4,67.9,137.0,80.7,0,0,0,
53,5308,5308005,144.9,85.4,163.4,103.5,0,0,0,
53,5308,5308007,148.9,128.3,160.4,142.3,0,0,0,
53,5308,5308009,148.8,70.1,166.5,89.8,0,0,0,
53,5308,5308011,116.6,87.6,129.3,103.5,0,0,0,
53,5308,5308013,97.6,155.1,128.2,186.0,0,0,0,
53,5308,5308015,129.8,92.9,140.1,100.7,0,0,0,
53,5308,5308017,121.7,52.8,137.1,69.6,0,0,0,
53,5308,5308019,118.5,102.2,133.6,113.6,0,0,0,
53,5308,5308021,104.5,85.7,116.0,95.1,0,0,0,
53,5308,5308023,169.4,122.5,181.3,133.2,0,0,0,
53,5308,5308025,131.8,97.3,150.8,116.7,0,0,0,
53,5308,5308027,148.9,118.1,158.9,131.1,0,0,0,
53,5308,5308029,136.6,136.7,149.5,150.9,0,0,0,
53,5308,5308031,157.0,123.1,169.6,141.6,0,0,0,
53,5308,5308033,134.8,86.8,143.7,95.8,0,0,0,
53,5308,5308035,140.3,74.6,151.7,86.1,0,0,0,
53,5308,5308037,148.3,100.1,168.8,116.5,0,0,0,
53,5308,5308039,170.0,120.4,193.3,143.2,0,0,0,
53,5308,5308041,108.9,64.5,125.9,77.5,0,0,0,
53,5308,5308043,148.4,107.9,158.2,117.4,0,0,0,
53,5308,5308045,100.5,64.8,120.0,80.5,0,0,0,
53,5308,5308047,161.1,115.6,167.9,123.4,0,0,0,
56,5602,5602001,666.5,41.3,672.6,50.0,0,0,0,
56,5602,5602003,680.9,30.4,703.9,50.7,0,0,0,
56,5602,5602005,672.6,18.0,695.5,39.8,1,0,1,border
56,5602,5602007,700.6,0.0,715.3,12.8,1,1,1,border
56,5602,5602009,674.2,32.5,684.0,41.1,0,0,0,
56,5602,5602011,724.1,0.0,737.1,9.9,1,1,1,border
56,5602,5602013,663.8,58.9,671.9,66.3,0,0,0,
56,5602,5602015,673.2,51.5,681.5,60.4,0,0,0,
56,5604,5604001,629.7,148.4,645.1,159.6,0,0,0,
56,5604,5604003,654.2,138.8,658.6,148.2,0,0,0,
56,5604,5604005,610.4,139.7,622.9,147.9,0,0,0,
56,5604,5604007,617.5,170.6,623.1,180.3,0,0,0,
56,5604,5604009,636.7,149.7,648.0,159.6,0,0,0,
56,5604,5604011,619.7,159.8,623.3,163.8,0,0,0,
56,5604,5604013,616.8,167.3,628.8,180.3,0,0,0,
56,5604,5604015,621.2,161.2,636.6,175.3,0,0,0,
56,5604,5604017,605.6,152.2,614.0,157.9,0,0,0,
56,5604,5604019,624.1,134.2,641.2,149.4,0,0,0,
56,5604,5604021,641.1,131.1,648.6,138.7,0,0,0,
56,5604,5604023,650.0,139.0,658.4,145.6,0,0,0,
56,5604,5604025,625.7,163.6,633.9,171.8,0,0,0,
56,5604,5604027,617.5,150.1,624.3,156.6,0,0,0,
56,5604,5604029,617.0,170.2,629.8,185.6,0,0,0,
56,5604,5604031,592.5,160.5,609.1,170.5,0,0,0,
56,5604,5604033,602.7,175.6,610.9,183.6,0,0,0,
56,5604,5604035,608.3,156.9,622.4,169.8,0,0,0,
56,5604,5604037,648.2,137.1,655.6,143.4,0,0,0,
56,5606,5606001,591.8,113.6,597.9,121.1,0,0,0,
56,5606,5606003,593.1,55.3,610.1,75.6,0,0,0,
56,5606,5606005,601.1,109.2,606.5,118.1,0,0,0,
56,5606,5606007,589.5,123.9,593.8,129.7,0,0,0,
56,5606,5606009,577.4,96.1,587.7,106.6,0,0,0,
56,5606,5606011,610.2,131.8,616.2,135.8,0,0,0,
56,5606,5606013,626.5,92.9,636.5,100.0,0,0,0,
56,5606,5606015,617.3,116.9,626.7,126.6,0,0,0,
56,5606,5606017,575.5,98.0,590.7,115.8,0,0,0,
56,5606,5606019,628.5,94.7,642.3,107.2,0,0,0,
56,5606,5606021,617.1,129.4,626.7,136.8,0,0,0,
56,5606,5606023,594.1,139.1,601.5,145.3,0,0,0,
56,5606,5606025,592.2,132.6,607.0,140.1,0,0,0,
56,5606,5606027,627.6,115.9,634.3,124.2,0,0,0,
56,5606,5606029,629.4,109.7,637.8,116.8,0,0,0,
56,5606,5606031,562.9,79.3,579.0,99.0,0,0,0,
56,5606,5606033,596.9,127.6,605.2,132.8,0,0,0,
56,5606,5606035,621.7,70.6,645.5,86.7,0,0,0,
56,5606,5606037,627.6,62.9,636.4,73.7,0,0,0,
56,5606,5606039,600.6,83.7,618.9,95.3,0,0,0,
56,5606,5606041,586.8,147.1,600.0,159.1,0,0,0,
56,5606,5606043,607.7,106.1,621.1,115.9,0,0,0,
56,5606,5606045,573.5,126.0,583.8,149.3,0,0,0,
56,5606,5606047,606.8,125.5,611.6,131.1,0,0,0,
56,5606,5606049,583.6,71.9,593.9,86.7,0,0,0,
56,5606,5606051,609.1,119.2,616.6,123.3,0,0,0,
56,5608,5608001,618.7,0.0,635.9,7.0,1,1,1,border
56,5608,5608003,620.5,39.6,637.4,48.5,0,0,0,
56,5608,5608005,684.1,0.0,694.8,5.8,1,1,1,border
56,5608,5608007,653.5,4.5,679.6,20.5,1,1,1,border
56,5608,5608009,636.4,25.1,651.2,34.4,1,0,1,border
56,5608,5608011,657.6,0.0,672.6,2.1,1,1,1,border
56,5608,5608013,630.1,46.9,645.8,60.2,0,0,0,
56,5608,5608015,600.6,7.4,625.0,37.4,1,0,1,border
56,5608,5608017,648.3,25.7,661.7,51.5,1,0,1,border
56,5608,5608019,649.3,0.0,656.6,8.8,1,1,1,border
56,5608,5608021,635.8,65.0,647.0,76.6,0,0,0,
59,5902,5902001,242.8,39.8,253.7,50.9,0,0,0,
59,5902,5902003,206.1,7.6,224.9,29.5,1,1,1,border
59,5902,5902005,223.9,43.4,246.8,56.6,0,0,0,
59,5902,5902007,258.3,62.2,264.1,68.6,0,0,0,
59,5902,5902009,244.7,24.9,267.5,44.3,1,0,1,border
59,5902,5902011,206.7,0.0,219.6,11.5,1,1,1,border
59,5902,5902013,241.0,54.4,274.8,80.6,0,0,0,
59,5902,5902015,217.2,0.0,239.3,28.8,1,1,1,border
59,5904,5904001,114.0,13.5,124.9,25.4,1,1,1,border
59,5904,5904003,70.2,0.0,89.7,7.5,1,1,1,border
59,5904,5904005,136.0,57.8,143.4,65.7,0,0,0,
59,5904,5904007,94.8,19.2,104.5,27.2,1,1,1,border
59,5904,5904009,144.6,59.9,153.3,69.2,0,0,0,
59,5904,5904011,121.4,37.6,125.5,45.0,0,0,0,
59,5904,5904013,99.2,8.1,123.6,30.7,1,0,1,border
59,5904,5904015,110.1,31.2,117.4,40.6,0,0,0,
59,5904,5904017,131.2,43.1,144.3,55.6,0,0,0,
59,5906,5906001,217.5,81.9,237.3,95.5,0,0,0,
59,5906,5906003,186.1,36.5,194.5,47.9,0,0,0,
59,5906,5906005,208.9,49.8,218.3,60.9,0,0,0,
59,5906,5906007,191.4,62.1,206.5,79.7,0,0,0,
59,5906,5906009,194.5,26.9,210.6,47.8,1,0,1,border
59,5906,5906011,211.1,64.3,237.4,76.7,0,0,0,
59,5906,5906013,174.9,60.9,186.0,72.6,0,0,0,
59,5906,5906015,221.3,48.7,235.3,62.6,0,0,0,
59,5908,5908001,137.8,19.0,143.2,24.9,1,1,1,border
59,5908,5908003,177.8,0.0,193.5,12.4,1,1,1,border
59,5908,5908005,121.0,19.1,134.3,28.4,1,1,1,border
59,5908,5908007,196.7,4.7,202.5,15.5,1,1,1,border
59,5908,5908009,94.0,0.0,114.0,10.1,1,1,1,border
59,5908,5908011,134.3,34.2,158.8,62.7,0,0,0,
59,5908,5908013,171.1,24.7,185.2,35.0,1,0,1,border
59,5908,5908015,160.9,2.4,171.9,11.7,1,1,1,border
59,5908,5908017,124.7,0.0,134.6,6.0,1,1,1,border
59,5908,5908019,133.3,32.3,141.9,37.1,0,0,0,
59,5908,5908021,174.2,7.9,184.4,18.7,1,1,1,border
59,5908,5908023,142.4,30.5,163.6,41.6,0,0,0,
59,5908,5908025,154.9,19.9,167.3,27.3,1,1,1,border
59,5908,5908027,139.0,11.3,151.1,24.2,1,1,1,border
59,5908,5908029,156.5,0.0,166.6,3.2,1,1,1,border
59,5908,5908031,139.1,0.0,152.3,8.2,1,1,1,border
59,5910,5910001,253.5,12.3,266.2,25.1,1,1,1,border
59,5910,5910003,233.9,0.0,249.9,16.3,1,1,1,border
59,5910,5910005,267.7,0.0,277.3,8.2,1,1,1,border
59,5910,5910007,229.5,0.0,245.5,6.6,1,1,1,border
59,5910,5910009,297.4,0.0,311.4,6.7,1,1,1,border
59,5910,5910011,254.8,0.0,266.3,11.3,1,1,1,border
59,5910,5910013,273.5,0.0,294.2,5.2,1,1,1,border
59,5910,5910015,218.3,0.0,235.6,6.4,1,1,1,border
59,5910,5910017,268.8,16.9,295.5,45.1,1,0,1,border
59,5910,5910019,263.4,10.3,281.5,23.8,1,1,1,border
61,6102,6102001,569.1,201.0,578.6,208.5,0,0,0,
61,6102,6102003,569.6,185.3,577.1,196.7,0,0,0,
61,6102,6102005,577.2,206.7,588.1,216.5,0,0,0,
61,6102,6102007,584.1,185.5,603.8,201.3,0,0,0,
61,6102,6102009,550.0,196.5,566.7,212.5,0,0,0,
61,6102,6102011,591.8,203.6,601.3,216.7,0,0,0,
61,6102,6102013,594.5,194.5,606.4,208.0,0,0,0,
61,6102,6102015,573.7,165.0,589.8,184.4,0,0,0,
61,6104,6104001,553.9,237.5,574.2,248.8,0,0,0,
61,6104,6104003,599.7,225.4,608.9,239.8,0,0,0,
61,6104,6104005,575.0,225.7,585.0,238.5,0,0,0,
61,6104,6104007,560.0,252.0,570.7,260.4,0,0,0,
61,6104,6104009,552.8,252.1,558.2,254.6,0,0,0,
61,6104,6104011,550.6,254.2,560.9,261.3,0,0,0,
61,6104,6104013,591.6,207.7,606.1,217.6,0,0,0,
61,6104,6104015,556.0,221.4,572.9,235.2,0,0,0,
61,6104,6104017,594.9,209.3,612.0,223.6,0,0,0,
61,6104,6104019,563.4,258.0,572.0,272.0,0,0,0,
61,6104,6104021,538.4,262.9,545.1,271.3,0,0,0,
61,6104,6104023,583.2,230.7,594.6,247.4,0,0,0,
61,6104,6104025,584.1,239.1,592.0,244.4,0,0,0,
61,6104,6104027,578.4,250.2,583.6,255.9,0,0,0,
61,6104,6104029,557.1,262.9,562.4,275.6,0,0,0,
61,6104,6104031,610.7,225.0,618.4,235.8,0,0,0,
61,6104,6104033,587.1,225.1,595.6,234.7,0,0,0,
61,6104,6104035,526.4,235.8,540.6,247.6,0,0,0,
61,6104,6104037,573.8,256.2,589.7,266.4,0,0,0,
61,6104,6104039,574.6,242.9,581.2,250.9,0,0,0,
61,6104,6104041,592.8,243.5,602.1,254.4,0,0,0,
61,6104,6104043,532.5,248.2,547.3,259.0,0,0,0,
61,6104,6104045,540.6,221.8,550.2,231.6,0,0,0,
61,6104,6104047,538.1,267.6,552.1,282.0,0,0,0,
61,6104,6104049,570.3,225.1,586.5,240.5,0,0,0,
61,6106,6106001,535.2,290.2,543.4,304.1,0,0,0,
61,6106,6106003,505.3,320.7,514.8,328.2,0,0,0,
61,6106,6106005,491.0,310.3,502.4,322.4,0,0,0,
61,6106,6106007,542.1,277.4,563.1,296.0,0,0,0,
61,6106,6106009,510.9,281.6,522.2,289.6,0,0,0,
61,6106,6106011,516.7,257.2,528.7,268.9,0,0,0,
61,6106,6106013,500.1,274.4,510.0,290.7,0,0,0,
61,6106,6106015,516.3,300.7,522.6,309.1,0,0,0,
61,6106,6106017,495.2,331.1,514.4,339.9,0,0,0,
61,6106,6106019,545.4,300.7,556.5,309.7,0,0,0,
61,6106,6106021,481.8,326.2,487.7,330.8,0,0,0,
61,6106,6106023,506.2,295.3,515.0,303.8,0,0,0,
61,6106,6106025,522.0,285.8,532.7,294.5,0,0,0,
61,6106,6106027,563.8,294.3,566.6,302.7,0,0,0,
61,6106,6106029,463.9,328.7,479.6,338.5,0,0,0,
61,6106,6106031,566.4,268.4,578.5,284.8,0,0,0,
61,6106,6106033,516.6,308.5,530.3,316.4,0,0,0,
61,6106,6106035,486.4,304.5,496.4,314.9,0,0,0,
61,6106,6106037,516.7,312.4,531.5,325.4,0,0,0,
61,6106,6106039,547.1,290.3,554.0,297.5,0,0,0,
61,6106,6106041,526.4,269.6,534.0,280.0,0,0,0,
61,6106,6106043,522.6,295.7,532.5,305.3,0,0,0,
63,6302,6302001,58.9,2.2,81.9,24.8,1,1,1,border
63,6302,6302003,60.4,37.0,80.8,57.3,0,0,0,
63,6302,6302005,35.2,0.0,53.0,16.1,1,1,1,border
63,6302,6302007,89.2,52.2,100.3,61.7,0,0,0,
63,6302,6302009,89.0,30.5,107.3,47.2,0,0,0,
63,6304,6304001,19.3,65.6,55.7,92.5,1,0,1,front
63,6304,6304003,18.3,108.9,46.4,137.3,1,0,1,front
63,6304,6304005,0.0,66.2,16.8,83.3,1,1,1,front
63,6304,6304007,42.6,69.2,60.9,81.1,0,0,0,
63,6304,6304009,22.2,85.4,41.4,104.6,1,0,1,front
63,6304,6304011,5.9,67.2,19.3,81.9,1,1,1,front
63,6304,6304013,22.3,90.7,33.3,110.0,1,0,1,front
63,6304,6304015,11.1,70.9,33.2,90.6,1,0,1,front
63,6306,6306001,110.3,113.9,137.6,134.3,0,0,0,
63,6306,6306003,85.8,94.1,108.6,116.9,0,0,0,
63,6306,6306005,93.5,76.3,104.8,96.9,0,0,0,
63,6306,6306007,97.2,99.0,121.8,116.7,0,0,0,
63,6306,6306009,77.6,110.7,93.7,132.7,0,0,0,
63,6306,6306011,68.3,71.8,83.0,86.5,0,0,0,
63,6308,6308001,0.0,4.4,9.6,28.6,1,1,1,front+border
63,6308,6308003,0.0,0.0,6.8,8.4,1,1,1,front+border
63,6308,6308011,0.0,44.2,3.4,60.4,1,1,1,front
63,6308,6308015,0.0,37.9,12.8,59.0,1,1,1,front
63,6310,6310001,78.8,90.2,96.1,108.0,0,0,0,
63,6310,6310003,14.6,132.1,43.0,160.2,1,0,1,front
63,6310,6310005,50.7,107.9,65.8,135.1,0,0,0,
63,6310,6310007,67.2,79.5,80.1,95.5,0,0,0,
63,6310,6310009,80.9,93.0,90.2,102.4,0,0,0,
63,6312,6312001,30.1,39.6,36.9,46.1,0,0,0,
63,6312,6312003,38.6,41.4,43.1,46.3,0,0,0,
63,6312,6312005,8.2,17.3,15.5,26.4,1,1,1,front+border
63,6312,6312007,18.8,0.0,30.2,8.8,1,1,1,front+border
63,6312,6312009,0.0,0.0,9.0,4.6,1,1,1,front+border
63,6312,6312011,49.7,39.9,58.4,47.1,0,0,0,
63,6312,6312013,21.4,16.5,33.2,23.3,1,1,1,front+border
63,6312,6312015,45.0,49.9,54.4,56.7,0,0,0,
63,6312,6312017,56.5,52.2,71.2,69.2,0,0,0,
63,6312,6312019,47.3,45.6,52.3,49.3,0,0,0,
63,6312,6312021,41.2,37.4,47.5,43.4,0,0,0,
63,6312,6312023,16.4,30.0,23.8,36.0,1,1,1,front+border
63,6312,6312025,36.7,26.7,51.3,36.9,1,0,1,border
63,6312,6312027,20.8,20.9,32.4,33.6,1,0,1,front+border
63,6312,6312029,7.0,11.4,14.7,17.2,1,1,1,front+border
63,6314,6314003,37.1,49.2,56.2,67.2,0,0,0,
63,6314,6314005,25.4,40.2,40.0,54.5,1,0,1,front
63,6314,6314007,24.1,37.1,30.8,44.1,1,0,1,front
63,6314,6314009,5.3,31.0,16.5,39.9,1,1,1,front
63,6314,6314011,32.6,46.1,51.5,65.5,0,0,0,
63,6314,6314013,0.0,12.0,5.1,26.0,1,1,1,front+border
63,6314,6314015,12.7,45.9,31.7,57.4,1,0,1,front
63,6314,6314017,2.7,17.2,16.8,31.4,1,1,1,front+border
65,6502,6502001,0.0,406.6,7.9,416.8,1,1,1,front
65,6502,6502003,0.0,381.7,19.1,397.3,1,1,1,front
65,6502,6502005,0.0,367.0,28.1,387.5,1,1,1,front
65,6502,6502007,25.8,340.7,39.1,358.9,1,0,1,front
65,6502,6502009,3.6,396.8,12.5,407.3,1,1,1,front
65,6502,6502011,43.6,354.8,53.6,363.5,0,0,0,
65,6502,6502013,0.0,371.3,10.8,385.9,1,1,1,front
65,6502,6502015,0.0,338.7,18.4,355.7,1,1,1,front
65,6502,6502017,0.0,347.9,11.3,363.8,1,1,1,front
65,6502,6502019,0.0,393.8,17.5,402.7,1,1,1,front
65,6510,6510001,0.0,466.7,9.8,478.6,1,1,1,front
65,6510,6510007,0.0,421.2,5.0,438.4,1,1,1,front
65,6510,6510009,12.6,446.6,20.7,454.9,1,1,1,front
65,6510,6510013,0.0,477.4,8.2,490.5,1,1,1,front
65,6510,6510015,0.0,444.4,6.4,459.4,1,1,1,front
65,6510,6510017,9.5,454.7,21.0,464.4,1,1,1,front
68,6802,6802001,485.0,304.5,491.1,311.3,0,0,0,
68,6802,6802003,449.7,296.3,471.1,307.7,0,0,0,
68,6802,6802005,433.2,284.0,452.2,297.1,0,0,0,
68,6802,6802007,444.0,328.3,460.4,335.8,0,0,0,
68,6802,6802009,495.8,274.9,504.0,282.6,0,0,0,
68,6802,6802011,456.5,315.7,466.7,327.0,0,0,0,
68,6802,6802013,431.1,309.3,444.5,321.4,0,0,0,
68,6802,6802015,452.1,300.1,461.4,305.3,0,0,0,
68,6802,6802017,446.1,274.4,464.1,282.2,0,0,0,
68,6802,6802019,410.0,283.7,426.8,304.0,0,0,0,
68,6802,6802021,466.7,313.2,479.3,321.5,0,0,0,
68,6802,6802023,442.3,312.3,454.0,325.2,0,0,0,
68,6802,6802025,464.1,282.5,475.7,294.3,0,0,0,
68,6802,6802027,421.1,309.0,435.0,318.7,0,0,0,
68,6802,6802029,473.2,281.1,490.5,299.6,0,0,0,
68,6804,6804001,511.8,182.2,522.4,193.8,0,0,0,
68,6804,6804003,505.8,222.9,520.7,237.0,0,0,0,
68,6804,6804005,428.0,256.0,442.6,271.1,0,0,0,
68,6804,6804007,418.3,243.5,430.8,251.4,0,0,0,
68,6804,6804009,514.8,214.5,532.5,237.8,0,0,0,
68,6804,6804011,488.3,239.6,500.7,246.8,0,0,0,
68,6804,6804013,477.1,246.7,493.1,266.0,0,0,0,
68,6804,6804015,431.1,234.8,452.8,252.4,0,0,0,
68,6804,6804017,502.1,205.0,519.6,213.8,0,0,0,
68,6804,6804019,449.4,258.6,459.1,268.7,0,0,0,
68,6804,6804021,485.8,195.0,506.9,209.8,0,0,0,
68,6804,6804023,426.8,216.5,445.5,233.6,0,0,0,
68,6804,6804025,473.6,212.7,485.3,223.3,0,0,0,
68,6804,6804027,454.0,212.0,467.2,225.7,0,0,0,
68,6804,6804029,475.7,200.4,485.6,208.4,0,0,0,
68,6804,6804031,505.3,215.8,516.9,229.0,0,0,0,
68,6804,6804033,459.4,238.7,472.9,246.0,0,0,0,
68,6804,6804035,500.6,249.0,513.6,266.8,0,0,0,
68,6804,6804037,449.6,265.0,465.3,274.6,0,0,0,
68,6804,6804039,474.2,175.3,500.6,189.5,0,0,0,
68,6804,6804041,474.2,174.4,484.8,185.3,0,0,0,
68,6804,6804043,450.3,185.1,469.5,202.4,0,0,0,
68,6804,6804045,526.6,186.6,543.6,207.8,0,0,0,
68,6804,6804047,460.0,221.7,478.8,231.3,0,0,0,
68,6804,6804049,487.0,218.7,504.3,229.3,0,0,0,
68,6804,6804051,490.6,197.4,500.0,206.1,0,0,0,
68,6804,6804053,460.7,247.7,472.2,259.6,0,0,0,
68,6806,6806001,545.9,107.2,560.1,118.4,0,0,0,
68,6806,6806003,543.9,168.0,563.4,183.4,0,0,0,
68,6806,6806005,563.1,113.6,572.2,125.9,0,0,0,
68,6806,6806007,504.1,159.8,511.9,169.4,0,0,0,
68,6806,6806009,530.4,149.9,548.5,162.4,0,0,0,
68,6806,6806011,557.5,132.1,565.8,141.9,0,0,0,
68,6806,6806013,513.4,155.2,527.0,169.7,0,0,0,
68,6806,6806015,526.0,125.5,538.1,135.0,0,0,0,
68,6806,6806017,566.3,139.6,571.5,148.3,0,0,0,
68,6806,6806019,554.1,152.1,570.0,163.9,0,0,0,
68,6806,6806021,492.4,142.4,507.3,162.0,0,0,0,
68,6806,6806023,511.6,134.1,521.8,140.5,0,0,0,
68,6806,6806025,521.5,170.4,533.6,180.0,0,0,0,
68,6806,6806027,545.9,140.8,557.3,150.5,0,0,0,
68,6806,6806029,518.9,140.9,529.0,149.6,0,0,0,
68,6806,6806031,541.4,124.6,554.2,138.3,0,0,0,
68,6806,6806033,535.0,142.3,542.5,152.2,0,0,0,
68,6806,6806035,554.8,190.6,561.8,197.8,0,0,0,
71,7102,7102001,289.4,218.2,294.7,227.6,0,0,0,
71,7102,7102003,251.2,248.0,259.5,253.9,0,0,0,
71,7102,7102005,298.1,211.0,307.9,223.3,0,0,0,
71,7102,7102007,241.9,223.4,257.7,236.1,0,0,0,
71,7102,7102009,271.0,228.2,289.9,238.6,0,0,0,
71,7102,7102011,255.6,250.8,260.7,258.2,0,0,0,
71,7102,7102013,252.6,220.4,275.9,239.0,0,0,0,
71,7102,7102015,238.8,254.5,255.5,268.7,0,0,0,
71,7102,7102017,220.2,271.3,229.3,279.0,0,0,0,
71,7102,7102019,279.6,210.5,288.4,223.7,0,0,0,
71,7102,7102021,226.1,246.9,233.2,255.8,0,0,0,
71,7102,7102023,230.5,262.5,244.2,273.2,0,0,0,
71,7102,7102025,261.1,210.8,270.5,219.0,0,0,0,
71,7102,7102027,272.0,201.4,284.1,212.2,0,0,0,
71,7102,7102029,250.9,241.5,276.6,262.2,0,0,0,
71,7102,7102031,262.3,227.8,269.5,235.9,0,0,0,
71,7102,7102033,213.3,242.5,240.0,259.1,0,0,0,
71,7104,7104001,265.2,177.7,271.7,189.1,0,0,0,
71,7104,7104003,249.7,193.1,258.7,202.0,0,0,0,
71,7104,7104005,267.6,169.7,281.6,180.2,0,0,0,
71,7104,7104007,259.9,167.8,277.3,183.9,0,0,0,
71,7104,7104009,235.5,203.5,247.7,214.5,0,0,0,
71,7104,7104011,250.8,193.8,258.8,202.1,0,0,0,
71,7104,7104013,197.6,217.7,223.5,237.4,0,0,0,
71,7104,7104015,249.7,189.5,260.9,201.1,0,0,0,
71,7104,7104017,264.0,179.6,270.6,193.0,0,0,0,
71,7104,7104019,215.3,203.3,242.2,215.6,0,0,0,
71,7104,7104021,276.2,155.7,293.5,168.3,0,0,0,
71,7106,7106001,244.1,277.3,256.0,288.7,0,0,0,
71,7106,7106003,308.3,218.1,316.1,226.8,0,0,0,
71,7106,7106005,297.4,228.3,308.1,236.1,0,0,0,
71,7106,7106007,255.9,265.8,269.7,280.2,0,0,0,
71,7106,7106009,299.2,216.1,319.9,237.5,0,0,0,
71,7106,7106011,285.3,240.4,293.2,249.4,0,0,0,
71,7106,7106013,246.2,290.0,254.2,301.5,0,0,0,
71,7106,7106015,272.5,240.1,294.2,256.3,0,0,0,
71,7106,7106017,297.4,233.1,317.1,251.1,0,0,0,
71,7106,7106019,255.0,261.8,274.0,285.5,0,0,0,
71,7106,7106021,265.1,272.5,273.4,281.0,0,0,0,
71,7106,7106023,267.5,256.9,289.0,277.5,0,0,0,
71,7108,7108001,227.0,227.8,235.9,239.8,0,0,0,
71,7108,7108003,208.5,245.5,218.2,253.8,0,0,0,
71,7108,7108005,226.7,218.2,247.6,227.3,0,0,0,
71,7108,7108007,289.0,152.4,302.9,167.3,0,0,0,
71,7108,7108009,238.9,202.2,252.9,213.0,0,0,0,
71,7108,7108011,237.4,218.7,252.3,232.9,0,0,0,
71,7108,7108013,189.5,260.7,204.4,271.6,0,0,0,
71,7108,7108015,273.0,176.9,281.7,189.0,0,0,0,
71,7108,7108017,270.5,193.6,283.3,204.2,0,0,0,
71,7108,7108019,204.8,240.7,214.7,249.0,0,0,0,
71,7108,7108021,270.1,167.6,284.0,182.2,0,0,0,
71,7108,7108023,189.3,256.7,199.7,265.2,0,0,0,
71,7108,7108025,200.9,253.9,207.7,262.6,0,0,0,
71,7108,7108027,243.6,212.8,255.3,223.6,0,0,0,
71,7108,7108029,248.8,192.7,265.3,205.9,0,0,0,
71,7108,7108031,259.6,199.0,269.4,209.8,0,0,0,
71,7108,7108033,217.9,244.4,225.0,258.1,0,0,0,
71,7108,7108035,233.0,217.5,242.5,225.9,0,0,0,
71,7108,7108037,191.8,246.8,201.8,255.6,0,0,0,
71,7108,7108039,220.8,241.9,225.5,247.3,0,0,0,
71,7108,7108041,273.5,177.6,289.7,189.7,0,0,0,
71,7108,7108043,215.8,232.2,227.7,240.6,0,0,0,
71,7108,7108045,210.7,245.8,217.5,260.7,0,0,0,
71,7108,7108047,214.4,225.1,225.8,239.0,0,0,0,
71,7108,7108049,227.2,220.9,234.8,229.9,0,0,0,
71,7108,7108051,158.8,233.6,179.0,255.5,0,0,0,
73,7302,7302001,521.7,365.2,527.1,371.9,0,0,0,
73,7302,7302003,508.1,378.7,526.1,394.8,0,0,0,
73,7302,7302005,507.0,370.3,511.0,378.0,0,0,0,
73,7302,7302007,514.1,365.1,519.5,374.1,0,0,0,
73,7302,7302009,521.5,366.9,530.5,377.0,0,0,0,
73,7302,7302011,537.1,386.0,544.9,398.7,0,0,0,
73,7302,7302013,523.2,390.5,534.5,401.7,0,0,0,
73,7302,7302015,516.9,407.5,530.9,417.7,0,0,0,
73,7302,7302017,528.6,375.6,537.8,387.0,0,0,0,
73,7304,7304001,406.3,335.1,412.8,341.4,0,0,0,
73,7304,7304003,416.0,325.5,434.9,339.0,0,0,0,
73,7304,7304005,463.8,338.2,479.0,352.2,0,0,0,
73,7304,7304007,426.9,345.4,440.3,353.6,0,0,0,
73,7304,7304009,436.7,353.4,443.6,363.2,0,0,0,
73,7304,7304011,455.4,347.9,462.2,354.8,0,0,0,
73,7304,7304013,400.9,319.9,403.4,322.1,0,0,0,
73,7304,7304015,458.4,339.4,465.6,346.1,0,0,0,
73,7304,7304017,390.3,317.4,408.6,332.6,0,0,0,
73,7304,7304019,446.4,338.0,453.2,350.2,0,0,0,
73,7306,7306001,466.6,367.3,472.1,373.8,0,0,0,
73,7306,7306003,442.6,359.7,451.3,368.4,0,0,0,
73,7306,7306005,481.0,380.7,488.5,389.2,0,0,0,
73,7306,7306007,505.3,342.4,518.5,351.9,0,0,0,
73,7306,7306009,488.9,336.9,499.1,346.2,0,0,0,
73,7306,7306011,470.9,383.5,478.9,388.4,0,0,0,
73,7306,7306013,453.6,378.6,461.4,387.0,0,0,0,
73,7306,7306015,468.3,390.2,475.2,399.2,0,0,0,
73,7306,7306017,485.0,359.1,493.0,364.9,0,0,0,
73,7306,7306019,490.1,352.3,500.6,357.6,0,0,0,
73,7306,7306021,505.4,341.5,510.0,347.4,0,0,0,
73,7306,7306023,470.4,401.6,478.7,408.0,0,0,0,
73,7306,7306025,487.1,379.3,493.1,386.1,0,0,0,
73,7306,7306027,482.7,394.1,487.0,399.3,0,0,0,
73,7306,7306029,497.6,358.7,504.6,367.1,0,0,0,
73,7306,7306031,512.4,344.0,518.0,348.7,0,0,0,
73,7306,7306033,495.3,402.0,503.6,410.0,0,0,0,
73,7306,7306035,471.8,365.4,478.9,371.7,0,0,0,
73,7306,7306037,489.8,367.1,497.9,374.8,0,0,0,
73,7306,7306039,505.5,362.6,510.5,370.3,0,0,0,
73,7306,7306041,454.5,359.5,462.0,370.8,0,0,0,
73,7306,7306043,463.0,376.7,468.3,381.6,0,0,0,
73,7306,7306045,487.3,402.7,491.7,410.7,0,0,0,
73,7306,7306047,511.1,349.0,516.3,357.3,0,0,0,
73,7306,7306049,488.7,380.0,497.0,397.2,0,0,0,
73,7306,7306051,480.0,397.6,486.5,409.1,0,0,0,
73,7306,7306053,456.1,390.6,469.0,395.9,0,0,0,
73,7306,7306055,457.1,396.9,464.4,401.7,0,0,0,
73,7306,7306057,469.6,352.4,479.5,358.7,0,0,0,
73,7306,7306059,472.2,379.0,475.7,383.0,0,0,0,
73,7306,7306061,479.9,360.5,486.6,373.8,0,0,0,
73,7306,7306063,492.7,395.0,499.6,406.4,0,0,0,
73,7306,7306065,482.1,345.7,491.3,355.7,0,0,0,
74,7402,7402001,327.4,0.0,353.3,26.8,1,1,1,border
74,7402,7402003,325.7,42.4,348.6,58.9,0,0,0,
74,7402,7402005,358.8,0.0,379.7,20.5,1,1,1,border
74,7402,7402007,307.4,37.8,326.3,57.7,0,0,0,
74,7402,7402009,325.0,18.6,336.2,35.3,1,0,1,border
74,7404,7404001,278.5,79.3,292.2,90.8,0,0,0,
74,7404,7404003,277.0,83.3,293.1,104.0,0,0,0,
74,7404,7404005,347.1,65.8,372.8,86.3,0,0,0,
74,7404,7404007,302.2,69.7,320.9,86.5,0,0,0,
74,7404,7404009,338.9,60.4,355.9,85.7,0,0,0,
74,7404,7404011,302.3,71.4,312.2,82.6,0,0,0,
74,7404,7404013,268.8,84.1,283.2,102.6,0,0,0,
74,7404,7404015,326.9,70.1,338.1,86.2,0,0,0,
74,7404,7404017,315.7,97.1,328.9,109.2,0,0,0,
74,7404,7404019,328.0,92.0,338.1,110.9,0,0,0,
74,7404,7404021,341.3,88.9,350.5,103.4,0,0,0,
74,7404,7404023,361.6,56.9,375.7,66.8,0,0,0,
74,7404,7404025,333.1,86.7,348.6,93.6,0,0,0,
74,7404,7404027,349.9,90.2,354.9,107.8,0,0,0,
74,7404,7404029,348.6,52.9,369.6,76.3,0,0,0,
74,7404,7404031,305.2,96.1,315.6,105.3,0,0,0,
74,7404,7404033,332.8,82.1,344.6,99.0,0,0,0,
74,7406,7406001,280.3,60.2,301.6,78.1,0,0,0,
74,7406,7406003,299.4,0.0,320.5,23.7,1,1,1,border
74,7406,7406005,294.6,40.9,312.6,55.1,0,0,0,
74,7406,7406007,335.0,0.0,353.0,15.6,1,1,1,border
74,7408,7408001,257.7,115.7,280.1,138.1,0,0,0,
74,7408,7408003,289.9,108.2,315.8,127.6,0,0,0,
74,7408,7408005,280.6,128.2,292.8,140.6,0,0,0,
74,7408,7408007,292.3,145.9,303.1,156.1,0,0,0,
74,7408,7408009,313.4,117.9,325.0,127.0,0,0,0,
74,7408,7408011,276.6,107.6,289.0,115.2,0,0,0,
74,7408,7408013,301.8,142.6,305.7,148.2,0,0,0,
74,7408,7408015,254.7,101.4,269.6,114.4,0,0,0,
74,7408,7408017,281.1,113.3,333.2,124.4,0,0,0,
74,7408,7408019,249.3,79.7,268.5,99.5,0,0,0,
74,7408,7408021,310.0,131.3,322.6,144.2,0,0,0,
74,7410,7410001,366.0,38.0,374.9,54.2,0,0,0,
74,7410,7410003,406.7,0.0,422.0,19.7,1,1,1,border
74,7410,7410005,380.7,0.0,405.4,20.7,1,1,1,border
74,7410,7410007,416.2,1.3,431.2,23.5,1,1,1,border
74,7410,7410009,420.0,0.0,436.9,10.7,1,1,1,border
74,7410,7410011,384.9,31.2,396.1,48.3,0,0,0,
74,7410,7410013,401.5,31.4,407.3,38.5,0,0,0,
74,7410,7410015,380.4,38.1,401.2,50.3,0,0,0,
74,7410,7410017,383.5,27.0,400.0,43.5,1,0,1,border
74,7410,7410019,383.8,44.4,397.8,57.8,0,0,0,
74,7410,7410021,349.1,52.7,373.6,71.7,0,0,0,
74,7410,7410023,432.4,0.0,445.2,10.8,1,1,1,border
74,7410,7410025,411.2,0.0,431.3,15.9,1,1,1,border
74,7410,7410027,403.1,22.1,415.3,39.9,1,0,1,border
74,7410,7410029,378.4,28.3,389.9,51.6,1,0,1,border
74,7410,7410031,400.1,32.3,413.7,46.7,0,0,0,
74,7410,7410033,408.0,0.0,436.0,15.7,1,1,1,border
74,7410,7410035,381.6,37.1,392.9,47.3,0,0,0,
74,7410,7410037,396.0,20.6,405.4,34.0,1,0,1,border
74,7410,7410039,399.1,33.8,404.1,46.0,0,0,0,
80,8000,8000000,368.3,75.5,383.6,95.8,0,0,0,
