model,n,r2,moran_I,moran_p,b_exposure,b_capacity,b_interaction,se_interaction,t_interaction,note,se_capacity,t_capacity,t_cr1_capacity,p_wcb_capacity,t_conley50_capacity,t_conley100_capacity,t_cr1_interaction,p_wcb_interaction,t_conley50_interaction,t_conley100_interaction,r2_within,ci_lo_interaction,ci_hi_interaction,variant,cap_col,outcome,dropped
M1 baseline,1020,0.11716070189976246,0.5115740809119157,0.001,-0.2851189269568297,0.10269729816048147,0.14651485741546094,0.02328588575301083,6.292002759504942,,0.030742473180247077,3.3405672197664122,1.5562604980744599,0.1552155215521552,2.253425249131817,1.8719197323484895,4.928902768817998,0.00010001000100010001,6.155735253685784,5.907764260103296,,,,annual,capacity_index,annual,
M2 + oblast FE,1020,0.5549251650920619,0.16995963002749462,0.001,-0.0630695733629477,0.17188293677766675,-0.00897952111877052,0.015338276443262501,-0.5854322128034711,,0.024317030004383233,7.068418172230911,5.77998584682946,0.0,6.607898642231948,6.685418716967031,-0.5618115209150737,0.5869586958695869,-0.5980393492552081,-0.631707541278365,0.05394319322551289,,,annual,capacity_index,annual,
M3 + FE + controls,1020,0.5568222956244109,0.16200810279107583,0.001,-0.0747990116342378,0.1792202499225401,-0.011199749325974796,0.016094265533106417,-0.6958844628813011,"controls: c_logpop, c_loglit, c_rad21",0.02992344097147733,5.989292812058971,4.9349615223028795,0.0,5.5694900940615195,5.436569927409615,-0.6413923860135036,0.5459545954595459,-0.723987611247836,-0.6973752726489417,0.0579757583419831,,,annual,capacity_index,annual,
M4 alert hours,1020,0.5691653087732497,0.14400753244708042,0.001,-0.3089933392251597,0.1581622800383152,-0.032649207253080986,0.018980496764682876,-1.7201450340241653,exposure = alert hours 12 m,0.029625619934638144,5.338699422569468,4.406372676248638,0.00010001000100010001,4.985686138980952,4.819024809233247,-1.502073936214798,0.16891689168916893,-1.7431499442318972,-1.8796677781923903,0.08421222621143987,,,annual,capacity_index,annual,
M5 pre-war capacity,1020,0.5403010194038069,0.16840924453511238,0.001,-0.08127752602423031,0.06610473865528924,-0.0008926884001873563,0.022875941952547045,-0.03902302261647254,capacity from 2021 budgets,0.03424966730332069,1.930084110594558,1.6920880235829183,0.1038103810381038,1.7897064170790047,1.738575430335966,-0.04162434222027441,0.9660966096609661,-0.040879772254805345,-0.041692004177741056,0.022857920622991523,,,annual,capacity_index,annual,
M6 without frontline oblasts,980,0.515101835784056,0.1612935111183826,0.001,-0.08600663229509597,0.18534780591900452,-0.0028844162740760716,0.021686365641296605,-0.13300597812403275,"dropped k1 ['14', '23', '65']",0.03073657874384924,6.030202888345042,5.000840881251294,0.0,5.595274205399516,5.462423500390185,-0.11843929458500045,0.912991299129913,-0.13641942157673279,-0.13017968084184703,0.05851811766120374,,,annual,capacity_index,annual,
M7 spatial lag,1020,,-0.14178502010963467,0.001,-0.03203041557575653,0.13495475092589684,-0.027964790602717983,0.019804287561968302,-1.4120573898563724,rho=0.848,0.026745162211478254,5.045949987470188,,,,,,,,,,,,annual,capacity_index,annual,
"M7b spatial lag, pre-war capacity",1020,,-0.15958362772585227,0.001,-0.02911321015621578,0.07698022818746066,-0.01744694230743011,0.026778941928155272,-0.6515172389647876,rho=0.936,0.03085545909107133,2.494865753261033,,,,,,,,,,,,annual,capacity_index,annual,
M8 spatial error,1020,,-0.012733818888921831,0.263,-0.06000570494170394,0.16562902164104487,-0.012143953727585201,0.0150397488832283,-0.8074572136724724,lambda=0.439,0.02907098035813231,5.697400624286544,,,,,,,,,,,,annual,capacity_index,annual,
"M8b spatial error, pre-war capacity",1020,,-0.013734109723938882,0.214,-0.06180611498603884,0.06828591795572682,-0.001015047549845799,0.020133495302963114,-0.050415863444059364,lambda=0.452,0.032591640908927,2.0951972975691135,,,,,,,,,,,,annual,capacity_index,annual,
