k3,noise_sd,n_pairs,mean_lr_2120
0102003,0.3694168844732023,12,0.7063010191779885
0102005,0.1320764027225437,12,0.2834415871049571
0102009,0.12278972619022971,12,0.15547478552379534
0102011,0.1874477064697658,12,0.2693697704705618
0102013,0.1707755407397529,12,0.12648994296125907
0102015,0.1991427622085934,12,0.18385088839597588
0102017,0.33382739332844735,12,0.7230903408605766
0102019,0.19848399820261917,12,0.24877307477695956
0102021,0.1105599651283004,12,0.3096874419365395
0102023,0.11474210539174147,12,0.2733607179271443
0102025,1.4673870407369576,12,1.1016403239732762
0102027,0.4782251308756549,12,0.6943896769138428
0102029,0.5577245458452134,12,0.6234655853559786
0102031,0.27577448669706056,12,0.021990762462445662
0102033,0.27755939741375135,12,0.23550563401520597
0102035,0.15971593858938926,12,0.1493289811475578
0102037,0.4409660137658216,12,0.719465194375906
0102039,0.5920598792500537,12,1.254188391243667
0102041,0.27738917276008035,12,0.17232441940287258
0102043,0.22955962202436067,12,-0.015650543651862924
0102045,0.2542784087539584,12,-0.01412606693051936
0102047,0.23691699767410118,12,0.23219088641474883
0104003,0.6284497850966546,12,0.417588137872221
0104005,1.7026277897299666,12,-0.10871757556143247
0104007,0.39742853943637796,12,0.318973666505854
0104009,0.9573429396876395,12,-0.23532578122869127
0104013,0.2108387403909728,12,0.11433838660206097
0104015,0.27723755822087837,12,0.6221095235247486
0104017,0.6242083542096131,12,0.8923606933624769
0104019,0.17389761200686335,12,-0.0097376867489634
0104023,0.40824151366150235,12,0.0978258127359762
0104025,0.36498903896440266,12,0.8638267632409247
0104027,0.24075204379096735,12,0.05105601722774978
0104031,0.2392142422108453,12,-0.022228425014715263
0104035,2.064483899670275,12,-0.21590655060236377
0104037,0.1634272259155914,12,-0.03650395934837491
0104043,0.2395437243943142,12,0.1518502154834607
0104045,0.2829463807335458,11,-0.032088215732775954
0104047,1.1375255690659014,12,0.6616779868978031
0104049,0.7805877376371124,12,1.4475382298652724
0104051,0.13028675978397658,12,0.067441568185102
0104053,0.5372210909777986,12,1.2941443904067114
0104055,0.33532024896393336,12,0.8059472028638268
0104059,0.4133439971281827,12,-0.16588291260991028
0104063,,5,0.18540020349754227
0104065,0.20169247585848404,12,0.06715359698948063
0104067,0.09796118185511907,12,-0.06139853928498892
0104069,0.19308827916693036,12,0.5276303839637501
0104071,0.6558919155274692,10,1.3225139944534638
0104073,0.8130346933724916,12,0.11087705893061674
0104075,0.5004249681250389,11,0.2188303436884822
0106001,0.21366019174228698,12,0.15097212011554206
0106005,0.12344486413832674,12,0.010695878658981176
0106007,0.29180282381938033,12,0.09319412304978474
0106009,0.41843431377629914,12,0.7047899624125371
0106011,0.36335336926401113,12,-0.030746691128484632
0106013,0.11306931119323603,12,0.0665513212628329
0106017,0.4587475197451072,12,0.09065838106761853
0106019,0.9393128165341519,11,1.2853835700138319
0106023,0.2199201632645493,12,0.3598644953804014
0106025,0.3328416264486128,12,0.2006572575124742
0106027,0.20419625194126004,12,-0.8311902437312755
0106029,0.20797819617133248,12,0.040525600226397944
0106031,0.2575040426996945,11,-0.10356549183352452
0106035,0.24181018240819738,12,0.28256050744227323
0106037,,3,1.1495710779449073
0106041,0.6105629153472288,12,1.740538847923806
0106043,0.31270454751598187,12,0.1698421519044758
0106047,0.2926562731255823,12,0.101537470864881
0106051,,2,-0.2521914990309199
0106055,0.2964457469277717,12,0.14658324407989284
0108001,0.36649339247977614,11,0.30218637723402003
0108003,0.27014135965176345,12,0.31834200947553515
0108005,0.4356732984954875,10,0.10670704735385232
0108009,0.9245680994226659,11,1.3386383609608556
0108011,0.3608039719885871,12,0.3145262784025889
0108013,0.56899061753883,11,0.5100968764050006
0108015,0.16166403479142036,12,0.15336409759905223
0108021,0.2184904091387766,12,0.2960190553392102
0108023,0.413705550968312,12,0.11333754893320513
0108029,0.28619164497997396,12,-0.005394508329234988
0108033,0.3938151652430038,12,0.09096620203855098
0108035,0.156528668286373,12,0.3037276743129749
0108037,0.6807743218758388,12,1.8207226707327215
0108039,0.16423576599333367,12,0.3250677429895162
0108041,0.21678886607814749,12,0.0104386009449989
0108043,0.19666722999527533,12,0.21452125300096023
0108045,0.13269439768290145,12,0.1853992507015514
0108051,0.14243015179047927,12,0.0840599954641245
0108053,0.14670870590282542,12,0.1316251851697554
0108055,0.5654348756574625,10,0.7727366896129164
0108057,0.1969593641372384,12,0.0532338924800655
0108059,0.10361369472296313,12,0.24468404288608803
0108061,0.19145457713055491,12,0.6067042032723909
0108063,0.22353952060606744,12,0.29647933211917105
0108065,0.12572779331941525,12,0.2531562856243576
0108067,0.47038829986007274,12,0.013012967265435419
0108069,0.2041706556159999,12,0.561109629843878
0108071,0.12531513863924917,12,0.11708448139091283
0108075,0.9396805309856753,12,0.3302261002938216
0108077,0.15918898284647945,12,0.04359854006555134
0108079,0.1698012154139317,12,0.2294834832265309
0110001,0.2298430288260921,12,0.2159493510514021
0110003,0.6197486871712277,12,1.4583423541669907
0110009,0.2512582040077753,12,0.29742003432352826
0110011,0.27777094898097954,12,0.20731919668814955
0110013,0.31797261534514937,12,0.1466229756028251
0110015,0.4705305508316656,12,0.344704442314043
0110019,0.18449227298310433,12,0.2778039131358614
0110021,0.13172830300703697,12,0.0022420744855197036
0110023,0.7803254759056615,11,0.39358192985054746
0110025,,5,0.9632299175549701
0110027,0.16270544351939534,12,0.2281911129364583
0110029,0.3845782094557952,12,0.49472288871851827
0110031,0.23982598178676676,12,0.013063080186323031
0110037,0.14000648360773738,12,0.09840160761230633
0110043,0.4303491719678543,12,0.11656857766755228
0110045,0.32158943464950457,12,0.4529528216066001
0110047,0.29203299146285194,12,0.42628634147593975
0110051,1.0729562185310346,12,0.727249034627507
0110053,0.5444885592593044,12,0.2846073440865506
0110055,0.10740999987892923,12,0.34565258698335827
0112003,0.0972341224196007,12,0.20637299799211203
0112005,0.40311783748017493,12,-0.009686584721875382
0112007,0.23824622359675776,12,0.3299581140132139
0112013,0.4141114215487575,12,0.311952824860033
0112015,0.22109354840845682,12,0.48640042672203326
0112019,0.43012371176165837,12,0.1590046466572166
0112021,0.4414718165830859,12,0.29584341343107595
0112023,,1,-2.110439971572041
0112025,0.2615219428900836,12,0.6299982698275902
0112027,0.11023240414735629,12,0.24186756801815176
0112029,0.35877768700948554,12,0.6592628812686724
0112031,1.7229316423565855,11,1.692903857029743
0112033,0.33674706514915514,12,0.372041651857318
0112035,0.23251159479626163,12,0.5464973734884845
0112037,0.28531514578570843,12,0.38223410567849486
0112039,0.47944792727505825,12,0.1165705726867713
0112041,0.10984400445481715,12,0.20047187770522448
0112045,0.3176673631102375,8,0.5044694454331492
0112047,0.3041745629549685,12,0.044084620736078384
0112049,0.42927792411802257,12,-0.07862693782715587
0112051,0.5090914817855576,12,0.7482445247023396
0112053,0.20052660032752825,12,0.3134852630523422
0112055,0.13155011543320044,12,0.309693598912867
0112057,0.10432148372370843,12,0.04013163717823594
0112061,0.43142497994504525,12,1.4250348599415952
0112063,1.6200886760579856,12,-0.047283479915568104
0112065,0.36934727945935675,12,0.26080940498318567
0112069,0.7443822291342407,12,0.9176560576811266
0112071,0.3873515980892808,12,0.25025645982045996
0112073,0.422128097001345,12,0.8418406984882861
0114001,0.1391398744476128,12,0.12573882926298516
0114003,0.39253927004531286,12,0.7307004083080302
0114005,0.12447610520448457,12,0.11651291124536729
0114007,0.5369081835895105,11,-0.12287172381918975
0114011,0.19669986487130664,12,0.206262482978782
0114013,0.31515355633298825,11,0.16839313253691615
0114015,0.33250807038063956,12,0.1828765254337795
0114017,0.29589366494086194,12,0.2043535139827641
0114019,0.20466292072129594,12,0.085741930614002
0114021,0.3345044287660894,12,0.2993558129310178
0114023,0.19694631116785805,12,0.23691577085663904
0114027,0.1282310853226064,10,0.05562544481015572
0114029,0.24815157347539757,12,-0.12903238138188702
0114031,0.2343582092809572,12,0.06374365106198424
0114033,0.1794536232274158,12,0.4182834709504137
0114035,0.3063748722481648,12,0.09145941187227996
0114039,0.5923128500310157,12,0.1077886009148869
0114043,0.43077071770447206,12,0.6424859752971604
0114047,0.2293726665378022,12,0.16642735763201186
0114049,0.1768933648425126,12,-0.30650400575256437
0114053,0.3038754032317375,12,0.5726413786162541
0116001,0.11751572495082244,12,0.19909560349815988
0116003,0.18730306965083016,12,0.13392340489510396
0116005,0.12502653267253389,12,0.22235968580792062
0116007,0.18429947976204097,12,0.12667021019671407
0116009,0.22194320390588415,12,0.1594068495859373
0116011,0.1259833068739296,12,0.3228920087654296
0116013,0.18051013137283786,12,0.18414857349820027
0116015,0.16509491020389527,12,0.3589432197310154
0116017,0.13937570667759852,12,0.22140889297372543
0116019,0.21433252465603594,12,0.2905554742085676
0116021,0.23947128886740518,12,0.23794454598608458
0116023,0.27801133937357214,12,0.9609494996336876
0116025,0.10572432909951736,12,0.7782127055283489
0116027,0.1577505200637916,12,0.29364956072377607
0116029,0.29690520976024326,12,0.021852165826529924
0116031,0.25063645811824703,12,0.10962198276194457
0116033,0.07143970279037153,12,0.16998400258016322
0116035,0.23681051711290713,12,0.20367504729707755
0116037,0.13714999649645873,12,0.283941432263255
0116039,0.2013445144329248,12,0.2708886737700114
0116041,0.1783538992528084,12,0.1726560311330383
0116043,0.17956964885558965,12,0.39927242122554535
0116045,0.26948311262986013,12,0.04453676417748322
0116047,0.24837548229209222,12,0.054171723873312046
0118001,0.6818450400604478,12,1.080690595430913
0118003,0.11742779287973742,12,0.1874761680610976
0118005,0.22734137535881138,12,0.46031837661674496
0118007,0.19083155217044098,12,-0.044542659996954566
0118009,0.22070060562357327,12,0.13895212519984115
0118011,0.33807824442650475,12,0.4850678314296006
0118013,0.3869290926946205,12,-0.3154930829962419
0118015,0.234124273488189,12,0.5132271401044805
0118017,0.17553043345912175,12,0.05311267084085656
0118019,0.15342096881370884,12,0.23121522505638106
0118021,0.28642261535520597,12,-0.00251074561307444
0118023,0.16625519351835016,12,-0.006371089211240241
0118025,0.23979859990228622,12,0.2055005772694197
0118027,0.136849683377977,12,0.10202086249944091
0118029,0.21947284712832105,12,0.2953487637798766
0118031,,5,1.2323421230573068
0118035,0.38253246079368025,12,0.5893164191321704
0118037,0.2600475016368373,12,0.20967848914398726
0118039,0.2685251227618523,12,0.24359540209913846
0118041,0.2749334849118609,12,0.24526966566258004
0118043,0.15496736699272579,12,0.2604469899684582
0118047,0.2641699065691237,12,0.37695695433403037
0118049,0.28534085281477634,12,0.5414673279802171
0118051,0.12271424047363934,12,0.17873114595312467
0118053,0.47234501063371065,12,0.6760305245089583
0118055,0.2183580985886317,12,0.10749529046286481
0118057,0.2525871181241832,12,0.5522840000611249
0118059,0.18548615911397373,12,0.25222058447331325
0118061,0.40758717594208965,12,1.1519654698091084
0118063,0.15724591815491595,12,0.12846726903012595
0118065,0.16264052880134933,12,0.4336909661041868
0118067,0.3844698725626979,11,0.1302844434019631
0118071,0.0787539689302095,12,0.01665796314144066
0118073,0.25704597501956206,12,0.11382290150245633
0118075,0.15627756841162244,12,-0.012700340152324874
0118077,0.13925713801870626,12,0.15191119744371936
0118079,0.17679787771006836,12,0.0177461843044056
0120001,0.1516971066509683,12,0.05155025493686353
0120003,0.09267123707264618,12,0.024445504311705762
0120005,0.08274032328054838,12,0.14209603569974447
0120007,0.17723256477361019,12,0.22249229383119215
0120009,0.20048119619150612,12,0.3181518718682513
0120011,0.10731619658515348,12,0.02579474021163061
0120013,0.08166334333243688,12,0.10704760913847833
0120015,0.15574156901526223,12,0.3766584382393177
0120017,0.07568616490702756,12,0.12148589047894848
0120019,0.09484210472981203,12,0.1907793820000047
0120021,0.05778472629162913,12,0.0599599798761819
0120023,0.09315764566333509,12,0.15758349936443353
0120025,0.2791490170044964,12,-0.028074797429361167
0120027,0.1117605873214847,12,0.18392281694944115
0120029,0.1595111521816695,12,0.14702862477720535
0120031,0.10082899994517859,12,0.07766989503705794
0502001,0.1694620191213618,12,0.2628677549091398
0502003,0.1528213433614276,12,0.1683752365458806
0502005,0.20511379341073424,12,0.16632466899551365
0502007,0.2533400716442563,12,0.28105050530105447
0502009,0.29824518920846815,12,-0.18311454231329174
0502011,0.23769181883694093,12,0.21339049677107544
0502013,0.14417543611848585,12,0.26327426682675353
0502015,0.23550652227710955,12,0.2694246999453709
0502017,0.25633133401166497,12,0.10596536579537093
0502019,0.3042542649315819,12,0.18277154634638382
0502021,0.2697771239528228,12,0.3181739705483151
0502023,0.15018177426798562,12,0.16586813987858093
0502025,0.2870011368423462,12,0.2887394328220732
0502027,0.30087456318156786,12,0.2302040688312941
0502029,0.2323488573746567,12,0.2114616640811318
0502031,0.18324325965977514,12,0.20918148401832048
0504001,0.28320311616761207,12,0.3166414869926724
0504003,0.2109660170943318,12,0.2144547567147053
0504005,0.2394159169877556,12,0.7319040674946059
0504007,0.4796651012914871,12,0.4033984158495693
0504009,0.22840556802514744,12,0.3150121545166727
0504011,0.2707993095184418,12,0.46899351675396517
0504013,0.15623414834702457,12,0.09583452623701333
0504015,0.21242698251474643,12,0.2533302252579785
0504017,0.19428836078936337,12,0.3300054514538308
0504019,0.48076727439053035,12,0.3493544043198666
0504021,0.6439650876863076,12,0.3588425749144282
0504023,0.2960493217853888,12,0.03129962073040261
0504025,0.21111867415993743,12,0.2728339243097795
0504027,0.28170334710768385,12,0.21329681804544878
0506001,0.13795848915111567,12,0.4222143420276924
0506003,0.5176972369469947,12,0.8054146041556888
0506005,0.19424062181274498,12,0.20443495866461978
0506007,0.2513129212111139,6,0.41360832837096734
0506009,0.29294882430839186,12,0.38048334414475765
0506011,0.43179024627014073,12,0.8946789259687788
0506013,0.46883701821229584,9,0.1801018470220379
0506015,0.2067572719035581,12,0.2472922281424377
0508001,0.5540308542358618,12,0.6602710099571664
0508003,0.2804789335840195,12,0.220995545938065
0508005,0.07405682052991551,12,0.2297619344280599
0508007,0.24749197848171609,12,0.18762293487469994
0508009,0.3016470626494196,12,0.6147951014670178
0508011,0.161259264284055,12,0.1471020792318958
0508013,0.25890400252446805,12,0.30537864798485953
0510001,0.4486207672466299,12,0.4975192948595773
0510003,0.15448495335448068,12,0.11530830212115728
0510005,0.21804975205061447,12,0.06406169360226671
0510007,0.17725428933040951,12,0.1471330091100834
0510009,0.2575622994727396,12,0.15339591159763072
0510011,0.31876582796329894,12,0.08772921664888604
0510013,0.2143723457993289,12,0.14779954094587464
0510015,0.1700735702799529,12,0.2116868272996096
0510017,0.19432594845265036,12,0.23859345235292215
0512001,0.2113405257095099,12,0.29644589856975284
0512003,0.31985254338947694,12,0.3444097076743296
0512005,0.21976845098759568,12,0.4361797443503784
0512007,0.24583783736241255,12,0.18960853110080542
0512009,0.22435150537224893,12,0.28485865676514405
0512011,0.3643406549171122,12,0.22139064765894875
0512013,0.4034373506073605,12,0.041802609923541734
0512015,0.5847029955876951,12,-0.002566259062693921
0512017,0.1684178754667142,12,0.23889782281073443
0702001,0.49335289057117326,12,-0.03211577055447171
0702005,0.23259372809889187,12,0.327941285336427
0702007,0.7446998109687375,12,0.15944312629136656
0702009,0.5369624976092379,10,0.5756549853939337
0702011,2.0164678385372135,12,1.8206432863691269
0702013,0.12553483186915806,12,0.21750500817083707
0702015,0.45425204893853555,9,0.7299313425857927
0702017,0.5865641798041297,8,0.28799962423897785
0702019,0.3071904351859609,12,0.2823554509712375
0702021,0.6040464212964318,12,0.09545371366260862
0704001,0.3222336840717426,12,0.17705456741368017
0704003,0.5781293739302733,12,0.5909010688486297
0704005,0.47797501384929236,12,0.12145318511566766
0706005,0.1972747018399671,12,0.05000633615144214
0706007,0.7061520013805482,12,0.0665830531014578
0706013,0.4641728401585263,12,0.45349443051749255
0706019,0.1835772788853543,12,0.11944029488718305
0706021,0.4483816953028594,12,0.5069838935950566
0706025,0.7564123049674483,11,0.15908775871323097
0706027,0.23173675420077564,12,0.13122410494322598
0706031,0.49864137489296306,12,0.15064917142246337
0706033,0.11138782627368808,12,0.014194935024932867
0706043,1.00291355222437,11,-0.029197465013785326
0706045,0.44024799922090035,12,1.0557343542535853
0708003,0.27864543676282905,12,0.2435238834033032
0708005,0.9081307850570773,12,0.5546932114989714
0708007,1.1989844355939283,11,0.3738102736261901
0708011,0.8215337683970957,12,0.13669849225030115
0708017,0.17942350751226202,12,0.23547671478627963
0708019,1.0617270099722593,10,0.21312573857526526
0708021,1.0232300414735223,12,0.9190430038723925
0708023,0.1969250726380279,12,0.29373392785055524
0708025,0.17446355708634237,12,0.5818843171100404
0708027,0.3319585017237026,12,0.48833655235131784
0708029,0.8317642386602764,10,0.5739254093781964
1202001,0.138006484164358,12,0.08293288734212606
1202003,0.23190369014392107,12,0.2536624250172803
1202005,0.13739232385647263,12,0.11332304646775164
1202007,0.29404522847841663,12,0.42682275925646707
1202009,0.18649577431305767,12,0.010762866074611776
1202011,0.26734155139697885,12,0.4933790065611385
1202013,0.7910323198003335,12,-0.4377427279887213
1202017,0.1104619689703337,12,0.05952106810732127
1202019,0.2607499391302468,12,0.18758491859392679
1202021,0.09409945430279305,12,0.06583964783304512
1202023,0.3365262032097858,12,0.43793018492294905
1202025,0.0962399475629949,12,0.06716502175551586
1202027,0.14998142813110865,12,0.11895584002734988
1202029,0.22653230242081251,12,-0.013654953711090953
1202031,0.2298067997005264,12,0.30346640473315395
1202033,0.11530056077163497,12,0.015583976561829763
1204001,0.26731788999402184,12,0.11674312410365278
1204003,0.18767549450781207,12,0.04195034870710002
1204005,0.11805173088488691,12,0.0533378801486015
1204007,0.10878403628508826,12,-0.06059949494432718
1204009,0.19303300458560352,12,0.04957007274362715
1204011,0.18577789657555766,12,0.18908093644189847
1204013,0.22946584921595578,12,0.19039704680243752
1204015,0.12705148704360125,12,-0.0036089718416473745
1204017,0.14808338271814464,12,0.044465038976457816
1204019,0.33495806099912045,12,0.3625252609333529
1204021,0.2187576022245452,12,-0.0019320712247376064
1204023,0.3468221731797228,12,0.3189681598022515
1206001,0.195652014283021,12,0.17023376061429588
1206003,0.21333257043626366,12,-0.010810545524937544
1206005,0.21344306868756846,12,0.17856209634065648
1206007,0.24460930753638893,12,0.19965114016947272
1206009,0.1570297516511578,12,0.13189058582115898
1206011,0.2596259396072262,12,0.39203635109991103
1206013,0.19863302377112826,12,0.03164557234233785
1206015,0.1142390541403271,12,0.175317217704179
1206017,0.12042996250919968,12,0.14944365834582155
1206019,0.16479761076754973,12,0.16363507283092124
1206021,0.2589824857771345,12,0.08279335649736141
1206023,0.31206113845111655,12,0.4066184543651328
1206025,0.11335150916487467,12,0.16737232504820201
1206027,0.21089564559826046,12,0.1127799770305089
1206029,0.19810751951911706,12,0.28286719392529175
1208001,0.15733001581771616,12,0.04589338824809127
1208003,0.2629169893771047,12,0.11749672569886711
1208005,0.08956422879354627,12,0.10675980008532353
1208007,0.18048667816308037,12,0.31706161024667245
1208009,0.10523756172354994,12,0.14163886824479188
1208011,0.16936885708368082,12,0.19614099403177498
1208013,0.24466762739438924,12,0.14676798398774812
1208015,0.14673817713427484,12,0.18950031358453537
1210001,0.08568419534893641,12,0.05518087565643323
1210003,0.27225627782123646,12,0.0015768396583120219
1210005,0.24000091149241018,12,0.014278617932656586
1210007,0.17970978164688728,12,0.19105459221065643
1210009,0.4868271416002679,12,0.14650587824057046
1210011,0.10860206267668343,12,0.10699118577587537
1210013,0.10085628872368471,12,0.05250916035234834
1210015,1.0461349307050163,12,0.6639984277926357
1212001,0.1102366164109553,12,0.22491959154089347
1212003,0.15874701887289117,12,0.16998774269767156
1212005,0.0970268706377622,12,0.10909510292025391
1212007,0.0912838750825783,12,0.0871167490393751
1212009,0.16556781799272938,12,0.1282858214937981
1212011,0.085145001060504,12,0.08771824094590348
1212013,0.15304563074103028,12,0.09602632883246037
1214001,0.5846556489611281,12,0.1578172821208653
1214003,0.2515037829333831,12,0.14809219568192003
1214005,0.46036380920270303,11,-0.3216871845033189
1214007,0.22565065454954397,12,0.25316720277738974
1214009,0.3472167221589146,12,0.36051615616733623
1214011,0.21040080679572143,12,0.01988801865164753
1214013,0.27825997976530104,12,0.20501076438772667
1214015,0.2108953004698631,12,0.32771387041760913
1214017,0.241661509463264,12,0.25152422878136654
1214021,0.430072904985051,12,0.1061225839660926
1214023,0.26669579903819973,12,0.1780818592273757
1214025,0.15353988893002354,12,0.16514906129108992
1214027,0.1970970062957375,12,0.0989100333801519
1214029,0.32131241360546475,12,0.02066102389161097
1214031,0.1561416761557061,12,0.09290411857151522
1214033,0.384862770640433,12,-0.04272098734323457
1214035,0.22109959433873108,12,0.15881756604548639
1214037,0.5172792766183368,12,0.12191441268239495
1402001,0.1671238279423073,12,0.3169282121056867
1402003,0.2960699790579186,11,0.17016897577376447
1402005,0.17779561607169772,12,-0.021263887173157622
1402007,0.16025593790496973,12,0.00289570227138824
1402009,0.18635356423158586,12,0.0048480935710346895
1402011,0.331949121573736,12,0.13047345890010728
1402013,0.2537538910248764,12,0.24080157031116148
1404001,0.3590514074055122,12,0.2545154201236693
1404003,0.2606228347549071,12,0.09848682180741249
1404005,0.302772686051028,12,0.2581306810837007
1404007,0.9197502411527335,12,1.1079892179448938
1404009,0.38394451417251263,12,0.22564673208707078
1404011,0.18016002768903625,12,0.043893525341241864
1404013,0.2118606493147174,12,0.42413218918874646
1404015,0.45211583067263633,12,0.27380809452054555
1406001,0.2278619311279517,12,0.18634838134552842
1406003,0.3405769090225377,12,0.3204814121932217
1406005,0.18604237076722432,12,-0.04583326738349086
1406007,0.09098565965091414,12,0.17956955826720186
1406009,0.1850541121972882,12,0.17513782159537086
1406011,0.288794333420426,12,0.050388177891930945
1406013,0.15122063059753799,12,0.08516441097270024
1406015,0.272040586017804,12,0.004118671549939705
1406017,0.2400169060717144,12,0.1290560191974946
1408001,0.27958900765898687,12,0.32655028699762517
1408003,0.11324389845536616,12,0.009914225561027423
1408005,0.2903984865630572,12,0.15413972465989334
1408007,0.1220564833090413,12,-0.0033320339264541476
1408009,0.3169460393979507,12,0.01500855579114239
1408011,0.18557967546420714,12,-0.0029069368138587444
1410001,0.1950620772662459,12,0.16196374955008297
1410003,0.20319860498551093,12,0.0913027832282109
1410005,0.19935720479520053,12,-0.0700915393293161
1410007,0.2274075592106724,12,0.15946326770046326
1410009,0.21604855400911963,12,0.009965094661942711
1412001,0.23473370323627465,12,0.2458486861875373
1412003,0.1938608906947178,12,0.27434647178560473
1412005,0.7494196679662991,12,-0.06593202475506593
1412007,0.17682306139493875,12,0.09693004199393612
1412009,0.12122926164071683,12,0.12066486789305432
1412011,0.2810275033814561,12,0.1320645173888513
1412013,0.18262026897660083,12,0.053822150287048655
1412015,0.3546066878187565,12,0.36745329864382753
1412017,0.2953334144609217,12,-0.021997997079822584
1412019,0.22716117141542777,12,0.1967161362930034
1412021,0.22076418978524495,12,-0.013102568046634908
1412023,0.23866365110092322,12,0.31092721611206714
1414001,0.22768635813667484,12,0.18968121561527276
1414003,0.1733211659315792,12,-0.06006349102562284
1414005,0.1554408397468892,12,-0.04356481848222715
1414007,0.18548249483074822,12,0.408706102103841
1414009,0.16870934210546804,12,-0.02653248622123011
1416001,0.24478976161172888,12,0.07560281394147296
1416003,0.28928693461589344,12,0.17354691643848966
1416005,0.22334588827462218,12,0.028468717925067968
1416007,0.21070679500063844,12,0.3467869375785028
1416009,0.2929432921507416,12,0.17314185031139448
1416011,0.22785539111843556,12,-0.0017101183727520157
1416013,0.29693535640704755,12,0.1590855988979269
1416015,0.2001391705619253,12,0.015765540016782625
1416017,0.2159751053230841,12,0.2454744959872672
1416019,0.1753770997176869,12,0.27989270925428933
1416021,0.20113259558242147,12,0.06850587396018154
1416023,0.26954725758782655,12,0.1715556181002711
1416025,0.1810297331335018,12,-0.11474335180854917
1416027,0.25621999216893904,12,0.16171208009476976
1802001,0.24950280117241927,12,0.1193316647443126
1802003,0.11964372302847201,12,-0.03860435638582178
1802005,0.5326960862746931,12,0.20411172999124824
1802007,0.25244357738133666,12,0.08028858342851004
1802009,0.560403382997009,12,0.1650901839692393
1802011,0.33154508502764873,12,0.21612912107391077
1802013,0.32519181629372995,12,0.38847790052018705
1802015,1.2081002673022132,12,-0.05084775283858927
1802017,0.48371691857341825,12,-0.019640189427317514
1802019,0.30303178020394217,12,0.7172793120907418
1804001,0.45146750957672727,12,0.0513653021338003
1804003,0.3480607715614778,12,0.19497938856579747
1804005,0.31548258244932936,12,0.031426870091329634
1804009,1.893161926455389,12,1.7662049920810594
1804011,0.5607901132540952,12,0.10863838239643968
1804013,0.9498975912560911,12,-0.2348570092032393
1804015,0.20121433355042592,12,-0.14791762945951772
1804017,0.49719073108738987,7,0.44594308401544996
1804019,0.20192529736427345,12,0.08960921964094543
1804021,0.18771040005907352,12,0.09050839451977633
1804025,0.27736661263618845,12,0.14299257770458287
1804027,0.5036483189115499,12,0.12414689886074577
1804029,0.23420277563932806,12,0.17165224022017933
1804031,0.45939315868358616,12,0.15888400504153974
1804033,0.30327977969515835,12,0.09076962040219137
1804035,0.5095840113428254,12,0.085597810391146
1804037,0.19302116838475186,12,0.12937709117608748
1804039,0.38630153867487166,12,0.15183862579208485
1804041,,1,2.052791565127459
1804043,0.6845969648507267,12,0.5394238049320731
1804045,0.5718503277326391,12,-0.11748636942612924
1804047,0.4622689231412557,12,0.2528109145010479
1804049,0.3543172776714899,12,0.09992477353729452
1804051,0.5100611154877358,12,-0.3646813243674079
1804053,0.8573285429626895,12,0.007701435024131851
1804055,0.845121724335803,12,0.2846015070100388
1804057,0.5787304895657516,12,-0.12333622749763033
1804059,0.7149975284692528,12,0.2301198958794061
1804061,0.4163772113644236,12,-0.3162571457462276
1806001,0.8697397526621309,12,0.3184560457992452
1806003,0.6768433621224198,12,0.3936378297493179
1806005,1.4747132868558643,11,0.6814560571316498
1806007,0.46180247777186373,12,0.7955683172526807
1806009,0.17134244219561962,12,0.05759472579521857
1806011,0.38100878396004223,12,0.4235190900140939
1806013,0.305149987342375,12,0.17948216911694667
1806015,0.6704838812268865,10,0.3116868141452093
1806017,0.6018864977298661,12,0.4474736022057609
1806019,0.5626673758022691,12,-0.15771862992915942
1806023,0.2152846669943067,12,0.2523350023348774
1806025,1.1272677832223303,12,0.3377491503169224
1808001,0.277624728890777,12,-0.004508979838773561
1808003,,3,0.838274907274223
1808005,0.44608238045173704,12,0.08566887197288246
1808009,1.114826922174354,11,-0.19041652856379515
1808011,1.4161155165703057,11,0.480200496529568
1808013,0.39214457551508036,12,-0.17874141560782833
1808015,0.36176244943102065,12,0.08555638413929346
1808017,0.4786491488729067,11,0.029049641874461372
1808019,0.5729283218079041,12,0.1416883694738744
1808021,1.136503985104042,12,-0.06823752178060123
1808023,0.5766174120453472,10,0.2487239037170959
2102001,0.34785889408043574,12,0.09673114130154026
2102003,0.12345542034943359,12,0.15146660564677258
2102005,0.24127587180158358,12,0.36547124220525684
2102007,0.19573003199610325,12,0.24195235074444207
2102009,0.21003840207842026,12,0.1249085515490388
2102011,0.14209027898552296,12,0.13278648821106132
2102013,0.2464421722193418,12,0.5822428015943084
2102015,0.288554075025836,12,0.13891721754103484
2102017,0.22160473678957515,12,0.20586580357607212
2102019,0.2529142724208724,12,0.2476884714576232
2104001,0.2590538326982769,12,0.2691906922766441
2104003,0.19464711431575357,12,0.2706045977450059
2104005,0.3580366131613044,12,0.10894632843414714
2104007,0.25773470819021344,12,0.20517819397014092
2104009,0.24480174044717912,12,0.2270455757064613
2104011,0.17583731134644773,12,0.21437417280443538
2104013,0.19638888046589298,12,0.2247233080923213
2104015,0.10478238598745246,12,0.18145866944671085
2104017,0.2602219885484116,12,0.24149938343712216
2104019,0.9801551543538165,12,1.1012818356841056
2104021,0.32116955511043266,12,0.17083746173070555
2104023,0.2158960403741649,12,0.2717183476751222
2104025,0.2112527188889312,12,0.23457604141679952
2106001,0.5082213849309154,12,0.3069452755224326
2106003,0.17720662619931432,12,0.1666009431282099
2106005,0.2358377107075988,12,0.24199453282111935
2106007,0.29238276209255837,12,0.479688308220267
2108001,0.2373971374676522,12,0.2971077569836315
2108003,0.25718114026342836,12,0.4467640061240003
2108005,0.28877234626121145,12,0.3532166033458172
2108007,0.34764399689148096,12,0.2940873854220916
2108009,0.22750528398008574,12,0.39081829578011495
2108011,0.11989080064980956,12,0.15262716507029508
2108013,0.16204781931565282,12,0.23496762976391652
2108015,0.23035115902777684,12,0.2251458752759822
2108017,0.3117986392377702,12,0.005114214711331905
2108019,0.47650888501457545,12,0.44102878831650466
2110001,0.16736568239655744,12,0.2838218228261221
2110003,0.379902432602994,12,0.23628003241925985
2110005,0.22358119457345507,12,0.2652807927718504
2110007,0.2827541092145606,12,0.29841901914546815
2110011,0.15473852367322982,12,0.3488703576948747
2110013,0.17397551269699718,12,0.2381440194914305
2110015,0.21704723562574982,12,0.24354749041106274
2110017,1.0125297493306558,12,0.766184138055834
2110019,0.20382737087115232,12,0.1553383960694008
2110021,0.46444482201884824,12,0.2484625092061189
2110023,0.09102544018309522,12,0.1354738893314831
2110025,0.16029811361818208,12,0.22852253894710814
2110027,0.21403456806910282,12,0.19826084445934553
2112001,0.24920875788241784,12,0.30403389379310364
2112003,0.26025598149250784,12,0.2463018085825506
2112005,0.7010123121023343,12,0.5616471067642607
2112007,0.2766341916873043,12,0.24337750347001932
2112009,0.42939243425367646,12,0.08181390431031278
2112011,0.1421432019252399,12,0.18520738009382265
2112013,0.1579423921441826,12,0.18878337218696076
2112015,0.41776792313686967,12,0.17457796121032174
2112019,0.35934471146048436,12,0.11090317579078442
2112021,0.9134486213606845,12,0.4938295107099036
2112025,0.20367412156064268,12,0.2457588524711318
2302001,0.25307928378459454,12,0.1601613367529334
2302003,0.16099235127716377,12,0.567664525559599
2302005,0.06932810313449464,12,0.07070830813383058
2302007,0.3359648509841067,12,0.32602774010278046
2302009,0.607923437848445,12,0.17009079773701044
2302011,0.344317367240089,12,-0.18321611640965427
2302013,0.20593718674662623,12,0.16866252566821152
2302015,0.26342692475541074,12,0.22543224199687198
2304001,0.16416143408311346,12,0.3356643070024396
2304003,0.1238235371606376,12,0.1429947030220319
2304005,0.19003813691628377,12,0.033503949247029145
2304007,0.13381696738377558,12,0.26179208250817304
2304009,0.1275403094854979,12,0.06859796545261186
2304011,0.16704117691692374,12,0.0853413691963451
2304013,0.2803715234857668,12,0.0002953182162562055
2304015,0.15712971908793413,12,0.1474933856987399
2304017,0.14349618533353495,12,0.08531533628218925
2304019,0.19178524938300603,12,-0.07738532881141542
2304021,0.135715937132567,12,0.20232668387503142
2306001,0.17315861409913774,12,-0.025560059814677155
2306003,0.18357738984310673,12,-0.026245563664769374
2306005,0.13668216568523867,12,0.23089414756665771
2306007,0.14426391102359815,12,0.07837932972608168
2306009,0.14103756911629806,12,0.09563484952047574
2306011,0.1199228456292949,12,0.18506528505815245
2306013,0.2014669477948418,12,0.1762166451236433
2306015,0.17815291764909086,12,0.08401175584590141
2306017,0.1832948955741242,12,0.2713348766812826
2306019,0.21818753681341685,12,0.12624889002691056
2306021,0.15933469193200675,12,0.21844796085633064
2306023,0.1727577628481998,12,0.17943840482164386
2306025,0.26590096482101416,12,-0.07817104961979389
2306027,0.11512827930090996,12,0.1851598925897299
2306029,0.30494369501263324,12,0.34180444932203535
2306031,0.17012024594560746,12,0.32564678508041117
2306033,0.11771730906546793,12,0.0953489424424636
2308001,0.30708636606691353,12,0.07662868903785369
2308003,0.22550854895807163,12,0.12975805703928278
2308005,0.18185733046354832,12,0.27051336786969477
2308007,0.19843131742238637,12,0.35290605260975866
2308009,0.13636799427133625,12,0.3742577131586804
2308011,0.29461459949982854,12,0.6224241993300451
2308013,0.3076914321236093,12,0.5988074050048815
2308015,0.2415115597326435,12,0.44049070712668376
2308019,0.34278381266062397,12,0.18440546478763387
2308021,0.2473387234481811,12,0.07607400723464679
2308023,0.2182078244540053,12,0.14435974312815067
2308025,0.2184353632768355,12,0.5371899191922594
2308027,0.16249056517978328,12,0.21818606425932352
2308029,0.6944237803930616,12,0.21273689017897904
2308031,0.40395878886511327,12,0.4203472139382984
2310001,0.17510024168451874,12,0.27630505155100965
2310003,0.2836088000275579,12,0.13269830869480628
2310005,0.5004895742078723,12,0.14570139912898591
2310007,0.1197250564967066,12,0.12024255203226321
2310009,0.2959334019249553,12,0.19299936481880697
2310011,0.45221092958176934,12,0.13732090687862647
2310013,0.24369897677003285,12,0.11929190539011285
2310015,0.26879771326437457,12,0.189846560209215
2310017,0.2270174363417304,12,0.022290329696158906
2310019,0.14386957780292162,12,0.07655331921596135
2310021,0.11770822406915568,12,0.059281129071487804
2310023,0.40078219127338527,12,0.35847437404090693
2310025,0.2982305392150291,12,0.3274559198883363
2310027,0.2181355076599444,12,0.20362405202857425
2602003,0.2393720775742679,12,0.23851947269113752
2604001,1.0048659045741999,12,0.9310928258162047
2604003,0.4544547141666865,12,0.6665775045311282
2604005,0.4985480181173819,12,0.7688949156994284
2604007,0.2159110915240932,12,0.15601670011777025
2604009,0.35155199841777746,12,0.45294505933824397
2604011,0.9333032356527377,12,0.13596529717088687
2604013,0.29341802509141524,12,0.2595030950325132
2604015,0.5178543603921963,12,0.32281136111930026
2604017,0.24856311705092005,12,0.322350586025969
2604019,0.17734194387063246,12,0.22013220895480548
2604021,0.39263255809495534,12,0.9825716160456653
2604023,0.33283274894224785,11,0.1145254960248599
2604025,0.4106736301597706,12,0.3742429086465122
2604027,0.3217104191738855,12,0.27713974073496833
2604029,0.4669850807818514,12,0.4103937744314791
2604031,0.6987685802177453,12,0.5133384522517973
2604033,0.3743446915807801,12,0.3452033946567285
2604035,0.36622169582035013,12,0.44748252863868654
2604037,0.16882585729440308,12,0.3513814993853261
2604039,0.30712932466870596,12,0.5741356714028173
2606001,0.46586551800072956,12,0.7173856636332404
2606003,0.43062665094106406,12,0.2232143173685437
2606005,0.5593141147829149,12,0.19921289083918356
2606007,0.33533963736753053,12,0.22220007443354173
2606009,0.4381780790798761,11,0.37969886734858876
2606011,0.7072868357696727,12,0.33111841959252225
2606013,0.3565850052053778,12,0.4645255254450314
2606015,1.0111672561483107,12,0.6258821974786086
2606017,0.37768619080788524,12,0.3563919312588834
2606019,0.822496021681323,12,0.25794301860445296
2606021,0.22946428188312817,12,1.0842039335852993
2606023,0.7417925584070582,12,0.6063580953288598
2608001,0.3698437754752846,12,0.39888910236747543
2608003,0.1726004026552986,12,0.19192528950413398
2608005,0.23360350412380748,12,0.31413598514319285
2608007,0.19926903199928087,12,0.20926781778648815
2608009,0.5707601268534804,12,0.39353932442026557
2608011,0.2987431044697268,12,0.34983084626602906
2608013,0.271229458473101,12,0.3686439639760611
2608015,0.360955058943162,12,0.8636598716399132
2608017,0.3074332902808886,12,0.38857743779759496
2608019,0.297238150556399,12,0.2752000125250265
2608021,0.30505763774271044,12,0.3394119042139445
2608023,0.18060328256002656,12,0.17891544670532075
2610001,0.2183395809312506,12,0.2790194886204886
2610003,0.7995219792561344,12,0.8938325897668564
2610005,0.28763739165037283,12,0.13701438084206755
2610007,0.20553687606222018,12,0.32337095139433075
2610009,0.3438799702213958,12,0.5284803676957346
2612001,0.3262381721398406,12,0.47572916673118243
2612003,0.3807127737745439,12,0.2848498136813666
2612005,1.0705017097744673,12,0.9002900130974442
2612007,0.33675329173948265,12,0.19523826224483218
2612009,0.32373807587047143,12,0.40449176748407223
2612011,0.3853794302671117,11,1.1117952594583356
2612013,0.22651910206494624,12,0.3368748540060671
2612015,0.3906861519197172,12,-0.13243315915719775
3200000,0.5655802474612681,12,0.012064631254978591
3202001,0.24119964291255092,12,0.06373711070403858
3202003,0.30316778622416907,12,0.12158117876471781
3202005,0.17043250598330884,12,0.2273434197407914
3202007,0.31091249587564695,12,0.4448962544993638
3202009,0.35405505685843536,12,0.47815898029553305
3202011,0.5499884589279753,11,0.7135829047678153
3202013,0.21464095245665235,12,0.13479498572644102
3202015,0.301932514911308,12,0.45604579818714047
3202017,0.21560806871748026,12,0.46326073012020313
3202019,0.33300531419036444,12,0.38844041375979055
3202021,0.19712129375116874,12,0.2378803801686944
3202023,0.2530248950084881,12,0.19506457857220702
3202025,0.28023381890445564,12,0.2517876466548932
3204001,0.18626040951856407,12,0.19303485803579332
3204003,0.36888250179342885,12,0.19047737553920094
3204005,0.17838989104389136,12,0.29287037306193514
3204007,0.6128763980974871,12,0.033997210103421736
3204009,0.10649567607433563,12,0.2668651879179892
3204011,0.4860549339352085,12,0.20329299118769426
3204013,0.24485966738570739,12,0.23515078825229918
3204015,0.7553970161214032,12,0.33342883963905257
3204017,0.6018868401896721,12,-0.008805010971090309
3204019,0.9380856525248257,12,0.6347595296283036
3204021,0.509811835919647,12,0.422483716012599
3206001,0.46663606346155484,12,0.2402180964458871
3206003,0.4369097642151636,12,0.18927928230780908
3206005,0.537120408589297,12,0.40824484845046255
3206007,0.384307032605939,12,0.13451189557130314
3206009,0.2095300709754352,12,0.3295317248377258
3206011,0.8883885229477864,12,0.517452664967239
3206013,1.0032432369443829,12,-0.12634338413421958
3206015,0.7867402070912948,12,0.666513175613563
3208001,0.08709166527485226,12,0.1888606230105405
3208003,0.11665333740401267,12,0.049926871420366344
3208005,0.11829315257538574,12,0.12904618345470617
3208007,0.1439065952896386,12,0.40472745290429435
3208009,0.10353319534444083,12,0.1206127975572134
3208011,0.11308160971457977,12,0.22448695929245907
3208013,0.10087026949599281,12,0.26397072110961994
3208015,0.11232916763981418,12,0.2097812380405626
3208017,0.1811788523571313,12,0.02433805713250173
3208019,0.1065687845050756,12,0.13586525881830572
3208021,0.40889593843764815,12,0.2929895331459685
3208023,0.3567613003081143,12,0.002470383814096111
3210001,0.1795238272889115,12,0.10964597145188033
3210003,0.39376056707317714,12,0.27277309775458525
3210005,0.4822719512431173,11,0.012080164991395788
3210007,0.2270978389334393,12,0.0426367102357903
3210009,0.3018742456523935,12,0.4884422127425339
3210013,0.3182327883952921,12,0.23852503966076066
3212001,0.25451107663943984,12,-0.05029867867472739
3212003,0.14124408412104092,12,0.16648390954554326
3212005,0.1961678737650679,12,0.17232924141355985
3212007,0.10616522757707664,12,0.18914406328206937
3212009,0.2138815744033983,12,0.253173706748566
3212011,0.13305733231305109,12,0.15324199083614454
3212013,0.47925660846686036,12,0.17584764078081264
3212015,0.12126373725344201,12,0.1655384037007891
3212017,0.17746699825117507,12,0.2632745192221044
3214001,0.2761505732319419,12,0.2886741772075752
3214003,0.14322518165444248,12,0.14173729154008502
3214005,0.09843708762361729,12,0.18871080388753236
3214007,0.28439650853325094,12,0.2771094874294336
3214009,0.17039669162147247,12,0.2521681752199412
3214011,0.8191943933643692,12,1.338295221662551
3214013,0.8919215000699204,11,-0.3263425634389695
3214015,0.2125601081427535,12,0.04086182139731542
3214017,0.09837280099707084,12,0.13332971083081335
3502001,0.4603212227845987,12,0.7290407931401611
3502003,0.21031160360814796,12,0.30259745455259696
3502005,0.2562962424808926,12,0.24079754017517482
3502007,0.23361526412657116,12,0.07190929634424319
3502009,0.2877284640198089,12,0.20787535080595257
3502011,0.311890139913076,12,0.24890797965867542
3502013,0.12238758508864007,12,0.14452742714799485
3502017,0.3853759191616774,12,0.30768298539699207
3502019,1.955613841430002,12,0.5887702385559913
3504001,0.26820110234833333,12,0.20028808641870954
3504003,0.12277793228961893,12,-0.07962468726723272
3504005,0.3084660475014954,12,0.27619561915459073
3504007,0.25838970078833057,12,0.6603628588074972
3504009,0.2289628843788949,12,0.33186483539822637
3504011,0.1453106772166502,12,0.40344324235933976
3504013,0.2114774534615879,12,0.3268925717533928
3504015,0.2670892352191419,12,0.3413177248036048
3504017,0.4829167912428143,12,0.4485093462566015
3504019,0.4178387284099221,12,0.49477517919604724
3504021,0.1135401919876158,12,0.17375606078586148
3504023,0.19455970169071474,12,0.16030200804092362
3504025,0.18210211777526208,12,0.18541716938258548
3504027,0.17292789229446745,12,0.20437613131663182
3504029,0.2154600064196543,12,0.2452360835213868
3504031,0.3406256078338645,12,0.28154294961020704
3504033,0.16375870723109515,12,0.13732218932233084
3506001,0.4023522797055951,12,0.5934047860390982
3506003,0.35973748934994704,12,0.23664062108676168
3506005,0.37502575127352467,12,0.3406487870679273
3506007,0.41292453089641773,12,0.32431205427871884
3506009,0.2920843283269953,12,0.3801418356088822
3506011,0.28452731744430104,12,0.10093866042754586
3506013,0.31715892911957655,12,0.327868026017223
3506015,0.22717632981417246,12,0.13626742229194444
3506017,0.22331504564151314,12,0.1343666378494264
3506019,0.20514015857005552,12,0.059446919010471694
3506021,0.3312471834650372,12,0.03504960858934649
3506023,0.3736392991047863,12,0.29918914766289
3506025,0.19575584679689514,12,0.2508996131111724
3508001,0.34322357035398987,12,0.6110755257601393
3508003,0.25681507473045584,12,0.22090079296347598
3508005,0.2882521107759388,12,0.05610035951951037
3508007,0.2537377526976209,12,0.21025987047617822
3508009,0.355973196523184,12,0.12447377793821228
3508011,0.15432130061549076,12,0.2163156960870444
3508013,0.1684213296752659,12,0.11939916336354724
3508015,0.18646846314090385,12,0.15213510992619225
3508017,0.16387417317953348,12,0.0916578947524554
4402001,0.36354659988158605,12,0.5471280962379507
4402003,0.4333572518322473,12,0.1221023962463908
4402005,0.13659240684909396,12,0.19521135556489613
4404001,0.13074802065758476,12,0.10001403182386125
4404003,0.2709250014350933,12,0.09106227746465935
4406001,0.14319798383341492,12,0.08403314870892455
4406003,0.22518411569922897,12,0.0814460958649773
4406005,0.23645869879245213,12,-0.04371535118199873
4408001,0.20322433158781245,12,0.03299420995152361
4408003,0.18660303841016698,12,0.15950603470325278
4408005,0.2074379465045664,12,0.11587992415115383
4410001,0.6652329791610856,12,0.541069504320794
4410003,0.5190842025192901,12,0.2163635117357082
4410005,0.3664386813358381,12,0.13848147430173652
4410011,0.18874320955841342,12,0.048088842935388454
4410013,0.43877651549384455,12,0.3921934054106799
4412001,0.4131157745139699,12,0.27594227224536616
4412003,0.20360869694370157,12,0.11117891689175903
4412005,0.2377681490407797,12,0.11454612446991806
4412007,0.2888023108049452,12,0.04316914030905933
4412009,0.11172157723755394,12,0.09744928353038268
4412011,0.12304666606263812,12,0.12603104808649238
4414001,0.27146487761630345,12,0.2075730003077354
4414003,0.5738079017272288,12,0.18925152551997182
4414005,0.37344143958456166,12,0.21586788122863207
4414007,0.1980670114531186,12,0.2910426784709006
4414009,0.27580694114365106,12,-0.07358340050797095
4414011,0.14369402203350518,12,0.14517658917212437
4414013,0.36740317182056126,12,0.22836455748860432
4414015,0.41743288082770696,12,0.20295804836211953
4416001,0.40320433760591057,8,1.6164042790580384
4416003,0.28144446719873795,12,0.4987438674746541
4416005,0.2154104330798475,12,-0.0062817687580967495
4416009,0.2425017677234741,12,0.02768353892878399
4602001,0.15652441274491694,12,0.24677960691866563
4602003,1.1889272161624225,12,0.483300090956674
4602005,0.45808404922418366,12,0.16420804231183594
4602007,0.41876219604732257,12,0.10291538286150599
4602009,0.17573730451015895,12,0.22991127960846613
4604001,0.20739817668393518,12,0.15966304739131387
4604003,0.5619495496721033,12,0.21510062123895402
4604005,0.5089316496374938,12,0.44554245448840657
4604007,0.3080371345020845,12,0.47090966899229003
4604009,0.5266041285129294,12,0.0722586019008662
4604013,0.49295405175138984,10,0.3384807188242069
4606001,0.4657202958644084,12,0.49059374581799714
4606003,0.13922346088529058,12,0.16126897996891185
4606005,0.4767851277603801,12,0.5523271777771612
4606007,0.18826925464451905,12,0.24876202479253828
4606009,0.27621890768720603,12,0.2925143592353089
4606011,0.7770243864980004,11,0.14194399809015132
4606013,0.28590999139599144,12,0.16490371636488735
4606015,0.481076137439686,12,0.07179171339958446
4606017,0.226109501237607,12,0.3781024834318603
4606019,0.5069899312433943,12,0.037986331942172304
4606021,0.2290941734691565,12,0.27462965536196693
4606023,0.401705474270829,12,0.056053201116106954
4606025,0.22159825625810634,12,0.2241602132117693
4606027,0.2292627168801226,12,0.3492442815286649
4606029,0.31472009815002067,12,0.24685709426578603
4606031,0.3385721560847891,12,0.37682193605223985
4606033,0.3588766786822943,12,0.333448134629826
4606035,0.28692995349591544,12,0.42349065289440246
4606037,0.24131545837221327,12,0.1876522901515123
4606039,0.25603898462563235,12,0.18744821144615761
4606041,0.20721657989509923,12,0.2762937995021076
4606043,0.2591596444266723,12,0.29159159708098054
4606045,0.22188006521749654,12,0.15849640634652487
4608001,0.27311954896715007,12,0.4223893371930694
4608003,0.5602651882842399,12,0.15189639732777394
4608005,0.4702904404150931,12,0.35758321171015545
4608007,0.30270590796046415,12,0.4500999346467834
4608009,0.25717155554470084,12,0.2971359424805931
4608011,0.36468275786217064,12,0.8488392832855055
4608013,0.1293366499091166,12,0.11729345018279158
4608015,0.4105687860298205,12,0.33575046439811396
4608017,0.3335588958871427,12,0.3004340185485371
4608019,0.21172301648840902,12,0.594055379926262
4608021,0.39437216122226826,12,0.20302010361867173
4610001,0.40772107453895257,12,0.7710864176367508
4610003,0.22773069997566295,12,0.3429145626224019
4610005,0.2295800263206249,12,0.3774241441748758
4610007,0.7137504017874414,12,0.4197927493153038
4610009,0.49800294035342024,12,0.4252276075491472
4610011,0.2320335254129268,12,0.2917599477881759
4610013,0.17604700262636266,12,0.1226179997902183
4610015,0.9873127689286749,12,0.0022586966016305554
4610017,0.261128239112773,12,0.5470512845426566
4610019,0.22677789197689463,12,0.2677959913830455
4610021,0.4220209146798662,12,0.24166171829620317
4610023,0.2283886269390351,12,0.2590681616304367
4610025,0.38498084529354115,12,0.3732034067793511
4610027,0.3558206488824485,12,0.04382654316920195
4612001,0.7018025821202666,8,0.3365354057415195
4612003,0.17471329499953284,12,0.11347725253627976
4612005,0.7889777080283883,12,-0.308102810355593
4612009,0.5971715703998667,12,0.4526621830460444
4612011,0.59926281145885,12,0.34004906506790084
4612013,0.16014767377830086,12,0.12907192901126693
4614001,0.3342190390938654,12,0.4826778068606967
4614003,0.18324952068808634,12,0.37026431092343676
4614005,0.22810973477437238,12,0.4326918914349848
4614007,0.19087306069660812,12,0.39676221128287853
4614009,0.2518872046672417,12,0.37052163636892527
4614011,0.20284501437497673,12,0.18769385389311485
4802001,0.185809666093989,12,0.06887634712253753
4802003,0.20058549916824653,12,0.1662617403000409
4802005,0.23528616372336972,12,-0.12291730379760353
4802007,0.2866005544051748,12,0.464352732187282
4802009,0.2350930896316919,12,0.13700913504058557
4802011,0.6156410067265946,12,0.6997011485300608
4802013,0.11388915764684729,12,0.08350095387273225
4802015,0.14850315623492494,12,0.08320957415022279
4802017,0.44645129793075317,12,-0.0007323224670673321
4802019,0.1911075154495504,12,0.02693576040388525
4802021,0.24676210702339638,12,0.14025467295238325
4802023,0.4514266401830996,12,0.26990715200498266
4804001,0.1565145921011585,12,0.045469789567391415
4804003,0.225860792520862,12,0.11287590765060583
4804005,0.23536238718964167,12,0.1338009516281441
4804007,0.200216033208849,12,0.021017355963030327
4804009,0.24204162253463168,12,0.05173436488420363
4804011,0.28502941477214866,12,-0.017792907281010364
4804013,0.19998438627478543,12,0.19910296334868693
4804015,0.4622431279693002,12,-0.02394283263415839
4804017,0.29583599131554056,12,0.18560245997952382
4804019,0.19326978486778792,12,0.001451307648379082
4804021,0.23842418048373748,12,0.03988080375695979
4804023,0.21621843140300825,12,0.07319433785163998
4804025,0.13817150781651677,12,0.03167915991991139
4806001,0.2626811547946067,12,0.46129675531272
4806003,0.13444323250753507,12,0.19883650955761314
4806005,0.26029987964885626,12,0.13265652785061066
4806007,0.1274767456426275,12,0.1083658673862175
4806009,0.21373855526519447,12,0.12479332398058639
4806011,0.13738411464397202,12,0.09283014389596418
4806013,0.21524729983963423,12,0.18016351837961805
4806015,0.11352791318024508,12,0.12003581810465315
4806017,0.22457331327496408,12,0.13593456647246216
4806019,0.24476713812042464,12,0.019221793042864237
4806021,0.1647861715794808,12,0.1626144879728231
4806023,0.173300364328075,12,-0.04628182598545027
4806025,0.20429913742347813,12,0.1994415757833485
4806027,0.41073618080354063,12,0.07681805476682328
4806029,0.19450848725737502,12,0.2326477876587377
4806031,0.2870823896100421,12,1.0747448148734164
4806033,0.26048281467548234,12,0.2097211571774764
4806035,0.22579061745555631,12,0.2862927758384514
4806037,0.17360245967920215,12,0.23332150062243065
4808001,0.22025305125739575,12,0.09713780214813077
4808003,0.27651345469499244,12,0.2113203200063781
4808005,0.22898530835154735,12,0.0322278205802028
4808007,0.4343088923955175,12,0.2896723633105961
4808009,0.1903969826387621,12,0.1803202819581701
4808011,0.25137094153755646,12,0.189886034660209
4808013,0.18673244713101833,12,0.1813993867207989
4808015,1.264215170059835,12,0.6060301446956293
5102001,0.20314836283367935,12,0.06294637415504807
5102003,0.22436585446527205,12,0.2638857356041796
5102005,0.2408473842432943,12,0.054300658261802914
5102007,0.3107329631933605,12,0.42855816241131683
5102009,0.3077702536004255,12,0.49324087525460575
5102011,0.27042916000100414,12,0.15055893966771877
5102013,0.2641990781158392,12,0.056768389807234594
5102015,0.22772416155211772,12,0.19623599445229442
5102017,0.2937219818053697,12,0.4226208019819515
5102019,0.22229443498462062,12,-0.06620313670728455
5102021,0.32563430186990217,12,-0.06645196518636733
5102023,0.20788755433607592,12,-0.05062753812644256
5102025,0.22723255801542883,12,0.05910753864472577
5102027,0.2098512714608505,12,0.08311135020846372
5102029,0.28866915723771613,11,0.20780791337738044
5102031,0.3199805724606349,12,0.05263388743317426
5104001,0.12978581370442302,12,0.07819987122056506
5104003,0.2607249543655686,12,-0.022205416792228077
5104005,0.13088080241882702,12,0.1296070554023144
5104007,0.1572721829104526,12,0.06746515002035923
5104009,0.5584038900517857,12,0.20339834876746166
5104011,0.3983780807349561,12,0.13929210902098912
5104013,0.3558564770876363,12,0.1000658884883754
5104015,0.25026852042366676,12,0.18851661395147212
5104017,0.23704979252535302,12,0.010736283009112607
5104019,0.11176413623072964,12,-0.07047942390322756
5104021,0.12427706150920637,12,0.09169926253292009
5104023,0.3703549982974232,12,0.10119406968324261
5104025,0.12638553715053122,12,0.17473900953642504
5104027,0.2689432999401745,12,0.12060470521786675
5104029,0.4763166600082619,12,0.21348364576809895
5104031,0.22928690626884818,12,0.1254891038333087
5106001,0.1621120500688247,12,0.04913820002684912
5106003,0.11026528434903322,12,0.07175388950508597
5106005,0.18174785079209538,12,-0.06833081329625992
5106007,0.14992416187491195,12,0.09848597937873727
5106009,0.21690271158838975,12,0.026574403557047183
5106011,0.1893675744320955,12,0.191039587881585
5106013,0.17102515687609057,12,0.0654068749334108
5106015,0.2339422130751101,12,0.18263536991844975
5106017,0.17802517308401491,12,0.10981194651414557
5106019,0.2281353171080473,12,0.18829886207411298
5108001,0.1480795472696129,12,0.14637894124066336
5108003,0.08122204970283732,12,0.06063016380774324
5108005,0.1079745871433511,12,0.08959318172410573
5108007,0.21540169997956304,12,0.046392500211661795
5108009,0.1301167802640398,12,0.14013469096762596
5108011,0.2118085326084858,12,0.17952151189532653
5110001,0.13044288253972275,12,0.11561487593084163
5110003,0.3572737054527632,12,0.15687858279817712
5110005,0.184275177611965,12,0.10289510771213244
5110007,0.19657286443897312,12,0.14411383734721409
5110009,0.5535090553107388,12,0.2205788836672403
5110011,0.08831118474024348,12,0.04057464602995316
5110013,0.271295238788527,12,0.24077382740874098
5110015,0.25036932222380676,12,0.20612884215194696
5110017,0.2221028816850418,12,-0.0037274965200979338
5110019,0.18137923542106107,12,0.15488060916967403
5110021,0.4554352036340284,12,0.08134625014693758
5110023,0.14219725320043972,12,0.15590736503304747
5110025,0.3000290511450638,12,0.062234826291835306
5110027,0.11680369272203796,12,0.10109991292614438
5110029,0.1274734224258768,12,0.1177497987243175
5110031,0.19710756799352597,12,0.1418629209876304
5110033,0.1675122223152158,12,0.20651780795509211
5110035,0.1449112755566599,12,0.1016852132719037
5110037,0.1449317397344094,12,0.14383990026229912
5110039,0.21448028985697298,12,0.21011935792856604
5110041,0.15326523660760588,12,0.03386593901273037
5110043,0.46905863538137776,12,0.13393041956989096
5112001,0.2525094440064352,12,0.07022333479420419
5112003,0.3629898519246931,12,0.09253713395347844
5112005,0.47834167498946567,12,0.40833363549526314
5112007,0.2623688115185943,12,0.10861289357848396
5112009,0.2532211746369887,12,0.32593658639365813
5112011,0.3863208761369318,12,0.0561850176626254
5112013,0.2973796586313308,12,0.18138373910366243
5112015,0.24358390661300372,12,0.17739895847364148
5112019,0.26184860541857374,12,0.10375773383852076
5112021,0.42868109024971873,12,0.44837182215092336
5112023,0.3846037001281807,12,0.3728451828752815
5114001,0.4440943566088339,12,0.19396660418837688
5114003,0.2599781921361358,12,0.042073433342977834
5114005,0.21551914503737354,12,0.08711290555673684
5114007,0.1441766036504326,12,0.08266175559216134
5114009,0.4281247826594538,12,0.25543757502016323
5114011,0.31625446996925,12,-0.03338516295913751
5114013,0.4315651992652082,12,0.09734938908202245
5114015,0.6430428187010172,12,0.14302845938630507
5114017,0.320820595579673,12,0.10301689017299094
5302001,0.16573791040125274,12,0.1311643099121794
5302003,0.09695847516054962,12,0.0535887144794227
5302005,0.2926494024137715,12,0.3206819408754335
5302007,0.1498173201418352,12,0.13003625558718712
5302009,0.22967124835825972,12,0.12118210002465651
5302011,0.14594552775800607,12,0.06361199910857913
5302013,0.1518526978961846,12,0.42112445235054446
5302015,0.5621423864015108,9,0.24879678314262735
5302017,1.219731046685452,12,0.6133295688754733
5302019,0.2527147042930019,12,0.22330557129609974
5302021,0.18563865346263567,12,-0.015082700757154358
5302023,0.21156969263633552,12,0.23517994818744944
5304001,0.35331258117806336,12,-0.004186275606232674
5304003,0.14089227935610454,12,0.2692354355841043
5304005,0.5519517867698478,12,0.08002547733666009
5304007,0.2797582628476325,12,0.28464397693242155
5304009,0.3081676704908384,12,0.1698544996774568
5304011,0.11920833646346174,12,0.5914317887339756
5304013,0.9811477928296356,12,-0.514494176251216
5306001,0.22258405194691674,12,0.7114776445650777
5306003,0.2437907901272152,12,1.5161886926253565
5306005,0.9887259650283676,12,-0.4289371965715798
5306007,1.2363156185679023,12,0.7508433558272372
5306009,0.5173622172215866,12,0.17068534556095646
5306011,0.21757345495015135,12,-0.06907024111962486
5306013,0.2587588399761449,12,-0.08471335425286992
5306015,0.7699281882699062,12,0.8449397048297275
5306017,0.5860538988819428,12,-0.7080425338852226
5306019,0.4509396839685436,12,-0.13999852185873893
5306021,1.4595866506185227,8,0.4907769064483004
5306023,0.20957322600950526,12,0.05821009580533506
5306025,0.8549900005298586,12,-0.2540893208603087
5306027,0.23774193963413195,12,0.0827091320764609
5306029,0.6471303180412564,12,-0.19701376598159714
5306031,0.6215878867715305,12,-0.5295625426706535
5306033,0.22044459301543853,12,0.18590284431476012
5308001,0.19404744709521074,12,0.09597500475579157
5308003,0.7612029417340631,12,-0.16360940860109593
5308005,0.27054237350606003,12,-0.03756972599289845
5308007,0.19862456462544503,12,0.2663708468057318
5308009,0.32782500291094147,12,0.04878550498813378
5308011,0.17750440542269108,12,-0.03168276178871777
5308013,0.16476873125018984,12,0.225926761172331
5308015,0.38669668577512895,12,0.2656404888204535
5308017,0.5984463403479279,12,-0.18848561453318644
5308019,0.17165610194064956,12,0.0717678931002439
5308021,0.3094141231801321,12,0.238298142812991
5308023,0.31375537499446926,12,0.2791801965376263
5308025,0.14476328863676302,12,0.061550895582460796
5308027,0.21429763163537113,12,0.15165495894812564
5308029,0.2717558740264492,12,-0.028061557890106576
5308031,0.18473920219217402,12,0.10247715082438173
5308033,0.1684548220361089,12,0.16432719675651958
5308035,0.3352711594794877,12,0.047829680314037316
5308037,0.16218028097957643,12,0.26936643779877983
5308039,0.3954902248399689,12,0.6927306418772692
5308041,0.2963236233607368,12,0.11198396548618765
5308043,0.18093454915967766,12,0.17581442928294985
5308045,0.2882929110305533,12,0.08619996327364143
5308047,0.2676459193960442,12,0.29557078331539693
5602003,0.1911546818888358,12,0.17364348201027444
5602005,0.556781394074002,12,-0.09809232228837715
5602007,0.32883654928656214,12,0.7061891724121049
5602013,0.7543653313884126,12,-0.1844483996182219
5602015,0.8154598127796814,12,0.3251900360044194
5604005,0.9856809770130149,12,-0.2844501980132192
5604007,0.1586545019928686,12,-0.32286065763533367
5604011,0.78722659777209,12,-0.08339519286318435
5604013,0.7716165991152497,12,-0.28996748472363504
5604015,0.23899256370995603,12,-0.2136487132076954
5604019,0.536211204001021,12,0.16968053242225825
5604027,0.8247834843833001,12,-0.22103501085315802
5604029,0.3571580496756949,12,0.1858962472407261
5604031,0.5797942064046127,11,0.29008881977666046
5604033,0.5737485072967538,12,0.5917505097954359
5604035,0.6882640469003617,12,-0.2105382591277362
5606001,0.3597823825238605,12,-0.0734273459601978
5606003,0.31667393101645513,12,0.3524438305987258
5606005,0.2815291612739269,12,0.15919723942817132
5606009,0.6362873946400517,12,0.6754795549459743
5606011,0.2647039716725427,12,0.29711906406998323
5606015,0.10461630515413256,12,0.4619182457060784
5606017,0.3937193270374868,12,-0.08975442135163354
5606021,0.5756960288005704,12,-0.22753371647924295
5606023,0.4574436131243875,12,0.24624667002917847
5606025,0.3064748501588778,12,0.1275089440350483
5606027,0.28744393067774354,12,0.5075409017158976
5606029,0.3320449099298281,12,0.4961047260754266
5606031,0.4429097176009306,12,0.5275232866279862
5606033,0.2725492639053721,12,0.2843677334679482
5606035,0.19415630060354327,12,0.32070533791171857
5606039,0.9590231250155176,12,0.1824803480195678
5606043,1.2640668149998535,12,-0.270851978200257
5606045,0.39657924151514096,12,0.36980790802094515
5606047,0.16837178681908185,12,0.17949933020805306
5606051,0.22461592816377596,12,0.36016313202313266
5608003,0.5299255423992395,12,0.1841174231668465
5608007,0.5684419146447878,12,0.1651317678730153
5608009,0.7148423942648823,12,0.3103185368971984
5608013,0.5126040145858962,12,0.21945332554609584
5608015,0.996277500496517,12,-0.23976605278078855
5608017,0.2642130242012263,12,0.3479551881426319
5902001,0.579547054786727,12,0.3858806382557334
5902003,0.3479578391834104,12,-0.11357404560476525
5902005,0.40740005767178783,10,0.16576382691633845
5902007,0.3321955497348069,12,-0.10393957869619337
5902009,0.34980180351256046,12,0.42386809296793393
5902013,0.5684363635398229,12,-0.05702788276223674
5902015,0.29324774232037165,10,0.2343527740329528
5904003,0.9130343172670714,11,-0.2520666170959671
5904009,1.0583388831173122,12,-0.33294306630872056
5904011,0.18916476293206314,12,0.1759532523531068
5904013,0.14636619380357516,12,0.1467412991225689
5904015,0.4233641273591191,12,0.5322896024248509
5906001,1.0934287472806823,12,-0.6569552078533375
5906007,0.9506622506405256,11,0.7851594490663296
5906009,0.6266009799356896,9,0.7318658960649862
5906011,0.48418653433171027,12,-0.003228256164633625
5908001,0.20346323338193456,12,0.1795453497637858
5908003,0.35191157470754136,12,0.24761029463701276
5908005,0.9821543856692622,11,0.5047054990046799
5908007,0.2863007280495256,12,0.2571873758042299
5908009,0.410405608201787,12,0.2615403407575887
5908011,0.8418022007409206,12,0.42284072194813466
5908013,0.47188583111112536,11,-0.21589127259134192
5908015,0.6081272628392942,12,0.406908605861341
5908019,0.3758208494058367,12,0.36887291357698193
5908021,1.5475587922896104,6,0.2549732073410356
5908023,0.36005898891155297,12,0.8523907847030538
5908025,0.21901824695055044,12,0.311071751849705
5908027,0.20432736837314408,12,0.09273257305018405
5910001,0.4675412179941045,8,-0.28448651824537186
5910003,0.48622261247021653,12,0.46888925198744635
5910005,0.9817411339824635,12,0.5413575994588735
5910007,1.102247547302288,12,0.2013227444446097
5910013,0.6002984487258634,12,0.561027546174978
5910015,,4,0.668162506329987
5910017,0.3849297420766699,12,0.21929235851279305
5910019,0.8423860563189177,10,0.9138057668615659
6102001,0.2689928035525301,12,0.10323738991566739
6102005,0.4502592979863233,12,0.7591619780114848
6102007,0.40931893182649265,12,0.9745406298372513
6102009,0.2802439008860027,12,0.29849105719723396
6102013,0.5126947524720944,12,0.4270561665185073
6102015,0.4794854365831147,12,0.13244721798171855
6104001,0.16686833708389684,12,0.2008088462481112
6104003,0.2342855465684338,12,0.23842514002206228
6104005,0.15187373614252198,12,0.1792945085116013
6104007,0.17174766251391407,12,0.28119509970721845
6104009,0.16459801042027516,12,0.28233712919942133
6104011,0.2046055935858431,12,0.24843432046894395
6104013,0.5340540670616666,12,1.2827166130003895
6104015,0.2506354020367844,12,0.28569110344650644
6104017,0.25406315450295586,12,0.09643873888824689
6104019,0.6152687461463568,12,0.514176740318252
6104021,0.49611390485223666,12,0.3021818647478343
6104023,0.38872647942109756,12,0.32134718502135473
6104025,0.44644817673890064,12,0.384310950187785
6104027,1.1800683021885991,12,0.7105914948873654
6104029,0.21503971763852325,12,0.3161630378540741
6104031,,4,0.18079446309545766
6104033,0.6953678178563525,12,1.4101601945837083
6104035,0.2637839101619398,12,0.2294544151004535
6104037,0.4768292867479052,12,0.8694090452682213
6104039,0.126358420651737,12,0.346105416681181
6104043,0.27766978679174886,12,0.029025155894563046
6104045,0.3507290401333813,12,0.4689319417701232
6104047,0.21108925393909964,12,0.5973307015084562
6104049,0.17972028671241574,12,0.1393076886244838
6106001,0.41871184087498076,12,0.462971536719643
6106005,0.20746449317974408,12,0.07281198214407004
6106007,0.22628117929376157,12,0.3141107972487737
6106009,0.4184458408847992,12,0.26983491529987247
6106011,0.5643955010618215,12,0.2869659607020556
6106013,0.20872032198918208,12,0.0796300397611281
6106015,0.2824917586804815,12,0.3013190906921952
6106017,0.1551966984186192,12,0.2658738401072213
6106019,0.5274349143171405,12,0.019190739796068352
6106021,0.41251429692059616,10,0.10188815383215126
6106025,0.4859040862611527,12,0.6412075348661672
6106027,0.7211888703973476,11,0.3766767572162024
6106029,0.35344885697710793,12,0.14311104763582796
6106031,0.49896696024465503,12,0.299045443468093
6106033,0.4423104595259645,12,0.002576640783007881
6106035,0.29999035802251184,12,0.20863508582884202
6106037,0.40608108802329146,12,0.2593585817342305
6106039,0.4093481421499935,12,0.6364529688167749
6106041,0.3611370423622178,12,0.2997141341335246
6106043,0.22708464692538732,12,0.23271626420546818
6302001,0.6438097289172635,12,0.9416739759072049
6302003,0.21456888510842645,12,-0.06252768760996856
6302005,0.2902814998290762,12,0.3026802894590832
6302007,0.5653185499539074,12,0.2481864298615899
6302009,0.5157816574874503,12,0.11609565580422361
6304001,0.2584334833520318,12,0.2428541924810739
6304003,0.28807978507802123,12,0.18440740196792002
6304005,0.7437961034365448,12,-0.7939062484778735
6304007,0.2582405329784321,12,0.04267797212955803
6304009,0.2141105050747416,12,0.20498738325040564
6304011,0.25624920510590665,12,0.3311075132599642
6304013,0.2172859838984402,12,0.27648523332239017
6304015,0.27832916544491487,12,-0.06508427518177887
6306001,0.4429393048414712,12,0.24507166788816045
6306003,0.18717068923639507,12,0.09753761974628095
6306005,0.22673346773229253,12,0.05993508407786854
6306007,0.4631797146184403,12,0.14437213308447053
6306009,0.19608378727492493,12,0.09602502413568735
6306011,0.2048572625596602,12,0.1513866079254553
6308001,0.5727823740847776,12,0.2893179398040299
6308003,0.514798611357033,12,-0.11377212272284509
6308005,0.25153621743410143,12,0.21534996067449827
6308007,0.24113800359375648,12,0.08880347083161294
6308009,0.2621336796982519,12,0.13284462873081446
6308011,0.19562488415937793,12,0.2962211797821796
6308013,0.2900689044449192,12,0.25965982715953134
6308015,0.2990984649945073,12,0.1810327828626477
6310001,0.3296535399126279,12,0.0814773694570211
6310003,0.29684454461966764,12,0.13091789125760844
6310005,0.2276143075865008,12,0.05524974594231974
6310007,0.19775781722350455,12,0.1288460988509724
6310009,0.14144429650254384,12,0.03805094500603872
6312001,0.1669906074041098,12,0.23677728872778867
6312003,0.12593861660192976,12,0.1401500636278137
6312005,0.1819981266750755,12,0.16208921951708602
6312007,0.24610893161404085,12,0.1230945515123526
6312009,0.44085440037809953,10,0.45993769021436615
6312011,0.19960316760429564,12,0.060739202763024414
6312013,0.1869780862291092,12,0.21425397255490505
6312015,0.180788309365071,12,0.1515279017410311
6312017,0.16865475978939395,12,0.050095401250004855
6312019,0.19071836284936208,12,0.24228685571010464
6312021,0.22199615632787914,12,0.13606852573677788
6312023,0.15068426381541802,12,0.20435809349081266
6312025,0.16160286303929147,12,0.15596207504805848
6312027,0.240313011444473,12,0.025539777771190948
6312029,0.2234025130276361,12,0.2155972755962462
6314001,0.518121907771512,12,0.35505359743130765
6314003,0.13838611143841273,12,0.26275953103103306
6314005,0.1665823652099416,12,0.1471304916914554
6314007,0.18800869763127515,12,0.061348876429481336
6314009,0.21686600826162333,12,0.21631145454785683
6314011,0.38349888657050346,12,-0.0007145627177344386
6314013,0.9159689293426722,12,0.2421700719752948
6314015,0.37302843789620793,12,0.28400570797188457
6314017,0.15299004829697033,12,0.04632943717473014
6502001,0.18262278287117192,12,0.1808466119814327
6502003,0.2672211519739456,12,0.47741496552590235
6502005,0.17037301823084713,12,0.14441829912825152
6502007,0.28759865328909456,12,0.0895204749476547
6502009,0.37390164541830856,12,0.4158727250321848
6502011,0.43597226336748096,12,0.3590247803296769
6502013,0.3935343240616185,12,0.2945170914269704
6502015,0.30340626753557326,12,0.13974423538756137
6502017,0.3400300676713955,12,0.28180316723139925
6502019,0.6345326153476396,12,0.14220449807376637
6502021,0.244864295850665,12,0.04294240347771838
6504001,0.16465080740543087,12,0.0870436333415703
6504003,0.31786193619296255,12,0.1545688826792076
6504005,0.35707538397404115,12,0.48329957789071737
6504007,0.3750501034477411,12,-0.03523229943224936
6506001,0.27857071706189096,12,0.36672749835639024
6506003,0.21988098949163845,12,0.18807783520313184
6506005,0.36997681818204214,12,0.2532516938117025
6506007,0.3150244264572181,12,0.2180972555007238
6506009,0.28346486597636955,12,0.11701007633187814
6506011,0.15569367399574413,12,0.047486374112474285
6506013,0.24480031954443632,12,0.1155025773838325
6506015,0.26528435862483785,12,0.049429486698530874
6506017,0.16421801604760974,12,0.027855793337350138
6506019,0.2817067443814308,12,0.11039281677490224
6506021,0.4182515118224983,12,0.2518989743128233
6506023,0.2603077370446287,12,0.11428293414312757
6506025,0.17044413340465936,12,0.08285409516349286
6506027,0.2434407678567349,12,0.06889296521743304
6506029,0.3349752236660442,12,-0.05118531112457908
6508001,0.2000267224183071,12,0.20946662778594974
6508003,0.1739592052675937,12,0.16879629699237633
6508005,0.22317106232864561,12,0.3473931674399265
6508007,0.25832762928710423,12,0.06321857517901483
6508009,0.16198837626724993,12,0.28971064855527756
6508011,0.4076773645605003,12,-0.038793958970072866
6508013,0.32486675494152933,12,-0.14849498631804856
6508015,0.1630418707684876,12,0.102955779362352
6508017,0.22082638736136997,12,0.3099115824256302
6510001,0.19291586443177267,12,0.24806421480990096
6510003,0.1765242050586087,12,0.2412186674881841
6510005,0.41694892465349787,12,0.19290937645401088
6510007,0.1833280142671271,12,0.241466552968125
6510009,0.1463803741599152,12,0.04907471039537661
6510011,0.14311554926687453,12,0.11137223195779072
6510013,0.3349906711706465,12,0.13860099973589285
6510015,0.13900479468608054,12,0.12421284160795172
6510017,0.1901103231819811,12,0.14742827160845326
6510019,0.18114728960346346,12,0.24861686269864244
6802001,0.3825382303822863,12,0.6392322545395649
6802003,0.16443031390530854,12,0.12000686285124074
6802005,0.25627060284730735,12,0.49992001233767214
6802007,0.197418917597878,12,0.9143083071771829
6802009,0.4798637310030883,12,0.3935130859428179
6802011,0.18530165507917015,12,0.1460880158631256
6802015,0.2512692093463588,12,0.32139341679176253
6802017,0.22416104882103252,12,0.20779612077557486
6802019,0.1926329164295337,12,0.27290775709427334
6802021,0.6855407318471862,11,1.0577689038759135
6802023,0.1841730462495322,12,0.21198903689600365
6802025,0.32677592246634773,12,0.12326683474532925
6802029,0.3034539171629501,12,0.3174966749439218
6804001,0.5997746402925688,12,0.7478934580285359
6804003,0.2681146557355799,12,0.4169108497951182
6804005,0.254559739881425,12,0.19570947453124132
6804007,0.46761171142294,12,0.47093652688761073
6804009,0.2756224668818277,12,0.2056955810733637
6804011,0.34291147079792805,12,0.173277672631724
6804013,0.24073015572075246,12,0.2510503539539962
6804015,0.3080971823372774,12,0.39118144432421526
6804017,0.6859503898540616,12,0.5546221742916302
6804019,0.7832678376994368,12,0.4286924848134898
6804021,0.25875519197303626,12,0.20459423484312986
6804023,0.22901923693453533,12,0.40846300063995566
6804025,0.1750082105727136,12,0.23211679465598786
6804027,0.1697215144114719,12,0.6581822087029184
6804029,0.7357657088753754,12,0.08863753968886827
6804031,0.3365398781948596,12,0.38852872173844766
6804033,0.21061297957353553,12,0.45389605340900663
6804035,0.5156598378667537,12,0.5841330242611616
6804037,0.5726085054672523,12,0.43720760229196615
6804039,0.10424926320724724,12,0.2773415247331916
6804041,0.7592923896570968,12,0.4115028897261155
6804043,0.17775182597639275,12,0.20012408163129677
6804045,0.46359386905957073,12,0.36342702626860685
6804047,0.1662921156014178,12,0.20913462517168005
6804049,0.32110038158949394,12,0.426444746137231
6804051,0.2782949791166261,12,0.23797033359419292
6804053,0.2959642563265843,12,0.48838989545656536
6806003,0.43338418064803547,12,0.39483986303176016
6806007,0.784349515943813,12,-0.19948251813692452
6806009,0.5571254320186095,12,0.6466696568845142
6806011,0.44164353383379784,12,0.1611468404564983
6806013,0.9409136679048461,12,0.38266720694173606
6806017,0.32519154134409356,12,0.11981797418330903
6806021,0.5929632194843502,12,0.2833294114466586
6806023,0.9616823835534531,12,0.46473669295328585
6806025,0.5058353029537722,11,0.18857787910722826
6806027,0.1697206876961788,12,0.025998067277128306
6806029,0.44284544781252644,12,0.5277758028470974
6806031,0.5057619576463278,12,0.4123485350810266
6806033,0.14970985507165527,12,0.23921768457158707
6806035,0.5850180657230517,12,0.32774534126256666
7102001,0.3771649465837679,12,0.04268088019007146
7102003,0.25644814756020073,12,0.0491733962135917
7102005,0.5331039571770609,12,0.482838980506566
7102007,0.3969902678424645,12,0.034340836355664615
7102009,1.5721354821722644,12,0.48766905863529225
7102011,0.16732956047172434,12,-0.10796749285734426
7102013,0.10991682964998199,12,0.09333016343422047
7102015,0.2989899572751161,12,0.2819371198700226
7102019,0.28311103243407404,12,0.1460305605592983
7102021,0.6081558447539362,12,0.42718072269217666
7102023,0.2808311973939103,12,0.4929796587236486
7102025,0.24913990867904487,12,0.1962150860360168
7102027,0.4186813700068251,12,0.3446146951910382
7102029,0.8046466352807501,12,0.33094336866319424
7102033,0.20654025347393554,12,0.20610984647818267
7104003,0.26853114858363564,12,0.34814044992367243
7104005,0.42584728784280496,12,0.41646636567365203
7104007,0.34668655857953895,12,0.18762240543962386
7104009,0.19853648319331027,12,0.36103604337570605
7104011,0.4758013422160506,12,0.918422305899822
7104013,0.3785369695486812,12,0.3761259329192219
7104015,0.20917515481121307,12,0.7294811617701432
7104017,0.33570077740982984,12,0.4662964767448783
7104019,0.21394568872463685,12,0.21703342764111136
7104021,0.7880814544155073,12,0.10083807478336755
7106001,0.18797424547374394,12,0.03445222278263727
7106003,0.3677583995768479,12,0.23558339435267772
7106005,0.4096313623491296,12,0.1882980223539398
7106007,0.21120298087227046,12,0.2631798907862312
7106009,0.18666990179530973,12,0.129827245322821
7106011,0.3860372064066614,12,0.3300655575342131
7106013,0.28161746198722376,12,0.5006873221304389
7106015,0.27600463766303274,12,0.1008550957857851
7106017,0.22562189048257097,12,0.36999260974542114
7106019,1.4639584293909942,12,0.3242732747638027
7106021,0.412606760560987,12,0.08685916916239561
7106023,0.2850115994628534,12,0.14585365185259672
7108001,0.24573268688854347,12,0.12840130092750954
7108003,0.4732586498849732,12,0.27360641299136607
7108005,0.37298212591232405,12,0.1263756040712545
7108007,0.2641625326571334,12,0.05888043662117957
7108009,0.2994851974465315,12,0.5057766146478742
7108011,0.40001667610671193,12,0.3372218729468624
7108013,0.21815630142265802,12,0.25727582614276373
7108015,0.1267781759343046,12,0.15982939787181366
7108017,0.15957381357130695,12,0.22057140878296067
7108019,0.4663247692986188,12,0.3993253272238872
7108021,0.45990669568616765,11,0.7808848960506561
7108023,,5,0.6154171074815435
7108025,0.5027828538370872,12,0.4144625743120525
7108027,0.3095105125808031,10,0.22644728728005523
7108029,0.32152943639198206,12,0.2685149201304367
7108031,0.6105184784618517,9,-0.12844478762120326
7108033,0.4387527600120338,12,-0.5878087913337575
7108035,0.27296712958070396,12,0.3184709689653318
7108037,0.567692903583583,12,0.395615782488615
7108039,0.21238082086471705,12,0.24810387301630618
7108041,0.26963000240428064,12,0.16259083604998328
7108043,0.2373435510097967,12,0.2308050310769437
7108045,0.24041490855031086,12,0.28101469947899327
7108047,0.1783291755384113,12,0.19865229046295366
7108049,0.13186178264489112,12,0.12378324331270485
7108051,0.26454954412972703,12,0.23612051336908355
7302001,0.49779532920213104,12,0.14139962953848806
7302003,0.2320010134606975,12,0.3023120745320502
7302005,0.5196213696110794,12,0.26038155660001244
7302007,0.21560869398911386,12,0.2886307057496122
7302009,0.20638755317824442,12,0.22124761334375978
7302013,0.2651735952473996,12,0.010897184375545274
7302017,0.7293963273146641,12,1.3076776411681141
7304001,0.6153644464557241,12,0.6156346676887993
7304003,0.1599471312437213,12,0.20880528757566066
7304005,0.19198299681530712,12,0.17373157417478635
7304007,0.3348862268091188,12,0.285168520534484
7304009,0.5182385552133699,12,0.4278691884033697
7304011,0.1474837341324839,12,0.2332564051221501
7304013,0.21366895833338106,12,0.22044746847568084
7304015,0.7768021714872496,12,0.8600588321464957
7304017,0.1355488905643656,12,0.007906317718770007
7304019,0.33299715401954066,12,0.1979676219814546
7306001,0.13346867578475355,12,0.21460221810918179
7306003,0.164280218029115,12,0.31857369064443125
7306005,0.1777170131408794,12,0.23138899046371328
7306007,0.22605937087165134,12,0.4293120818531664
7306011,0.22478519913419173,12,0.14440842236371654
7306013,0.1497883596854703,12,0.28147471673915897
7306015,0.19793024019435032,12,0.328556240458933
7306017,0.5044369053724863,12,0.6415879707789814
7306019,0.3478850960552023,12,-0.7002813415167618
7306021,0.28170316570739506,12,0.5711514021551308
7306023,0.32536269863233047,12,0.6578359559449255
7306025,0.19428401339823537,12,0.17177614754382384
7306027,0.21150687913587451,12,0.35916500760457115
7306029,0.27409778200191504,12,0.2607277829783376
7306031,0.42683054408118987,12,0.7163099712756513
7306033,0.19685947081703845,12,0.4448705157558733
7306035,0.13470613764570774,12,0.2897979527550398
7306037,0.23271751854780875,12,0.2530403549362306
7306039,0.46953618030618655,12,0.047112908195562346
7306041,0.13585695857812025,12,0.19862555441948193
7306043,0.15421759180260672,12,0.24948498881693867
7306045,0.2600455718500489,12,0.26315004499107675
7306049,0.13678197786656218,12,0.23750383059454636
7306051,0.29549120188523376,12,0.5567055418145127
7306053,0.1998652634468872,12,0.2550921055006911
7306055,0.21338276928869487,12,0.41392689045559194
7306057,0.186292745700711,12,0.18455218504196771
7306059,0.13533414327514146,12,0.2301824466567831
7306061,0.11039528964038864,12,0.16664790363601864
7306063,0.16621214524443403,12,0.410106846083414
7306065,0.29434044447902236,12,-0.1847174622281443
7402001,0.39776936449594663,12,0.39263549903148354
7402003,0.8468311143889642,12,0.5936890791581972
7402005,0.5210927184678376,12,0.750608971204024
7404001,0.49070868797521766,12,0.7606529402839985
7404003,0.23281976461997636,12,0.22302383568830617
7404005,0.5570102587622848,12,0.3806224781451985
7404007,1.238604555292294,12,0.8963747283497318
7404009,0.8264440347119124,12,0.35201068506165994
7404013,0.8427180793271233,10,0.8100961490225018
7404019,0.8977623087689771,11,0.6595170750334441
7404021,0.6889895537331612,9,0.2831956234477156
7404023,1.2118805267169577,12,0.1912873570380693
7404025,0.2853050230516011,12,0.09478854212516542
7404027,0.6898511905958574,12,0.6721547516649471
7404029,0.4929342335228076,12,0.6749149040775428
7404033,0.9660659723332082,12,0.6898877586385649
7406001,1.0710858853979834,11,-0.07523569939599387
7406003,0.956405994353815,12,-0.2591317057635985
7406007,0.8078982023127788,11,0.6371034648159365
7408001,0.7883382391403149,12,-0.15254151126079427
7408003,0.516156565264621,12,0.6097314780689879
7408005,0.8022486509465429,12,-0.29896468932683257
7408007,0.7448026214766817,12,0.3171317957046907
7408009,0.9985184637838214,12,-0.057794373345753026
7408011,0.6697299808777325,12,0.48334396854542483
7408013,0.26065410603975414,12,0.2346861100096914
7408015,1.034242330421277,12,-0.37218437036499513
7408017,0.45592872644452764,12,0.3776077325376761
7408019,0.6433704497136897,12,0.23612425865549055
7410001,1.2589518339357975,12,0.48009093184549595
7410003,1.4083674319238864,12,0.619693720609593
7410005,1.36699840865154,12,1.7852641663301732
7410007,0.8406926356380133,12,0.6908464447159767
7410009,0.21680574713396675,9,0.25708269784593274
7410011,0.4895963679353078,12,0.6436039036093666
7410013,0.29258935882452264,12,0.48223219312593096
7410015,0.21065626563680737,12,0.3917038299703299
7410017,0.9352158335818495,10,-0.012476373943437712
7410019,0.4111904199585942,12,0.25760857297051043
7410021,1.0355410316289209,11,1.128979162337597
7410023,0.7870603848827633,12,0.789100314728367
7410025,1.0950382784851105,10,-0.2680432390212899
7410027,0.32301400481930903,12,0.6719247448880239
7410029,1.0730042417689913,12,1.1440444344216336
7410031,1.103540412896808,12,0.2295490312443873
7410033,1.012625713027571,11,0.7940508384590396
7410037,0.4526541257414419,10,0.595451837831409
7410039,0.12693342649472245,12,0.196440409986773
8000000,0.13373279193698795,12,0.14482341282688593
8500000,0.08202843065047194,12,0.1768469657809071
