k3,pop_ghs_2020,pop_ghs_2025,occupied,pop_gn
0102001,2620.0076292897575,2362.566888509784,True,3216
0102003,2147.6625310247764,1914.3350175991654,True,2672
0102005,34176.107791037764,30084.561603352427,True,28074
0102007,3956.429210160859,3586.497588705737,True,5212
0102009,1323.3661542418413,1176.9028059840202,True,2604
0102011,10607.013780560344,9509.97440270707,True,6964
0102013,1727.3802137430757,1532.0838608862832,True,4996
0102015,2938.748988010455,2628.1255423538387,True,2846
0102017,3385.723328149412,3049.3464603945613,True,3553
0102019,550.6684306906536,504.5144533775747,True,989
0102021,179.255256973207,159.18565858807415,True,36683
0102023,17688.199478856754,15852.54700736655,True,8303
0102025,3127.984196175821,2775.054087638855,True,3069
0102027,3973.9948219177313,3621.10359044699,True,4235
0102029,4283.53710487159,3776.9924958623014,True,5802
0102031,82.92931790603325,73.59353435318917,True,6312
0102033,4798.8131064279005,4330.4756863527,True,1607
0102035,1893.5112296813168,1701.0959958066233,True,2661
0102037,7676.335840023123,6846.191433917265,True,4441
0102039,1959.262989552226,1760.2677488960326,True,8491
0102041,1169.1653290516697,1021.4066082667559,True,1597
0102043,0.0,0.0,True,2943
0102045,2628.950229734648,2364.650627553463,True,2927
0102047,4874.84292776091,4365.547530667856,True,3334
0104003,754.6700985236093,658.8832239145413,True,1738
0104005,20862.492400120012,18151.357703723945,True,16428
0104007,3042.3368413969874,2728.2437498932704,True,2329
0104009,3117.685851172544,2898.0187660083175,True,2630
0104011,1545.416043241974,1420.7531454754062,True,1524
0104013,3177.1556595154107,2813.4524223913904,True,3244
0104015,2149.511878821533,1915.0012567834929,True,1752
0104017,3287.5013705398887,2956.6474591856822,True,6379
0104019,618.5470384629443,554.6412862250581,True,1318
0104021,1162.5305048469454,1095.3057466223836,True,1505
0104023,2163.1206784769893,1917.4929231724236,True,1436
0104025,11211.800161438994,9972.026841416955,True,13815
0104027,1841.901393730659,1634.239422482904,True,1291
0104031,1423.792591733858,1291.1201247866265,True,1512
0104035,2264.376089929603,2120.8860629447736,True,2397
0104037,1062.0544174192473,920.6793835575227,True,1426
0104039,903.2684036311693,846.846376365982,True,1574
0104041,1481.0813866993412,1294.7681930926628,True,1036
0104043,3585.342364706099,3268.469137639273,True,3424
0104045,3367.2208791894373,2946.6272159514483,True,3029
0104047,1154.2574315974489,1022.5604170300066,True,1290
0104049,1501.88277342543,1349.1484994506463,True,1307
0104051,12147.134824157925,10497.261429179227,True,9682
0104053,2117.2659131304827,2000.0842927305494,True,1841
0104055,2178.263687247876,1938.7877554171719,True,632
0104057,1300.1253521398176,1147.4733282236848,True,2365
0104059,1848.8364766265731,1634.5708947617095,True,1399
0104061,827.0641594002955,727.6656074067578,True,365
0104063,1168.9028392871842,1080.3640737002715,True,1121
0104065,5279.485116934869,4719.95693708444,True,3053
0104067,3352.479390785331,3004.309301139787,True,2412
0104069,3452.406247817911,3155.810092221014,True,3361
0104071,1403.5783304604702,1226.760008243611,True,2582
0104073,1975.4464219808578,1804.754122292623,True,1881
0104075,2213.620667492738,2002.162052366184,True,1540
0106001,3863.092987811193,3357.6374629659113,True,3656
0106005,32876.66151083773,28604.290140637895,True,43636
0106007,1776.3578751245514,1654.0884585443418,True,2781
0106009,2169.8760849372484,1986.9295340352692,True,3730
0106011,2137.391454097815,1914.757090424886,True,3489
0106013,17594.65746392915,15705.305962195853,True,721
0106015,893.4648018698208,796.1162275199313,True,1391
0106017,1156.9507532096468,1028.170239013387,True,1510
0106019,1862.3324955673888,1696.262670519529,True,2633
0106021,856.4489524071105,765.3570898603648,True,1880
0106023,3264.5621560569853,2888.9091307122726,True,3958
0106025,2084.5212948555127,1858.8473097169772,True,3978
0106027,1735.9657229399309,1594.9939131226856,True,2209
0106029,6549.263381084893,6109.903060458135,True,5668
0106031,1049.070131003391,950.6035976940766,True,1435
0106033,603.0768431243487,524.2647836836986,True,1598
0106035,3904.4030438195914,3425.107417578576,True,3830
0106037,1395.3654308067635,1248.2000152666587,True,2147
0106041,2257.671206404455,2010.4245276697911,True,3714
0106043,982.3207552582026,865.0427009507548,True,1608
0106045,1436.1603017468005,1263.1125698022079,True,2322
0106047,1362.266715619713,1230.5095778189134,True,1735
0106049,730.322995970957,663.3307489000726,True,1399
0106051,592.9876635484397,523.1811275430955,True,1058
0106053,1572.6967221810482,1397.7202392090112,True,2047
0106055,933.403903868515,857.7741546477191,True,4005
0106057,504.0325790713541,470.5280040423386,True,859
0108001,1175.449680736754,1040.0786546526942,True,2354
0108003,2076.8161399548408,1867.7950694530737,True,2443
0108005,470.77934972476214,425.87960537918843,True,908
0108007,832.9234728538431,747.830601636786,True,1727
0108009,1829.7442368026823,1628.9133428714704,True,2308
0108011,1754.1490449688863,1600.7102152793668,True,1806
0108013,1549.0206745006144,1359.5884329904802,True,2178
0108015,108302.75164379459,96316.49856988876,True,115279
0108019,927.1455287793651,824.4948213049211,True,1768
0108021,1748.1693988768384,1548.1032911182847,True,2104
0108023,2394.6890443954617,2112.858660304919,True,2422
0108025,1049.0152972270735,928.7621423490345,True,1226
0108027,1189.9941162504256,1051.3767848121934,True,2456
0108029,1280.7444792983588,1159.3524391856045,True,1878
0108031,487.1513774455525,440.2865025070496,True,830
0108033,1718.583815379534,1523.8295668647625,True,2680
0108035,4431.875892478041,3940.064911538502,True,4829
0108037,2166.55951154558,1914.2052869200706,True,1715
0108039,556.4630467223469,493.93005772307515,True,4209
0108041,2457.7195983938873,2202.3041416169144,True,6097
0108043,4355.858592647361,3876.889185096603,True,2967
0108045,4538.502222280018,4019.9600425753742,True,1133
0108047,1098.9799674297683,968.0628892951645,True,6104
0108051,3246.718771196436,2890.053125026636,True,2640
0108053,4012.6114105777815,3514.5919361107517,True,5651
0108055,1555.6554148427676,1391.9161390531808,True,1587
0108057,2420.7150586396456,2192.843295376282,True,2292
0108059,8680.254763554316,7772.38948141993,True,8583
0108061,2859.349384279456,2520.377187557984,True,3547
0108063,2152.803130359389,1921.731013437733,True,4717
0108065,24909.266011484433,22053.502758134622,True,28322
0108067,2825.791730457917,2488.937840654049,True,2745
0108069,1192.7043851716444,1052.8213452210184,True,1296
0108071,7732.064104981255,7061.511032341281,True,6188
0108075,2049.7315821456723,1828.3432858018205,True,3051
0108077,9888.00640755915,8730.279530094936,True,11039
0108079,4862.125413131202,4344.696018859744,True,2138
0110001,5164.119620819576,4595.34470580332,True,4677
0110003,1649.6197451325133,1503.2939067943953,True,79
0110005,1296.4294150695205,1165.6224077548832,True,888
0110007,787.5028284313157,693.4141055839136,True,1132
0110009,5289.5831321896985,4758.813660135958,True,6348
0110011,1017.3922714265063,939.7946672276594,True,1087
0110013,1370.0706666074693,1231.8344576074742,True,2132
0110015,1372.0191546594724,1243.716246645432,True,1464
0110019,2554.7680487232283,2286.565360730514,True,4160
0110021,148988.93224777933,132386.61849700054,True,148932
0110023,614.2172474376857,538.5221414472908,True,1006
0110025,634.9488419238478,561.8126970534213,True,931
0110027,7981.203236622736,6972.940685910173,True,7871
0110029,1134.0822275001556,1006.4469128847122,True,1880
0110031,597.8233801173046,524.9554399806075,True,2310
0110033,683.2694834228605,597.9047380303964,True,673
0110035,602.5922810174525,528.0450446102768,True,748
0110037,2373.078873376362,2093.3743221112527,True,532
0110039,1088.6849995981902,955.9762485958636,True,1171
0110043,1500.8384834807366,1356.620784749277,True,1517
0110045,2535.1804921831936,2272.7590682748705,True,3005
0110047,1828.4051272980869,1635.634880953934,True,2282
0110049,467.4922214820981,407.702709200792,True,855
0110051,900.5888881534338,797.4569570189342,True,881
0110053,1230.4200428342447,1087.3513314416632,True,2121
0110055,5995.9925354178995,5325.823229418136,True,0
0112001,400.5944702052511,349.24295069649816,True,1337
0112003,4512.138660261873,4044.74396488769,True,4168
0112005,2290.2391562170815,2020.5947965346277,True,2028
0112007,4429.852207018994,4014.750651688315,True,7233
0112009,1384.668482914567,1225.503503493499,True,1384
0112011,3332.8387191114016,3016.7596206082962,True,3827
0112013,1316.0407439959235,1225.9487944911234,True,1230
0112015,2370.971338131465,2097.050320726121,True,2886
0112017,1883.6927100634202,1710.3480573720299,True,1827
0112019,3197.663533567451,2854.284487343859,True,2986
0112021,1816.7900063525885,1579.4266476356424,True,1411
0112023,1465.2955152345821,1290.4225012501702,True,1606
0112025,1833.5962691246532,1588.68450448988,True,2070
0112027,13334.297377258074,11629.243208114756,True,11134
0112029,2014.3931709052995,1754.3107521934435,True,2520
0112031,1440.1471953191794,1290.6956161567941,True,1834
0112033,2016.5940032764338,1838.8653073930182,True,2051
0112035,4702.864290749654,4313.488307421096,True,4067
0112037,1319.7805036730133,1236.0548735875636,True,1411
0112039,2799.4758058958687,2476.2843512231484,True,3471
0112041,8984.668570693582,7742.097340014763,True,10244
0112043,1463.320956518408,1317.3804835709743,True,1363
0112045,1621.2056881119497,1422.012569513172,True,2205
0112047,649.3750557652675,575.3328347760253,True,913
0112049,1369.9036761214957,1208.4413941423409,True,1737
0112051,4511.0110471993685,3906.078576469794,True,4245
0112053,12305.578768785577,10837.832256749272,True,9272
0112055,12260.037902000826,11210.354585629655,True,11864
0112057,3122.9936979217455,2734.963960661553,True,2782
0112059,1842.8294736770913,1654.891185639426,True,1916
0112061,4403.153867682442,3962.268391736783,True,2827
0112063,569.1900318674743,498.28573372401297,True,835
0112065,1095.2847157241777,1005.2832920094952,True,857
0112067,1892.571623289492,1673.9152263477445,True,219
0112069,1066.6748509258032,958.1171083876397,True,1034
0112071,1201.920005839318,1052.1940876520239,True,1378
0112073,4373.743540013675,3826.1117255780846,True,3333
0114001,12919.8584982194,11369.58972192835,True,24442
0114003,1801.8407212668099,1595.7563778101467,True,1939
0114005,4091.3739691763185,3643.31665107375,True,2596
0114007,1172.7521427101456,1071.3481612741016,True,1560
0114009,1334.8077531470917,1263.821793989744,True,1922
0114011,6457.708250003401,5850.472154827323,True,4812
0114013,637.1838618239854,582.355864015175,True,1602
0114015,1413.432733411435,1301.8789693736471,True,1691
0114017,16634.031651388854,15135.359055846464,True,3413
0114019,2267.948453629855,2000.1448042583652,True,2260
0114021,857.7711719903164,771.4947057992686,True,870
0114023,35815.58166331379,31432.065771653783,True,34189
0114025,1355.0524081420153,1200.312907305546,True,1542
0114027,1849.7541779996827,1731.3349612348247,True,1959
0114029,1514.3908059368841,1405.862333801575,True,1885
0114031,2798.287920536939,2505.4014333020896,True,3225
0114033,1887.8577149030752,1685.9016656866297,True,1546
0114035,2523.456247781869,2294.963999433443,True,493
0114039,1873.1591739333235,1696.6774700093083,True,2122
0114041,1739.8574623954482,1539.0785067500547,True,2001
0114043,2185.5272054146044,1974.7985177002847,True,636
0114045,1155.7870888062753,1019.4094551713206,True,2527
0114047,2914.931716294028,2667.597219241783,True,528
0114049,6798.158129988238,6069.881066159578,True,2428
0114051,589.614985100925,528.2812822663691,True,570
0114053,3455.129106926266,3115.1447330657393,True,10141
0116001,22593.70200373372,20287.485810118727,True,22347
0116003,17615.72085530637,15765.209472286515,True,16292
0116005,9091.253914652392,8199.128497038968,True,18321
0116007,2612.7014935989864,2334.40063856449,True,3867
0116009,1359.9002431537956,1236.5582885083277,True,202
0116011,6445.09511920996,5669.948450407479,True,5925
0116013,1666.4253909783438,1487.0283949188888,True,3804
0116015,10412.804923128337,9270.909063820727,True,6948
0116017,12652.023418828845,11606.821465930436,True,11369
0116019,10094.096689847298,9018.008450776804,True,7597
0116021,3461.0071094846353,3113.3876270172186,True,3132
0116023,1856.0367463175207,1653.0240544728003,True,1425
0116025,3283.0201648930088,2953.653986770194,True,5347
0116027,14873.49501305283,13525.525397790596,True,16451
0116029,2025.364263243042,1819.7667375034653,True,3924
0116031,5184.155583805405,4645.579198138788,True,5212
0116033,346124.26005425164,311341.385611536,True,340214
0116035,3076.5400566905737,2731.4981469358318,True,3288
0116037,9999.10414124513,9085.046346895862,True,9028
0116039,8970.685517529026,8188.049540339969,True,5676
0116041,2760.1837967946194,2482.4620451158844,True,3447
0116043,13032.847589985467,11592.615107560065,True,10641
0116045,1934.5127805708908,1762.4172755591571,True,1717
0116047,364.92406174261123,316.9356795200147,True,1964
0118001,1909.92000727728,1680.9695575488731,True,2173
0118003,9202.658072230406,8238.298639416695,True,2488
0118005,1086.7271683379076,970.4352893508039,True,1675
0118007,3179.534858589992,2816.3523075254634,True,3324
0118009,1002.9945749712642,908.0615668913815,True,3741
0118011,1237.5859702676535,1135.9088911511935,True,3238
0118013,1694.4184993363451,1490.557071439689,True,1316
0118015,3824.388239881955,3407.4073221888393,True,4631
0118017,2777.2102868363727,2450.6869194626343,True,2156
0118019,3446.3507640459575,3146.834757123841,True,3153
0118021,2158.130980623886,1933.9922080058604,True,2465
0118023,8563.923125734087,7464.335898510413,True,7064
0118025,4334.993664501701,3839.867871430004,True,3245
0118027,1513.8364791788626,1359.1668590309564,True,1904
0118029,1532.3113213453908,1387.3394621938933,True,2499
0118031,2135.859107290162,1877.0259919827804,True,2232
0118033,152.200502124615,133.98549212235957,True,697
0118035,3600.4528004107997,3210.919018407818,True,2573
0118037,9821.754388523987,8809.836457855301,True,6140
0118039,2229.9179694589693,1976.096654877765,True,1601
0118041,918.6089122681879,857.1446538490709,True,0
0118043,3054.783453626558,2743.5185116268694,True,0
0118045,1279.191269468516,1236.6243853736669,True,1543
0118047,3941.6823106070515,3603.4807669029105,True,5201
0118049,2536.287757928483,2242.4658500868827,True,2768
0118051,14369.36917635426,12820.443835182115,True,12560
0118053,1515.1397015887778,1330.8491976663936,True,2343
0118055,1332.425033626845,1262.731572202174,True,1335
0118057,1616.5665101548657,1442.121957587311,True,1610
0118059,11681.245599669171,10279.738710238831,True,10410
0118061,1441.256384958513,1283.6902076490223,True,2614
0118063,8442.653527280781,7406.461903054966,True,9370
0118065,15815.164948220365,13994.62412417843,True,16597
0118067,1447.77556150686,1270.4022416647058,True,1721
0118071,66450.1004896313,58973.80806068145,True,68562
0118073,2783.9463349457365,2524.438311107224,True,2409
0118075,2377.6996650425717,2129.397924025543,True,2427
0118077,1733.2716782870702,1556.325697274413,True,4919
0118079,10462.88936876366,9361.510798006551,True,7443
0120001,9254.185569850262,8180.69046432944,True,7771
0120003,24365.283406418283,21438.603929894976,True,29586
0120005,9233.915526611265,8299.70776897436,True,10310
0120007,11848.868714250159,10602.403046696912,True,10533
0120009,3470.6208218871616,3111.6546667595394,True,4287
0120011,9442.426185679622,8353.984882464632,True,5599
0120013,4897.74051429797,4541.180727513507,True,3753
0120015,2673.8624324714765,2479.8447114406154,True,1488
0120017,3115.96213439852,2938.383801831864,True,4646
0120019,9230.65672800946,8193.20455484488,True,4189
0120021,8293.309469317552,7488.074867586605,True,11380
0120023,5558.287903192919,4910.356133275665,True,6193
0120025,1036.5594404048752,959.7521807609592,True,2098
0120027,10689.432367355097,9599.579961420037,True,4599
0120029,4030.319045532029,3602.0591991492547,True,2455
0120031,69374.79618724342,61331.83865265781,True,77003
0502001,6072.301724016666,5322.608209921513,False,0
0502003,419672.43996155215,379403.33446454303,False,371139
0502005,8156.938587312587,7208.112206468824,False,6516
0502007,23751.541589330416,20627.449227936566,False,12314
0502009,21613.108065494802,18593.520517027937,False,11284
0502011,22303.158420233056,19417.056363473646,False,8303
0502013,22791.749814793468,19779.071512014605,False,6652
0502015,4791.609770805109,4423.0591371036135,False,0
0502017,29069.651089794934,25490.497684426606,False,11662
0502019,20957.54163508443,18257.606374652125,False,2786
0502021,29485.446479888633,25694.44028408872,False,9620
0502023,12323.222099815495,11286.439228150062,False,9165
0502025,4811.595311366022,4181.577150602825,False,6027
0502027,10406.561498641968,9227.875557505526,False,3953
0502029,14659.705562158953,12827.3954964336,False,8857
0502031,13447.567966258153,12005.438315588515,False,0
0504001,47849.68896041764,41774.5175981014,False,17115
0504003,49905.2047351785,43298.70009954064,False,25735
0504005,14234.271966819651,12722.044926995412,False,3852
0504007,10231.304213603958,8928.60453327559,False,0
0504009,6200.341570800636,5652.614170019049,False,0
0504011,2262.6881988886744,2041.3103737868369,False,0
0504013,17220.55083663203,15200.600597738288,False,22687
0504015,9487.619393355679,8329.737510093953,False,6327
0504017,6493.748328449205,5645.745915512554,False,0
0504019,5934.754760691896,5104.900811936706,False,2223
0504021,6445.389364559203,5516.84121541027,False,3752
0504023,20284.2780911522,17699.055482618045,False,6250
0504025,33891.69962360803,29473.999065064825,False,7584
0504027,14803.559765690938,12920.440570786595,False,4978
0506001,43955.02246576175,38352.14602028672,False,15913
0506003,11032.943395933136,9780.831834128127,False,0
0506005,55014.96614130773,47735.2537483233,False,39057
0506007,6028.576429751702,5252.266068641096,False,1247
0506009,12257.464238194749,10978.276797596365,False,2739
0506011,4876.659571828786,4382.7315227554645,False,0
0506013,3820.1047767908312,3342.725279585691,False,0
0506015,26853.11646820698,22946.787289606407,False,7067
0508001,3990.97940705996,3411.6081142206676,False,0
0508003,13173.283489584923,11291.388242431916,False,3768
0508005,50020.415434408,44478.310296441894,False,33495
0508007,22478.02079444006,19597.07222769875,False,6751
0508009,17033.66137363203,14885.96322145965,False,2672
0508011,39679.15412464365,34736.74929930875,False,14649
0508013,6269.599276487948,5724.704683977645,False,0
0510001,11255.39304551389,9709.816010875627,False,4995
0510003,9549.711086262017,8306.21957555972,False,7316
0510005,9233.101517683826,7994.123431386892,False,0
0510007,23281.782964166254,20342.994288232177,False,8754
0510009,15361.042650348507,13480.652660865337,False,6443
0510011,4789.93874494778,4100.110334653873,False,0
0510013,22531.79551907815,19644.275651336182,False,5463
0510015,44929.3949851878,39154.80996173248,False,20008
0510017,11714.939025062136,10236.80878718244,False,2974
0512001,8246.461327822879,7366.18440839462,False,5424
0512003,7772.938846772537,6737.402004481293,False,0
0512005,13372.347432500683,11710.40553624928,False,0
0512007,45958.66719801398,39959.49150450807,False,22849
0512009,42038.70774474088,36501.631748619955,False,24215
0512011,5527.333613873459,4839.841820360627,False,145
0512013,6131.938560532406,5322.733074552845,False,0
0512015,12225.430504580028,10475.739916716702,False,3038
0512017,42668.70265902765,37422.076698523015,False,27707
0702001,51565.71157496446,45865.807403906016,False,38256
0702003,8055.047369279433,7332.101594234817,False,0
0702005,7461.68076628726,6829.740851314273,False,0
0702007,4619.281455657911,4173.622691609897,False,0
0702009,1450.33995213476,1321.2509811522905,False,0
0702011,14218.999928739853,12593.203204868827,False,3746
0702013,78169.46315473877,69837.14173471043,False,55069
0702015,2533.877156995237,2370.2077452722006,False,0
0702017,2178.701437147567,1969.9272357232403,False,0
0702019,2582.2297005483415,2377.372418498853,False,0
0702021,3399.666347938357,3130.619308838155,False,2082
0704001,56012.96648805961,50212.360027580056,False,14663
0704003,35544.14300952898,31772.435208305717,False,5704
0704005,27475.80115940934,24686.673783981707,False,0
0704007,3966.6258925176226,3497.4474084191024,False,0
0704009,6596.6130681447685,5983.443137621507,False,1681
0706001,2673.107261481695,2385.6441338947043,False,0
0706003,2179.276134127751,1949.1922553884797,False,0
0706005,4584.017654772848,4174.493947393727,False,856
0706007,5480.672829609364,4813.671324681025,False,4203
0706009,4614.812689604238,4127.705702035688,False,0
0706011,4489.511834411882,4044.8463162742555,False,0
0706013,8677.877885173075,8167.332917069551,False,0
0706015,3995.6622411157005,3576.2771315975115,False,0
0706017,7404.972118997015,6643.1645314069465,False,0
0706019,88137.79313419107,78387.35170922196,False,66400
0706021,5788.7370523386635,5198.276784038637,False,0
0706023,3564.712902133353,3245.479809287004,False,0
0706025,4989.476063971873,4776.846574526746,False,0
0706027,25913.833342254162,23108.92544144485,False,10421
0706029,2292.58766977489,2029.5901562068611,False,0
0706031,36580.853042881936,32779.7274922505,False,9657
0706033,2706.048753021285,2433.2208559564315,False,0
0706035,2316.1148337628692,2099.258847542107,False,0
0706037,1919.853453231044,1741.4708687686361,False,0
0706039,3103.5382682057098,2754.3037505573593,False,0
0706041,18284.964716264978,16301.779961673543,False,5466
0706043,14997.483197231777,13276.10140071297,False,6709
0706045,16641.132961110794,14895.75056130113,False,8475
0708001,8091.891791331116,7224.194401766639,False,1634
0708003,17539.389474960044,16195.10942197917,False,0
0708005,5764.019411120098,5245.7670087465085,False,0
0708007,28132.897854211275,25230.253066215664,False,0
0708009,2244.9789489330724,1973.5322523140348,False,0
0708011,33583.6925268732,29831.893959315028,False,15226
0708013,10458.810648331884,9377.540797539987,False,0
0708015,3953.859090954531,3649.4079668670893,False,0
0708017,229131.01127985958,204697.98750930373,False,213661
0708019,10583.328346282244,9376.319779004902,False,0
0708021,6607.153789118864,5892.653493586928,False,3060
0708023,29382.646615467966,26694.32659335248,False,0
0708025,31930.167638215236,28520.35763187008,False,16323
0708027,5327.152384757763,4770.453695329139,False,0
0708029,14472.368239808828,12982.561566791032,False,0
1202001,980058.9785023478,859895.6527876095,False,1000670
1202003,3403.5771941929124,2978.187726438977,False,0
1202005,4728.497773251031,4499.9904656619765,False,0
1202007,1351.9884508321993,1215.1692448095419,False,0
1202009,6203.106310053961,6326.790583578171,False,0
1202011,5082.436834057793,4652.938593016472,False,0
1202013,19819.76960551692,18170.73463639058,False,1619
1202015,6567.558279862162,5751.909929503221,False,1796
1202017,10430.651386460988,9272.723061420256,False,9178
1202019,7603.567901095492,7005.268689217279,False,4896
1202021,16493.91190595529,14494.990924577229,False,22353
1202023,2971.200245477492,2629.714601058513,False,0
1202025,13241.770102730254,11806.024610470515,False,16147
1202027,24647.813675956568,21541.694204809843,False,10109
1202029,1608.0814463098068,1422.4640951694455,False,0
1202031,16713.58661681274,14465.300974970683,False,7328
1202033,2337.60306817363,2134.077781815664,False,0
1204001,4711.734532186063,4197.257693631109,False,0
1204003,11722.676635648124,10117.25052049663,False,10262
1204005,34599.7763240058,30594.871766338125,False,25736
1204007,3002.5100753125735,2687.186949505005,False,2340
1204009,20233.64993118029,17421.922933336347,False,22458
1204011,61347.71317554475,53493.20210036449,False,42901
1204013,1235.7902967110276,1086.330798337236,False,0
1204015,255563.42318953376,222881.17323259404,False,239992
1204017,13667.03758571227,12548.974070013966,False,8724
1204019,2898.719586652238,2534.34716077568,False,1960
1204021,31902.94188558287,27854.394408384804,False,18457
1204023,4519.406989943935,4030.379655098077,False,0
1206001,26702.2007874907,23450.69262721401,False,15828
1206003,3418.4690070331562,2997.88907227898,False,0
1206005,3765.30071766919,3464.080315316678,False,0
1206007,4630.591761970893,4029.87366918358,False,0
1206009,6039.761819386273,5548.938552244159,False,0
1206011,3615.665643626591,3165.4331936578965,False,0
1206013,13095.415399613208,11460.368135702738,False,0
1206015,5625.62746181502,5123.55604184384,False,7
1206017,629527.5203019632,537440.7560372432,False,624579
1206019,6361.557202839933,5699.730142675107,False,7827
1206021,4513.426067314576,3991.2796232517576,False,0
1206023,4873.909991868306,4262.07868353161,False,0
1206025,12883.351735959644,11466.59525908751,False,3863
1206027,11905.781385269016,10494.931779585197,False,6601
1206029,9257.917274384992,8018.260220978758,False,10048
1208001,56286.03946736385,49354.46773935651,True,51507
1208003,6888.3894115111325,6043.675457026111,True,3651
1208005,131143.550949228,112368.61177373922,True,110669
1208007,3993.278994285618,3522.681166653463,False,0
1208009,41857.933458872314,36376.548709026916,False,42892
1208011,6900.848819277831,6233.083475399413,True,0
1208013,14764.707941154367,12954.583300647442,False,6828
1208015,6127.965720302425,5520.411761434167,False,6270
1210001,12121.255440994166,10870.573484176304,False,6323
1210003,3495.607020901516,3147.2499631820247,False,0
1210005,22512.555349280592,19719.16107353603,False,6567
1210007,78205.23026826838,66129.17996660993,False,70550
1210009,10574.975451596314,9402.81793247466,False,9720
1210011,41186.91488507157,38181.626088982914,False,4116
1210013,4464.7237179172225,3869.5206702947617,False,10307
1210015,3062.293788533192,2685.712156839203,False,1347
1212001,9405.97327492293,8409.414007840678,False,0
1212003,8221.424549151212,7416.583808323368,False,0
1212005,6437.287800548598,5695.451748292893,False,0
1212007,124564.88453057595,108867.04740403779,False,105238
1212009,11696.527561277151,10121.897555954754,False,27929
1212011,2845.9988160291687,2570.9410068830475,False,0
1212013,11917.26901274547,10434.657718484756,False,2193
1214001,4221.318236719817,3833.575961738825,False,0
1214003,24606.54880865896,21602.6258876184,False,0
1214005,2489.871904780157,2252.003872442292,False,0
1214007,6571.92852544412,5814.178385427222,False,0
1214009,2495.148780053947,2523.978353762999,False,0
1214011,5921.440730399219,5308.82733454532,False,9320
1214013,4674.944681006484,4051.1940458116587,False,4840
1214015,18380.22342542326,16074.051646761596,False,7153
1214017,14820.374432024546,13085.895163997076,False,0
1214019,1977.404392611701,1751.1629225169308,False,0
1214021,16305.18407766521,14004.50241577439,False,27573
1214023,17469.711934536695,15365.36500533158,False,7158
1214025,25891.396656244993,22693.839183044387,False,9868
1214027,7375.408361355774,6815.425943898968,False,0
1214029,1354.6359650790691,1203.4946579933167,False,1721
1214031,53104.17497272836,45869.8937050309,False,30556
1214033,1986.1891747908667,1796.3482072986662,False,2178
1214035,2418.15650531929,2139.72961043939,False,0
1214037,2516.71514977701,2180.0171594121493,False,0
1402001,93387.3115452705,80924.77438174654,True,80500
1402003,1662.756359865889,1485.1675319129135,True,0
1402005,15324.200525043532,13192.365975260269,True,14877
1402007,8397.439204350114,7167.420517833903,True,12179
1402009,9987.306583499536,9039.717190783704,True,10692
1402011,70095.95621506218,60708.003411361016,True,50646
1402013,11223.034905593842,9764.161204243544,True,12557
1404001,29394.937345633283,25561.68046233477,True,5365
1404003,41441.904816108756,36126.844562627375,True,23946
1404005,13820.044202741701,11995.338701546192,True,0
1404007,8817.286392746493,7616.624862224562,True,0
1404009,11905.882615428185,10233.40959637845,True,0
1404011,16806.24909281917,14558.159110399894,True,1636
1404013,14607.743591741659,12653.571791968774,True,0
1404015,10454.497420185013,9158.415085517103,True,1597
1406001,10070.918683056952,8982.578523850301,True,7317
1406003,264158.9111162806,229161.99292113725,True,285331
1406005,44648.01389626041,38737.919764876366,True,24316
1406007,110999.01548278611,95987.61227835354,True,91576
1406009,29469.56528942217,25725.16774800897,True,14253
1406011,67452.65429736627,58582.05824729602,True,61296
1406013,15353.09970013483,13202.535790007852,True,36832
1406015,78062.13779780688,67694.09913605277,True,53725
1406017,60430.79035768262,52525.07979440887,True,71700
1408001,27228.555090184323,23657.15632000228,True,21559
1408003,928308.7938782708,816655.3533435608,True,1035990
1408005,13204.523591206875,11401.146114316653,True,17523
1408007,373479.7656484209,326990.9355971691,True,385017
1408009,105298.49635701394,91378.816920985,True,76303
1408011,45083.93542022584,39371.04245516937,True,37600
1410001,13613.399060013937,11887.730940389913,True,5639
1410003,30827.651063563768,26668.115497035906,True,27441
1410005,25692.93325960124,22283.89639939461,True,11744
1410007,17917.51360808313,15551.287973951781,True,16323
1410009,22648.24522147351,19722.90567300259,True,16405
1412001,1612.6761929802597,1487.277465599589,False,0
1412003,75490.31095338054,65398.70604665205,False,62315
1412005,6286.2679001623765,5632.464826496085,True,0
1412007,71209.05535290949,61803.681703230366,True,91259
1412009,188408.02510878537,163511.001371135,False,153145
1412011,22903.99102328904,19909.722408063477,False,20733
1412013,28226.001342263073,24496.628376607317,False,0
1412015,6928.505931047723,6123.277654335834,False,5895
1412017,11974.767125403974,10338.75341428211,False,0
1412019,6561.408290152438,5782.189952104818,False,4309
1412021,136840.27647710685,118640.77376809157,False,106972
1412023,3451.6824784241617,3078.9468002002686,False,0
1414001,9246.492011897964,8032.8690547226,True,0
1414003,21349.51905680215,18405.46788299881,True,17932
1414005,453340.68181251315,399260.99648798443,True,437836
1414007,18524.680095932446,16098.501241930993,True,1876
1414009,31614.11472998606,28170.595390941948,True,11050
1416001,34902.530511177145,30202.71150399139,True,35826
1416003,4900.904733218253,4199.574934314471,False,0
1416005,2647.097172965994,2395.1281319274567,True,181
1416007,65340.73171942774,56386.89458663436,True,36670
1416009,3419.741705937311,3282.2841858565807,True,0
1416011,72374.4832173558,62764.12083265511,True,39206
1416013,30822.490382720716,26707.55598220369,True,24817
1416015,56318.312210655306,48896.98199196113,True,49646
1416017,8544.150055292994,7496.6380538588855,True,0
1416019,11896.318194275256,10507.371331480099,True,3477
1416021,84762.02186888037,73506.26852253557,True,78211
1416023,21306.731783592608,18381.989963726606,True,32753
1416025,1160.842633160064,1036.8157870003488,True,0
1416027,1655.8967353652697,1452.645682450151,True,0
1802001,21992.986034892034,19020.746034586802,False,9419
1802003,84843.67588950507,73419.0319945598,False,86250
1802005,4180.513629622757,3741.8589284475893,False,1589
1802007,7018.451927313581,6257.080694542266,False,4175
1802009,5063.254688942805,4405.752394197509,False,3021
1802011,3397.37614420522,3102.8801145101897,False,0
1802013,21928.452407511417,19001.802695991006,False,9373
1802015,4009.0609567910433,3822.0616383370943,False,0
1802017,5011.774740345776,4397.655593920499,False,2763
1802019,2652.8874815544114,2311.0119787086733,False,0
1804001,3277.3628485305235,2905.7752125537954,False,0
1804003,7085.209347752854,6436.484804680571,False,0
1804005,13769.981927588116,12013.398275946733,False,12699
1804007,2139.1147319590673,1820.9744050130248,False,0
1804009,3874.4756947699934,3400.0015493216924,False,0
1804011,7070.96810509637,6240.792917706072,False,0
1804013,5007.687703313306,4511.974339233711,False,0
1804015,12961.45250054961,11647.256692477502,False,0
1804017,1764.5790011091158,1595.048973446712,False,3830
1804019,246395.2979153078,213570.83674763236,False,263507
1804021,3716.870877201669,3343.4652312318794,False,609
1804023,4523.746704844758,3906.2989403670654,False,1974
1804025,31067.578842967283,26961.525300078094,False,24490
1804027,5213.033826054074,4506.542139642406,False,0
1804029,26148.005138989538,22824.1745756045,False,2351
1804031,7608.320363922045,6864.211691355333,False,0
1804033,10917.114643781446,9386.1469598189,False,5494
1804035,15384.320795212872,13258.851879487745,False,5777
1804037,23006.737167462707,20873.035620366223,False,0
1804039,19524.591562760994,16945.47534476826,False,6109
1804041,1965.431622571312,1690.6010894272476,False,0
1804043,16837.13236728683,14741.48024268262,False,5228
1804045,29035.343083437532,25278.42422349332,False,15252
1804047,20120.407244077884,17399.13080252055,False,9229
1804049,15928.530400297605,14103.7332288092,False,0
1804051,4142.613361563068,3698.589582834393,False,0
1804053,8572.95744882198,7686.065365194343,False,1164
1804055,2504.5464718197472,2245.462817693129,False,0
1804057,14399.2179718595,12553.570081964135,False,0
1804059,23861.683371626306,20850.05290914327,False,10999
1804061,22728.152740957215,19751.876260596327,False,7600
1806001,4273.802824193612,3807.7149396603927,False,4043
1806003,6128.369492519647,5403.8888270091265,False,2350
1806005,858.8500210237689,732.789173298981,False,0
1806007,8569.625745995902,7580.975973506924,False,0
1806009,81553.20160025405,71040.9191974951,False,65000
1806011,15474.392314781435,13534.586650894955,False,4561
1806013,42299.76720267488,36969.617153124884,False,25788
1806015,9058.452605209313,7897.317672694568,False,2883
1806017,42408.76013203338,36951.69004059024,False,15332
1806019,36630.06783837639,31823.799504298717,False,718
1806021,7469.269941542298,6512.527630915865,False,0
1806023,7586.899771169759,6804.930125308223,False,0
1806025,2791.841946256347,2437.2820377759635,False,2518
1808001,29736.604015585966,25836.137552355416,False,13036
1808003,5188.8536959216,4543.154253250919,False,0
1808005,3503.0143297174945,3111.836926482152,False,0
1808007,6263.80355741363,5376.209492767695,False,5238
1808009,6274.346414859407,5394.530848488212,False,4147
1808011,2376.039214771241,2185.5205001132563,False,0
1808013,23290.026441488415,20238.66402011458,False,0
1808015,71700.69267938286,62317.885424953885,False,55925
1808017,2274.930351883173,2070.8512488836423,False,0
1808019,8094.694742188789,7379.375266936608,False,0
1808021,5568.864254454151,4844.770934876986,False,0
1808023,5765.8484697677195,4966.604614515789,False,0
2102001,9448.34397390671,8625.161239617504,False,3195
2102003,46453.837724330835,41561.021936408244,False,29571
2102005,5637.097196303308,5141.187785801478,False,2766
2102007,8183.094431426376,7497.052903434262,False,0
2102009,14712.928841471672,13506.696292228997,False,3136
2102011,71105.25690274406,63845.51702546701,False,34344
2102013,6888.0560873467475,6378.519737570547,False,0
2102015,17561.582222564146,15683.320602439344,False,10165
2102017,7213.619811168872,6541.114063751884,False,2338
2102019,18109.612348032184,16580.12553527439,False,2216
2104001,23244.11654857453,20761.40414364217,False,3145
2104003,6930.483159233816,6516.320420611184,False,0
2104005,9871.944358024746,8968.56937228702,False,5128
2104007,9891.150846720673,8854.820650357753,False,3255
2104009,4512.063171837479,4091.450926542282,False,1102
2104011,9294.648400705308,8384.237405262887,False,0
2104013,10695.77413632907,10039.87026296882,False,4261
2104015,111528.19094122574,100246.19670671318,False,89734
2104017,3213.7568325395696,2854.931654808577,False,3403
2104019,9876.712086830288,8789.75349466689,False,0
2104021,12309.23713880498,11502.685358960181,False,23
2104023,31724.17732675001,28150.034502084367,False,17234
2104025,12599.621165593155,11570.455492476001,False,6997
2106001,4287.263378363103,3805.205319678411,False,3155
2106003,35726.1407379359,32397.704819202423,False,12738
2106005,21159.834802163765,18844.880023919046,False,19281
2106007,10939.122570267878,10204.378800069913,False,13767
2108001,6534.278840150684,5913.094243094325,False,0
2108003,26513.164395361207,23428.281865213998,False,8516
2108005,9353.142656307667,8745.035031832755,False,0
2108007,19011.598210620694,16778.954850791022,False,15565
2108009,21313.24044659082,19273.92411686573,False,3617
2108011,60515.755008662585,55033.53777626529,False,14097
2108013,20912.539474495687,18745.755453656428,False,7547
2108015,24479.689837404992,22059.730616700836,False,9019
2108017,4799.777871085331,4311.834088761359,False,0
2108019,3343.314468781464,3219.330053624697,False,4759
2110001,10735.587676050141,10062.261201061308,False,0
2110003,13022.081919331104,11614.994239405729,False,7603
2110005,8154.438235225622,7285.140416659415,False,399
2110007,6854.186335336417,6419.835250064731,False,0
2110009,4751.9191239364445,4226.7942176274955,False,0
2110011,9961.529234279878,9205.674233389553,False,5105
2110013,16062.719425742514,14347.665675026365,False,6683
2110015,7915.555059850682,7139.195058904588,False,4336
2110017,5057.792138628662,4493.664328806102,False,0
2110019,5122.023275736719,4781.5786548722535,False,0
2110021,12270.894314543344,11143.006470913999,False,7069
2110023,127140.89711182192,113836.91065540724,False,114897
2110025,20024.173760124017,18013.47991292039,False,5596
2110027,8212.703349140007,7457.658541164361,False,8765
2112001,16705.929866939783,14967.076802229043,False,8064
2112003,17054.73078125436,15591.208197754808,False,8243
2112005,6838.064074811526,6216.194065017626,False,5844
2112007,13062.855314611457,11734.319454874843,False,6541
2112009,7450.549968095496,6741.999421903864,False,4262
2112011,13243.612840911373,11799.212781922426,False,0
2112013,40970.728972299024,36878.52344459342,False,9276
2112015,11927.066276561469,10695.07979399804,False,10631
2112017,5724.495150089264,5288.486924336292,False,4839
2112019,31988.578212738037,28578.09388187714,False,9567
2112021,5482.72053861618,4901.638835756108,False,1991
2112023,4129.590902805328,3818.6303536659107,False,5978
2112025,94929.40617245622,85262.62246922683,False,50810
2302001,3268.3051870758645,2890.4856687551364,True,0
2302003,6038.576960459817,5267.969409970101,True,2755
2302005,119701.75226472504,104957.45558080263,True,110455
2302007,2314.217585721053,2014.9508742254693,True,0
2302009,3631.447320057545,3187.177863160614,True,0
2302011,8165.592618794646,7106.272969194688,True,4667
2302013,26313.711598598864,23046.03217626526,True,11679
2302015,16651.85033834679,14558.683003345039,True,5813
2304001,4699.528888732195,4151.943111158907,True,0
2304003,30586.191325446125,26720.83518437529,True,13166
2304005,6913.700379466638,6062.39804984862,True,6200
2304007,30003.723052098183,26422.650616641273,True,9558
2304009,7441.019700984471,6451.641488050111,True,18036
2304011,45815.46182510909,39904.71083175554,True,52887
2304013,11633.61153841496,10336.628416470427,True,12638
2304015,14374.59516348131,12609.084673167672,True,11434
2304017,19729.481452856213,17261.6573439613,True,18034
2304019,4466.865488712443,3935.2884651913773,True,0
2304021,8281.415222849115,7396.320535731618,True,4420
2306001,6817.199233981548,6018.105822238722,False,0
2306003,14254.477757770568,12172.18290287978,False,15044
2306005,21428.07045486651,20508.28990016412,False,0
2306007,745001.2464990561,657039.8365698209,False,738728
2306009,10680.16127810534,9380.445675726514,False,5211
2306011,20583.999455854413,18185.440349818324,False,17122
2306013,5755.0950326411985,5228.3859795345925,False,1188
2306015,8754.166525038774,7959.251119909692,False,0
2306017,2226.9233661582693,1959.3855772682,False,0
2306019,13123.818694763817,11505.443369600456,False,5238
2306021,2199.936724658124,2027.2064693437424,False,0
2306023,2114.699404671788,2075.6024202597328,False,0
2306025,2613.2681801435538,2345.1985024369787,False,0
2306027,5429.9992987351725,4974.6178377062315,False,0
2306029,2119.232317823451,1887.9454593497794,False,3291
2306031,3327.1098458040506,2893.4287828232627,True,1306
2306033,11044.330146319699,9818.327147082193,False,0
2308001,16627.39675068506,14554.011154066073,True,9719
2308003,18568.520582341123,16142.320841388777,True,3464
2308005,48879.73656483879,42989.74426053313,True,16457
2308007,134241.372604804,117335.63546657504,True,153112
2308009,1182.078746911895,1052.5186298611225,True,2944
2308011,5419.41346963495,4885.40249875735,True,0
2308013,2723.0088294734014,2394.123506233329,True,0
2308015,5913.097746808198,5031.853852166445,True,6450
2308017,3588.4237059862353,3123.68687549443,True,3716
2308019,7268.043438155553,6475.910436631064,True,0
2308021,2472.4684766675346,2207.1063916063868,True,0
2308023,12781.125545221614,11289.204436696367,True,6578
2308025,4571.539444959373,4123.207717989688,True,0
2308027,2150.974866468692,1906.2256816634908,True,4656
2308029,3181.070965884486,2849.076168712694,True,0
2308031,18793.36572800658,16592.481938320212,True,14987
2310001,14722.448603857774,12992.15544312261,True,6802
2310003,2485.3852531111334,2189.715533395065,True,0
2310005,3590.1507757809013,3111.868189129047,True,3502
2310007,21902.923484174535,19131.164931480773,True,14545
2310009,5753.67037238786,4963.200873807073,True,2188
2310011,2104.902700253995,1850.920393935172,True,0
2310013,2684.8834253414534,2316.0551324307453,False,2912
2310015,7126.680994728347,6324.197914836695,True,6224
2310017,24867.395180370193,21720.809255251428,False,14479
2310019,32629.588582732948,28656.97992758872,True,18886
2310021,4780.071932790801,4189.085153334308,False,3550
2310023,7413.710467110388,6506.12045152951,True,3140
2310025,2877.452681287192,2478.7144743055105,True,0
2310027,47088.08744686912,41165.772538845544,True,31016
2310029,2016.1124254576862,1776.525682198815,True,0
2602001,9371.020466826856,8414.538712309673,False,744
2602003,22529.306556317955,20173.758752821013,False,8280
2602005,2020.0066238045692,1795.2321730554104,False,607
2604001,7880.3281015837565,6975.940636004321,False,1938
2604003,33221.5052669514,29648.854055779055,False,8222
2604005,2843.5644457843155,2539.8033216902986,False,1179
2604007,25500.49546970986,23014.378126932774,False,14866
2604009,20977.29000895936,18554.823688921984,False,6196
2604011,5223.837490849197,4652.315385181457,False,6204
2604013,7548.688869585283,6908.445127127692,False,0
2604015,3818.125373510644,3431.6704203360714,False,2792
2604017,4394.932874783874,4038.0447951331735,False,3546
2604019,282479.6488339845,252508.45656919107,False,246274
2604021,4129.773285515606,3738.662854449358,False,2926
2604023,9784.905207125936,8677.42229788471,False,2957
2604025,7606.605505961459,7034.140533413738,False,0
2604027,35764.03163202852,31969.5032318281,False,8649
2604029,25143.220511587337,22614.434835535474,False,12962
2604031,5433.402661397122,4962.261158009525,False,3426
2604033,17782.713133153506,16278.091312948614,False,12252
2604035,28159.545694794506,25031.36315640807,False,8886
2604037,10083.996072481386,9077.105927721132,False,3090
2604039,6249.190129649825,5599.197155198548,False,3223
2606001,22084.958209048957,19603.64247111231,False,11078
2606003,13738.820091651753,12142.117059765384,False,5482
2606005,8723.383460514247,8142.759609043598,False,0
2606007,15510.73460868001,14160.799928301014,False,2283
2606009,2346.428461095318,2101.2159625384957,False,0
2606011,6866.125703074038,6077.986473554745,False,2619
2606013,51680.19982908666,46165.90363343619,False,20691
2606015,5569.028054133058,5043.443600032479,False,0
2606017,98091.56400394905,87560.88384778798,False,66406
2606019,13768.286318144761,12375.14588264469,False,4802
2606021,31454.513029036112,28306.528443722986,False,16087
2606023,15567.295298130251,13916.338530914858,False,11648
2606025,4653.120131085627,4140.644052895717,False,2976
2608001,6630.872446269263,5794.199131035246,False,1858
2608003,51629.21338343108,46129.37579776533,False,12174
2608005,18785.76455877628,16668.576072565746,False,3998
2608007,79724.22950701974,71446.23947281111,False,64547
2608009,6630.248307071626,5804.382181033492,False,0
2608011,9254.648616816849,8637.483971316833,False,0
2608013,12740.045317201875,11629.162403876893,False,3290
2608015,17439.774127777666,15508.461505673826,False,5444
2608017,13576.617678456008,12158.578907726333,False,5240
2608019,10818.530802542344,9686.84373649396,False,0
2608021,11747.020758867264,10378.235888190567,False,967
2608023,47013.74945575558,42399.09940300416,False,13018
2608025,4551.465267552994,4093.337043661624,False,1533
2610001,41443.872421817854,36781.88577429857,False,12581
2610003,2342.563450023532,2171.478688646108,False,6080
2610005,23892.99421097152,21291.832358801737,False,9093
2610007,17301.326744454913,15748.376279641874,False,8475
2610009,7288.813074939884,6489.853909754194,False,2042
2612001,4666.329666289501,4168.828957364894,False,5720
2612003,15913.76214171853,14333.807425591163,False,16459
2612005,12552.543239640072,11011.60911815986,False,7855
2612007,52309.809581507,46469.0505560739,False,28854
2612009,12060.692995522171,10806.846310120076,False,13327
2612011,6627.58138079755,5976.670690018684,False,0
2612013,8719.778446132317,8140.316740486771,False,3617
2612015,20245.48524207063,18287.832801330835,False,8094
3200000,11797.286363491556,10467.491150565445,False,3478
3202001,229403.3014570363,202123.9676667438,False,199163
3202003,16471.24292405229,14519.027431478724,False,8251
3202005,8427.312159213703,7418.925963151036,False,0
3202007,4132.54632662423,3815.3560012285598,False,0
3202009,4841.198558074422,4319.222206760198,False,0
3202011,3801.1580453729257,3379.662372210063,False,0
3202013,25794.439123993274,22716.77780453209,False,0
3202015,32999.34943008004,29106.718204704346,False,18074
3202017,22163.776942418423,19523.82560777478,False,3140
3202019,27508.87926706765,24200.985374252312,False,15994
3202021,31175.76710892096,27433.590723290108,False,14388
3202023,9028.660927245859,7964.091781132622,False,12726
3202025,13094.418694180902,11773.118505457882,False,300
3204001,60399.67444839608,52560.58605095884,False,56605
3204003,13642.875283810776,13033.066425968427,False,4000
3204005,9848.525011313614,8745.395613902481,False,0
3204007,3212.367555617355,3000.5540948805865,False,0
3204009,17506.879060290288,15922.910554531962,False,5400
3204011,43068.93942199554,37799.554569231346,False,26576
3204013,15228.136251715943,13643.511072493158,False,1852
3204015,5018.531431505922,4356.951061066007,False,0
3204017,1947.4978822502308,1706.417588668177,False,0
3204019,2557.8157920367084,2227.940161265433,False,3512
3204021,32331.62649275642,28446.917835422326,False,22595
3206001,31491.45908238506,27804.831254549557,False,11899
3206003,18200.810840886552,15692.323183292057,False,16202
3206005,155926.2175449608,139082.50975173898,False,99920
3206007,21996.381613449194,19319.933769930154,False,9848
3206009,15118.71183227608,13197.473932234105,False,4083
3206011,15439.101330223493,13584.156679199776,False,5402
3206013,11777.27220927272,10466.761384720914,False,0
3206015,5031.21540691331,4300.268609228544,False,2939
3208001,21801.116131428396,19916.954083435703,False,970
3208003,26486.31945370231,23364.52320912783,False,12157
3208005,47023.889194576535,40918.13680922077,False,6571
3208007,41983.41922157025,38007.70403004321,False,50779
3208009,26416.560732307145,22949.47737838095,False,45989
3208011,21607.374278447125,19321.584015495027,False,22892
3208013,8188.869288950227,7642.687889386201,False,0
3208015,46576.89016870828,41146.97337612556,False,62456
3208017,17847.4040750321,16384.12171234563,False,13934
3208019,29196.523496930487,25677.861403868767,False,11181
3208021,14132.44627457019,12367.894837662578,False,4685
3208023,7194.346991461702,6300.447591247503,False,6889
3210001,23755.775349954143,20769.902757444186,False,23062
3210003,15712.0643041078,14177.265683958773,False,9670
3210005,18017.045693359803,15835.316198292654,False,10589
3210007,16684.179136436433,14313.507995434571,False,10382
3210009,11850.569822059944,10294.17474621581,False,0
3210011,4846.056447810028,4223.4264913843945,False,0
3210013,23441.71067566285,20289.922664709855,False,24685
3212001,29257.949340535793,25740.62787315622,False,16498
3212003,39672.105754724704,35015.55947110965,False,37310
3212005,28972.054859376047,25596.76455389522,False,14892
3212007,25687.73647451517,22635.505327118095,False,0
3212009,33337.63049996458,29250.599718189333,False,14215
3212011,26954.03679786995,24072.774965355173,False,32034
3212013,12487.326190330088,10995.442719797837,False,10196
3212015,18052.81965976348,15745.645860316698,False,17452
3212017,12388.954503035638,11274.515088741202,False,4569
3214001,6668.671062231995,5873.230473441072,False,739
3214003,30791.45775786112,26911.534668181557,False,35312
3214005,13103.021143565187,11660.22004979197,False,0
3214007,16472.257892005146,14557.858756495407,False,8742
3214009,16945.354972191155,14795.654925500741,False,0
3214011,5371.590716118924,4646.286442098673,False,1778
3214013,4001.1766922008246,3546.342037897557,False,0
3214015,64448.342055222485,56644.305232758634,False,61883
3214017,7669.470024198061,6946.337494070642,False,5100
3502001,21158.207459793426,18135.8165066964,False,6051
3502003,10498.018814698327,8995.358298123349,False,4596
3502005,31541.204022091348,27022.070257593878,False,14523
3502007,17874.042787105776,15316.941538612358,False,5857
3502009,9306.907991903368,8111.286609877367,False,6274
3502011,2623.0921890120953,2248.8300992865115,False,0
3502013,16806.66686762683,14384.633531354368,False,6121
3502015,4570.113512121141,3894.53629936371,False,3354
3502017,4048.3619195055217,3474.2622502390295,False,0
3502019,8180.11728682369,7049.065822406206,False,5897
3504001,1368.378288218053,1184.7735423273407,False,3859
3504003,12971.62431662064,11113.717374573462,False,10758
3504005,1898.1353024826385,1660.259913744405,False,0
3504007,3333.778626915533,2932.040422662627,False,0
3504009,2852.2932955967262,2493.7659593042918,False,4070
3504011,27740.759673637338,23668.676368195098,False,19632
3504013,40199.25770549406,34278.799185164506,False,27482
3504015,1698.9403018483426,1494.0191776528955,False,0
3504017,12177.174620232545,10464.25597528182,False,0
3504019,13760.47765675094,11782.752345888875,False,4429
3504021,245749.16665276675,210105.2319718348,False,235946
3504023,13885.494880449725,11922.64813852706,False,5675
3504025,26082.29661070276,22349.829981114715,False,10806
3504027,5424.834681669716,5254.060591675341,False,0
3504029,4910.665561627829,4374.761593094096,False,0
3504031,4620.923601270886,4048.678617278114,False,3095
3504033,11797.601278346963,10121.170948179904,False,3941
3506001,1841.6270066257566,1633.6436399966478,False,0
3506003,3036.358481334988,2587.087261521723,False,0
3506005,12468.300493115094,10761.945321641862,False,9847
3506007,5484.216872126795,4681.792818259448,False,4981
3506009,22911.96752511803,19366.834580643103,False,10382
3506011,4716.590121385641,4181.327705505304,False,0
3506013,28182.227069986053,24179.84563453938,False,13656
3506015,28852.246952882968,24627.35251550167,False,16479
3506017,4076.3455861289985,3527.8072486668825,False,0
3506019,13673.831452392042,11622.272567442618,False,8750
3506021,5932.163234863197,5184.860986252315,False,5296
3506023,7549.987279174849,6591.854935636744,False,9547
3506025,1812.2525055464357,1539.2224081563763,False,3368
3508001,1326.2513327893103,1134.880837189965,False,0
3508003,2226.285191486124,1958.696333957836,False,6593
3508005,112991.21037477348,97671.0791136187,False,84007
3508007,17193.791899149655,14762.210301304003,False,8487
3508009,1094.2361038960516,946.8328060139902,False,2633
3508011,10846.271380082471,9356.553954084637,False,12709
3508013,2352.6471742684953,2030.095183294965,False,0
3508015,4226.868745668791,3795.437460042769,False,3148
3508017,61831.9632155993,53039.95930561307,False,52444
4402001,231999.42448497657,199924.46046581352,True,173507
4402003,25677.101393622346,22104.84522781754,True,17656
4402005,254065.9192877859,218952.0957506178,True,205225
4404001,101499.32320908015,87489.50548614608,True,89493
4404003,101544.00862642634,87601.10435742582,True,60262
4406001,473298.0668912139,413620.12036953866,True,458205
4406003,34479.315900571644,29590.377553239,True,27762
4406005,21540.991680458188,18591.68278434314,True,29690
4408001,81208.62998626381,70087.16219228506,True,62956
4408003,84798.84510854841,73121.64087851602,True,45651
4408005,65163.58985705767,56032.8053526436,True,110274
4410001,16031.73977369396,13813.277533491142,True,8847
4410003,1729.0713570811786,1505.9780808505602,True,0
4410005,5156.748955659568,4451.037503062282,True,0
4410007,3473.212328449823,3040.6325917672366,True,1149
4410009,4372.832199811935,3827.2975148316473,True,2353
4410011,30292.6475377772,26110.04670766974,True,18770
4410013,15998.290062569082,13683.041555343196,True,0
4412001,5228.863125491887,4539.2531332736835,True,14200
4412003,20800.55085298,17869.188638408436,True,18417
4412005,124141.48610963998,107068.33524259832,True,109658
4412007,8796.364617851563,7566.967603108613,True,25442
4412009,67428.44277125876,58075.34148911876,True,56066
4412011,121343.68264770461,104622.39713850128,True,131246
4414001,22203.051294870675,19128.07458370179,True,8626
4414003,8301.484186215326,7263.344777847175,True,0
4414005,14429.183457978535,12385.772143160924,True,7087
4414007,6167.916251203045,5312.70289202081,True,5418
4414009,24945.617176292,21358.432588512078,True,9739
4414011,32112.893950929865,27525.140476467088,True,22000
4414013,7829.26041661948,6868.494455480948,True,0
4414015,3353.010918390937,2895.9531796211377,True,0
4416001,3869.6602051081136,3299.57185751386,True,0
4416003,21466.43701314088,18544.08935288526,True,0
4416005,23426.036659121513,20306.307349130977,True,12505
4416007,2812.7902827402577,2462.939577275887,True,1720
4416009,25307.436123851687,21638.489188091364,True,13606
4602001,43548.207607908174,38690.40904565342,False,32913
4602003,131074.1598191429,116313.19019659702,False,103184
4602005,11389.076284037903,10101.26299511455,False,3321
4602007,10593.97587014176,9431.899896770716,False,4998
4602009,27037.823105827905,24278.845836502966,False,32145
4604001,45589.613526884,40497.96263899328,False,23335
4604003,28619.072791088372,25470.8143598577,False,1442
4604005,5277.656981226988,4665.120791479014,False,1076
4604007,50470.95626634173,44858.90702471696,False,22608
4604009,20185.50322898291,17915.229436854832,False,6250
4604011,7369.685037925839,6644.60972205922,False,2128
4604013,4182.074479670264,3652.8972585638985,False,1449
4606001,17227.80364102777,15382.558804191649,False,6956
4606003,9048.39333745744,8079.781433967873,False,4548
4606005,10881.007095662877,9725.868140412495,False,0
4606007,41831.08995955251,37170.40031837858,False,17905
4606009,13330.457822757773,11960.738002221566,False,3319
4606011,12474.786692070775,11007.495351281948,False,0
4606013,36308.024719437584,32338.00628893636,False,15489
4606015,11265.184281224385,10108.462825694121,False,0
4606017,23634.328574313782,20903.984097554814,False,3612
4606019,20403.922845578752,17996.6967368396,False,0
4606021,7414.565834905952,6592.753032517619,False,3707
4606023,12591.883784417994,11456.943165946286,False,3963
4606025,780835.4319641637,701483.9401745624,False,741386
4606027,11890.723425710574,10788.723580315243,False,0
4606029,14151.41837625485,12762.198438054882,False,2841
4606031,5156.147126733325,4737.907142943237,False,4186
4606033,22785.169702515006,20089.348819625564,False,9002
4606035,3755.005638196133,3873.3301132805645,False,1508
4606037,9084.048880650662,8244.728747736663,False,10927
4606039,30288.941751981154,26766.5273725437,False,12405
4606041,9822.60894858092,8965.885723694693,False,877
4606043,12292.522934173234,11200.284609147348,False,3598
4606045,4686.1852159556,4177.170219667256,False,6486
4608001,14951.417974339798,13324.045244342182,False,2099
4608003,18129.0084515512,16140.725312266499,False,512
4608005,18924.222672296688,16689.44677027315,False,4537
4608007,12090.52789916005,10826.993620696943,False,2086
4608009,13374.79531161394,11741.335686548613,False,3926
4608011,24358.10894291103,21791.818439035676,False,5278
4608013,40942.20558730699,36332.04781981604,False,35197
4608015,25663.51177716814,23074.99225029815,False,6699
4608017,9981.69643171411,8862.228950257879,False,0
4608019,29272.502217434347,26009.85293411184,False,7395
4608021,18064.11291612871,15970.063488734886,False,9732
4610001,6496.879781508818,5836.795340096578,False,4007
4610003,8651.47955836635,7701.034959836397,False,3533
4610005,21682.542118106037,19230.93880698085,False,0
4610007,5987.515079434961,5252.157811964862,False,3358
4610009,4535.722555849701,4181.846090309322,False,0
4610011,45789.58313922584,40521.56222548988,False,14251
4610013,7997.426547110081,7239.810060217045,False,5690
4610015,24628.188187748194,21999.733313547447,False,2892
4610017,14483.077646613121,12976.095428956673,False,3098
4610019,30209.34389553778,26531.53636244312,False,10951
4610021,11249.26029696688,10185.482560593635,False,6517
4610023,108326.23570325784,96216.93864629278,False,61970
4610025,7785.83352830261,7042.44973932486,False,2341
4610027,28515.887297682464,25305.04821188841,False,9108
4612001,12599.778424569406,11215.879498560447,False,3250
4612003,13155.112753720023,11685.3632444744,False,6312
4612005,10727.816928480286,9392.70386723103,False,6436
4612007,9031.42657544557,7900.177133854944,False,7181
4612009,35597.750356589444,31743.431823902763,False,9746
4612011,50807.18884012429,45209.89738599211,False,21547
4612013,100116.56242396077,89047.36716863001,False,89902
4614001,33200.023261797614,30150.97576632211,False,7017
4614003,33681.95007292647,29762.421356180683,False,11928
4614005,42610.104642186314,37663.48554730322,False,40642
4614007,12812.096048090607,11365.958538774401,False,6504
4614009,8959.546941921115,8142.142564362846,False,0
4614011,52977.62791294698,47157.654043549206,False,15382
4802001,25155.843841141555,21972.27930356795,False,24000
4802003,19878.57802880858,17433.36739114183,False,22817
4802005,4376.8967754875775,3859.436831600964,False,6729
4802007,2889.348891150672,2555.7542372508906,False,4838
4802009,5995.542005475145,5270.970772195607,False,8988
4802011,8024.021873520222,7161.790942874621,False,10178
4802013,16653.214733144734,14547.527064759983,False,18797
4802015,22117.58693433227,19386.234877194278,False,19132
4802017,3900.355182485888,3431.5615161308087,False,6799
4802019,25884.661777622066,22671.966205780278,False,25662
4802021,3914.1968947271816,3429.5217500810977,False,6969
4802023,3511.555179652525,3118.6271440573037,False,4247
4804001,15209.966375010088,13286.887937501073,False,13680
4804003,6313.015385862207,5738.944699769141,False,6779
4804005,18649.983947251458,16346.691730969585,False,20502
4804007,38954.68645500578,34051.2923381906,False,36504
4804009,16408.499195339158,14398.910556422547,False,16892
4804011,4215.469392796978,3650.524148465134,False,6902
4804013,15017.359092331491,13166.978680482134,False,17217
4804015,3178.4544742419384,2820.4010820528492,False,5426
4804017,2378.920532213524,2137.5056336764246,False,6037
4804019,10153.473161956645,8867.675181372091,False,10156
4804021,4780.809945451561,4190.74467353127,False,9920
4804023,5221.408706253162,4774.5852715845685,False,5765
4804025,52116.903206168325,45578.92134497105,False,42451
4806001,13299.957739759237,11614.681776621146,False,15241
4806003,2963.5330842279363,2664.7319087777287,False,10215
4806005,7875.337630830123,6935.0193545864895,False,16128
4806007,7153.490846026922,6291.592558842734,False,8421
4806009,10622.741728908848,9452.520976240048,False,8961
4806011,6405.070455313311,5749.833078840282,False,11167
4806013,8948.800228828564,7892.426723466255,False,8892
4806015,526200.7168848733,467528.05417018186,False,483186
4806017,6354.582852447871,5742.559885528404,False,8029
4806019,2376.479894209304,2064.2050019812305,False,5166
4806021,15948.053590398282,13949.053024928086,False,20249
4806023,2513.3542442610487,2253.021288949065,False,9979
4806025,16194.341383401537,14106.407404422062,False,14923
4806027,4088.3931193321478,3580.212897964637,False,10395
4806029,2527.348883849918,2243.424588499358,False,5106
4806031,5114.642868009629,4499.66376495827,False,10869
4806033,2546.0246679540724,2234.853217991069,False,4599
4806035,4937.668077677372,4374.467423224589,False,6331
4806037,6831.6066098083975,6004.634522165521,False,17070
4808001,6547.582208379172,5739.619757806184,False,10964
4808003,3195.3864729249617,2771.377937423298,False,7696
4808005,16946.33329398511,14869.47853489872,False,19462
4808007,7472.775228962302,6578.447455820162,False,9724
4808009,24508.113025257364,21514.615585614927,False,27546
4808011,6074.43450075388,5331.531688286923,False,11086
4808013,77796.35860329634,68188.9233576497,False,73286
4808015,3094.527409376111,2791.7612207387574,False,7615
5102001,3633.669296053704,3227.7902209572494,False,6859
5102003,21191.77963169897,18888.388233125443,False,18069
5102005,5316.078893609578,4647.274345858255,False,6434
5102007,5700.159435643116,5087.743529596599,False,10287
5102009,9824.66713181627,8706.232455478283,False,9146
5102011,5856.05906385486,5366.8284012016375,False,7312
5102013,3220.582209781278,2901.8942550211214,False,7722
5102015,9824.105047794525,8758.320509268902,False,9552
5102017,3836.571706496179,3377.982375749387,False,4696
5102019,3175.1163676832803,2852.7897805171087,False,5605
5102021,5802.633132446557,5187.022644521669,False,8975
5102023,3925.8560679343063,3524.256305744173,False,4928
5102025,3517.968580964487,3268.877689114306,False,5084
5102027,1975.3639697078615,1743.9667102345265,False,3624
5102029,1218.2932611098513,1070.9061516160145,False,2351
5102031,14658.475916283205,12895.48469437845,False,10617
5104001,55554.10863816098,49255.97594605805,False,50201
5104003,3478.3772618076764,3113.5346030378714,False,6513
5104005,10960.213732546079,9647.437818014994,False,4200
5104007,7117.755031349137,6315.631704302505,False,6682
5104009,5832.412608064478,5268.896174792433,False,5281
5104011,3126.7041752897203,2807.140863414854,False,7047
5104013,14008.445423626807,12603.177111231722,False,16648
5104015,5608.09759477945,4947.991025544703,False,8721
5104017,6520.943058829755,5847.945769758895,False,9316
5104019,22859.11057459982,20412.559041093104,False,18978
5104021,6362.021924483823,5797.796705173096,False,8622
5104023,9976.495680431835,8880.23514553404,False,19222
5104025,25597.141400896246,22699.867159030633,False,26179
5104027,3555.444394386839,3202.9975295052864,False,4025
5104029,5951.706447459757,5285.9324254198,False,7962
5104031,17622.565371863544,15830.743041979149,False,12860
5106001,35507.665003487375,31558.160111566074,False,31873
5106003,28751.78812948335,25657.968208873644,False,26320
5106005,11389.955975726247,10134.560038651107,False,18059
5106007,11279.70773606887,10028.787949013524,False,11356
5106009,11824.379546403885,10591.74282910116,False,16601
5106011,5803.100155633641,5135.402761808597,False,4778
5106013,10419.143463080749,9276.757945460267,False,11114
5106015,4186.079573580064,3826.9308577161282,False,6329
5106017,24401.468910004012,21762.806793886237,False,24431
5106019,4116.697704774793,3633.9497552849352,False,6843
5108001,12170.025963607477,10829.203543158947,False,13367
5108003,64018.90462711966,56795.27633301914,False,70731
5108005,35775.53861949872,31866.296926297015,False,37051
5108007,37906.19293563906,33780.77570518106,False,39439
5108009,47705.117013579234,42716.75193081889,False,46551
5108011,14536.211803570855,12912.299958425807,False,13173
5110001,9917.351836299058,9054.010961912107,False,13963
5110003,12067.435300933197,10729.227175273933,False,23797
5110005,8181.341918228543,7369.0606699103955,False,11683
5110007,14306.466368234716,13035.22303781216,False,16753
5110009,6359.6627207039855,5747.082569636637,False,13190
5110011,11825.681576810544,10557.22851368098,False,8856
5110013,5294.1639177448815,4809.862542620744,False,10600
5110015,13902.476307611912,12343.915446727071,False,11301
5110017,8775.387197740143,7818.60624599352,False,14426
5110019,16418.648374456447,14923.064173523453,False,12885
5110021,8978.63846857252,7983.240237460006,False,11533
5110023,14541.958622706588,13022.11743775953,False,13751
5110025,9388.12038608396,8411.93942833948,False,14670
5110027,1009616.2534492175,909636.6709742751,False,1013159
5110029,54781.32465997944,49554.67081910628,False,18206
5110031,2667.4642885993235,2355.1358139807126,False,10081
5110033,15907.888961375691,14395.182697111275,False,17416
5110035,41751.819110810524,37990.04900540714,False,16394
5110037,64381.04771151184,57015.45224909601,False,70364
5110039,1917.9669492605608,1737.5867324272403,False,7820
5110041,14773.451375143137,13358.617590376292,False,35107
5110043,5986.274140373804,5277.554007979343,False,9323
5112001,23738.211265403777,21133.054991235957,False,20748
5112003,35514.69678090559,31652.091030247044,False,40100
5112005,2621.7022458603606,2315.4419753234833,False,5308
5112007,6903.991978044622,6128.007791173644,False,8517
5112009,27168.552410577424,24196.901017648168,False,29473
5112011,15404.192226275336,14057.840885201236,False,26729
5112013,23437.947537796572,20895.874106212985,False,26291
5112015,19665.063462423626,17554.425393086858,False,22484
5112017,3851.1929841162637,3414.1880243830383,False,7559
5112019,53542.60431072069,47473.68319407059,False,43914
5112021,15433.438290275633,13741.607938064728,False,19565
5112023,1972.122091094032,1768.7958114007488,False,3889
5114001,14545.936240290874,12925.763722789474,False,14348
5114003,4060.6482803835534,3676.788529684767,False,5438
5114005,6396.331055009738,5729.235497509129,False,7339
5114007,13507.853920022491,12019.600801612716,False,14259
5114009,8459.783960723318,7574.085722888587,False,14577
5114011,4397.749999110587,3930.3777074161917,False,5825
5114013,33851.70947475778,30099.91654033237,False,33442
5114015,5025.825900047086,4515.617762520909,False,7810
5114017,6391.861669373233,5679.4842839231715,False,5262
5302001,29240.04547453206,25404.280766587704,False,9349
5302003,54348.16846872703,47191.7400089663,False,50414
5302005,12650.981583674438,10823.346410276834,False,6248
5302007,7405.510310700396,6700.575730922865,False,3662
5302009,15754.847441345686,13612.018263419159,False,5928
5302011,236027.82299257664,203965.0868726637,False,220065
5302013,1302.8727164363954,1134.731231908314,False,2195
5302015,3494.1739549906924,3088.124285656959,False,0
5302017,3853.7956902308506,3528.6250561577617,False,0
5302019,6219.046143843676,5545.029581151786,False,0
5302021,1119.5008267601952,975.014509699773,False,0
5302023,19630.16488612257,16956.335853656754,False,6089
5304001,20393.94424173329,17647.766914128326,False,10713
5304003,71085.71607333422,61486.889520798344,False,45379
5304005,11698.846212857869,9984.501797033474,False,1780
5304007,15490.898161284626,13650.182947154157,False,3488
5304009,29610.220283617266,25625.522122520022,False,15391
5304011,33185.636002299376,28709.725374865346,False,12950
5304013,10053.044270102866,8688.242481723428,False,2491
5306001,4850.444942144677,4390.60339196166,False,0
5306003,10821.127238439396,9327.98272113176,False,5488
5306005,8117.248521562666,7027.492993926164,False,0
5306007,5126.732446249574,4537.596183317248,False,4050
5306009,28141.186596808955,24313.74155321531,False,23480
5306011,5103.298361840658,4390.525008183438,False,2503
5306013,13266.010002221912,11266.795960135758,False,7832
5306015,3211.9693882740103,2771.197152597364,False,2087
5306017,4945.542959803715,4310.348104114644,False,0
5306019,22368.509961036965,19383.537086958066,False,11338
5306021,5124.042665657587,4396.4633015347645,False,0
5306023,58042.310836486984,50114.759776008315,False,39575
5306025,2783.011239049956,2406.610752755776,False,0
5306027,2775.5474951770157,2441.080104595516,False,2771
5306029,6195.5062753316015,5509.429940327071,False,2953
5306031,3106.995955432765,2773.0439035836607,False,0
5306033,21425.956138855312,18466.37436333997,False,4347
5308001,13528.043179074302,11691.73588730907,False,5154
5308003,3356.45062586898,2902.2795401941985,False,0
5308005,16772.28519574646,14476.344239453785,False,7662
5308007,3431.4767424394377,3075.771308215335,False,0
5308009,23705.45903441077,20464.791694006883,False,9514
5308011,23963.356129906606,20697.055487590376,False,14470
5308013,27071.683519628365,23419.784290194046,False,9772
5308015,2605.066445595119,2274.58375649713,False,0
5308017,16504.945499252062,14273.300154170953,False,12122
5308019,7245.510878195055,6272.2134798858315,False,0
5308021,2773.964498292189,2374.97632119013,False,1912
5308023,3965.8627404137515,3602.089565197006,False,0
5308025,12050.397348576691,10445.489087316673,False,3721
5308027,5204.871335882228,4448.4959623860195,False,0
5308029,4448.790595293511,3906.2304479517043,False,0
5308031,22627.42882274557,19416.9329724391,False,8179
5308033,4107.943303808104,3760.6665978494566,False,0
5308035,8773.601222509518,7651.387623950839,False,5278
5308037,303904.07507286174,262369.20866377186,False,288324
5308039,27606.01430888381,23796.795108997263,False,9240
5308041,9801.2133305436,8527.583865015302,False,3238
5308043,13736.582684087567,12166.501753556542,False,0
5308045,12313.398726189509,10631.498611366376,False,6079
5308047,14641.246582244057,13211.893420166336,False,0
5602001,3174.51834833622,2891.8371606897563,False,0
5602003,73582.28772069328,65980.69691324141,False,42000
5602005,26098.921847218648,23389.592468370683,False,8537
5602007,32128.894633741118,28856.99370793812,False,7345
5602009,4168.894023288041,3777.544308221899,False,0
5602011,2836.6652218084782,2520.2864218326285,False,0
5602013,4869.841045117006,4400.207018222194,False,0
5602015,6018.473052571528,5323.983952363953,False,3462
5604001,3935.1056940527633,3515.6437246873975,False,0
5604003,2814.2723466400057,2619.4149857703596,False,0
5604005,5079.6412201174535,4489.9939169585705,False,0
5604007,3586.663963382598,3187.5939327678643,False,0
5604009,11803.770228615962,10469.720253713429,False,0
5604011,38326.086163877044,34276.30455108639,False,37690
5604013,4605.973089902196,4193.075997186825,False,0
5604015,7855.958423235454,7115.8374636191875,False,0
5604017,6118.055438814685,5451.186269658618,False,0
5604019,23305.471406401135,20866.76507624518,False,8228
5604021,6665.704089900479,5993.226247321814,False,0
5604023,1087.803203234449,1017.6981156417169,False,0
5604025,877.2383212549612,778.4372208621353,False,0
5604027,3682.9717440232635,3396.372893622145,False,0
5604029,23564.95566103421,21007.81749504991,False,10472
5604031,3026.6848210953176,2724.847422945779,False,0
5604033,12855.543256188743,11410.398362191394,False,3057
5604035,8513.899063758086,7945.840145351831,False,1634
5604037,2136.855210598558,1921.6506405444816,False,0
5606001,8528.699772637337,7659.599945108406,False,0
5606003,54874.21770642046,49235.64582402725,False,0
5606005,5803.671025314834,5148.1725415615365,False,3757
5606007,3334.270671109669,2955.3339426564053,False,0
5606009,4428.607941661961,4024.1286377310753,False,2192
5606011,3943.580934173893,3603.694890734274,False,0
5606013,3679.932611918077,3375.286446189508,False,0
5606015,19351.131192622706,17535.35803368129,False,0
5606017,23106.47029647464,20763.706498230807,False,5084
5606019,4355.311842330731,3921.8563876897097,False,4125
5606021,2189.703916175291,1944.3707652194425,False,0
5606023,7429.75715873763,6739.585328833666,False,4858
5606025,38659.38238316728,34555.90149359824,False,24642
5606027,6466.2021325198,5940.369280047715,False,0
5606029,10531.70476563368,9353.622249440523,False,5293
5606031,28824.6830229396,25783.29061824642,False,8446
5606033,6752.599898983259,6268.82132290164,False,3052
5606035,52943.58605017816,47282.291022136575,False,31060
5606037,4899.721484343521,4456.701057518832,False,0
5606039,4138.869164278265,3866.9583723903634,False,0
5606041,7159.834630751051,6531.878994784784,False,3365
5606043,8641.335992392618,7613.5441971705295,False,0
5606045,43492.10792951565,39040.504620517604,False,14251
5606047,263008.60534205707,235435.1676413184,False,259229
5606049,3921.432939460501,3553.156143908389,False,4430
5606051,10102.24647813011,9563.808452677447,False,0
5608001,6301.121635133401,5639.038859779015,False,0
5608003,9401.349591730163,8729.737576119136,False,0
5608005,4128.106718108989,3708.6115745678544,False,0
5608007,39367.292908739764,35350.8207031996,False,9359
5608009,19868.778250184376,17784.772543514613,False,0
5608011,4764.314788996242,4239.398603929207,False,0
5608013,6441.8096057856455,5833.398963368498,False,0
5608015,44178.33364736289,39770.033541121054,False,11726
5608017,64565.55782284308,57845.798308486585,False,27097
5608019,4117.83875059383,3648.9989762622863,False,0
5608021,5011.775370919146,4475.576061557978,False,0
5902001,1407.5372213050723,1203.62993942108,False,0
5902003,22073.833327692468,18866.488256809535,False,11308
5902005,3538.998621599283,3068.5913467917126,False,0
5902007,106271.33438760228,91158.82182615227,False,91798
5902009,36616.134436546825,31464.927238812204,False,24115
5902011,3256.7441409006715,2844.7815732825547,False,0
5902013,5609.619410583749,4998.418902276084,False,0
5902015,19078.783747422043,16322.838909049053,False,15100
5904001,5187.7576342104,4493.368775969371,False,4070
5904003,11150.638394080102,9586.110431642737,False,5235
5904005,1105.5085752047598,940.9911074158736,False,23
5904007,6371.984384395182,5433.528255896643,False,3202
5904009,1649.2387131927535,1452.124683231581,False,0
5904011,60791.99182276055,52062.02266985644,False,49818
5904013,29379.089526792523,25225.169038987253,False,8151
5904015,6053.289913221262,5394.924814215861,False,221
5904017,1808.9546536088455,1565.885218337411,False,0
5906001,5669.143446459435,4879.35899727745,False,0
5906003,5607.089296102524,4674.373399562202,False,0
5906005,2942.2875401573256,2579.0599400345236,False,0
5906007,12844.7681872705,11110.161330220755,False,5199
5906009,14234.089555338956,12400.121963213664,False,8984
5906011,62397.21032898966,53616.35412232345,False,48570
5906013,5375.278313455172,4541.807479649782,False,0
5906015,1591.670220933389,1327.7199161588214,False,0
5908001,3154.792878127657,2875.651118217502,False,0
5908003,23342.579990387894,20187.849145972636,False,15850
5908005,7000.182123512961,6019.887932098005,False,3669
5908007,7123.723365579266,6207.391127227806,False,6809
5908009,20694.060476596467,17681.762528334744,False,9122
5908011,43996.227457107045,37691.71440499835,False,24238
5908013,12614.85411784472,10674.23671757197,False,0
5908015,6525.267174034845,5715.758370086085,False,0
5908017,4582.507975359447,4006.7296072673053,False,0
5908019,4618.345762220211,3999.154189286288,False,0
5908021,4357.674695514608,3683.619118669536,False,0
5908023,9352.82577015087,8049.460899786558,False,2819
5908025,14541.877667641733,12236.925772779621,False,0
5908027,266932.7884005755,229705.49738152,False,294456
5908029,5143.233329212759,4487.222136053257,False,0
5908031,3648.171340910252,3109.439927993808,False,0
5910001,4367.536387016997,3703.51651503169,False,0
5910003,45170.26891606487,38893.77248110296,False,32248
5910005,5872.135825317353,5065.6229955311865,False,6114
5910007,2752.5688349651173,2347.742472054437,False,1800
5910009,4593.242891676724,3972.3889116030186,False,0
5910011,8615.141536613926,7338.499212121591,False,0
5910013,11555.417910065502,9987.49701197911,False,7161
5910015,2475.209354502149,2133.335781228263,False,3031
5910017,95195.43711378053,81848.15003164462,False,85432
5910019,8844.808125260286,7637.32118306309,False,7200
6102001,6113.205995198339,5379.356350454502,False,0
6102003,5199.326084095053,4737.634990660474,False,0
6102005,8051.702231510542,7244.852776160464,False,3211
6102007,44475.292506216094,39199.71379145328,False,21063
6102009,22096.65728033334,19494.25114660524,False,8434
6102011,2514.1868534581736,2180.4024495892227,False,0
6102013,20081.601634200662,17766.400453009643,False,7691
6102015,26388.983416466974,23144.758400458843,False,5470
6104001,13074.602134115994,11873.382937989198,False,500
6104003,32866.43770708423,29029.918218210805,False,19216
6104005,15655.341904505156,14368.905529921874,False,0
6104007,31802.758434248157,28472.538945963606,False,11424
6104009,4780.247992926743,4184.404661208391,False,3395
6104011,8501.030629625544,7679.690009735525,False,0
6104013,9489.799959975295,8384.799959001131,False,2540
6104015,48630.74294675561,42716.23191727465,False,14892
6104017,20687.911828316748,18016.28030056134,False,6695
6104019,5758.519255911,5115.221515827347,False,1434
6104021,4757.352188523859,4222.527583592571,False,0
6104023,27230.566596628167,23872.233874179423,False,8989
6104025,4337.6204921146855,3881.4048958737403,False,1778
6104027,3652.6676024142653,3293.346061265096,False,0
6104029,19928.45570512209,17551.183910220396,False,5510
6104031,4373.58944731392,3885.3418902847916,False,0
6104033,8584.70992015861,7760.433816207573,False,3451
6104035,23118.43725852156,20546.74413763173,False,7843
6104037,17720.212625352666,15616.240369614214,False,2688
6104039,6332.297405533493,5678.116887260694,False,0
6104041,4356.0269327014685,3804.0176209919155,False,0
6104043,13804.385364877526,12174.562067307066,False,3814
6104045,6208.695965902414,5528.246852007229,False,0
6104047,30027.727216510102,26435.93256999459,False,13425
6104049,200800.569798504,175804.55970885046,False,221820
6106001,11800.11079868488,10344.540618510451,False,0
6106003,4946.0278325900435,4402.290084250271,False,0
6106005,32725.323482375592,28818.56766475644,False,10862
6106007,43707.54509726912,38317.071801556274,False,13031
6106009,7485.100300443824,6611.546259025112,False,0
6106011,9823.499650114682,8568.97766707139,False,1778
6106013,15217.022444760893,13444.50543651171,False,7083
6106015,5895.008784112055,5260.13011301402,False,3352
6106017,33384.26666135993,29672.675168127753,False,9119
6106019,10717.317223818041,9668.674236164428,False,2363
6106021,3371.0508882701397,2961.4351987410337,False,0
6106023,5763.832094890997,5043.086630817503,False,0
6106025,12781.465590229724,11275.741925198585,False,6601
6106027,6158.450377225876,5470.778251986951,False,3206
6106029,15821.68662992213,14011.103930089623,False,3716
6106031,25285.254855415784,22295.91597266961,False,5618
6106033,10057.886041315272,9038.5788012892,False,1816
6106035,9404.885592286475,8291.937097136863,False,4174
6106037,16533.53274020832,14459.257197323255,False,4261
6106039,7680.096609836444,6806.611711671576,False,1586
6106041,21972.15321318945,19325.13475557696,False,6703
6106043,39409.73577518761,34698.73575646058,False,32586
6302001,38042.977410840336,33449.99702944048,False,19796
6302003,29583.76557719987,26077.64195210347,False,12631
6302005,25143.91732789809,22089.403074804693,False,7959
6302007,6909.178069241345,6050.313534839544,False,2681
6302009,27607.92945035058,24304.6018406637,False,11687
6304001,50570.34356777556,44328.6055128132,False,30196
6304003,22074.11355602462,19396.451641513966,False,8110
6304005,15867.306436387356,13945.21604140941,False,5174
6304007,21629.348853203468,19248.47367438348,False,0
6304009,59356.14273970947,52141.24009904452,False,53778
6304011,2039.1895577432588,1871.1546742902137,False,0
6304013,4193.950177204795,3690.850427853409,False,4657
6304015,8674.69100196287,7662.1865364038385,False,5326
6306001,14502.453114537522,12782.135883811396,False,3386
6306003,20790.25072998088,18329.268806977663,False,8571
6306005,34565.372450211085,30214.226698985323,False,24803
6306007,10292.467722109519,9315.273697849829,False,1618
6306009,19428.67218270991,17067.138142240234,False,7010
6306011,7687.329509408213,6755.6751523194835,False,0
6308001,17143.10624323506,15131.983121948782,False,4821
6308003,4822.106170216575,4187.416200783104,False,2499
6308005,17088.276536790654,15038.112597814295,True,3387
6308007,3157.644556912128,2988.0557226450182,True,0
6308009,66354.30763805844,57841.77255155705,True,52187
6308011,7934.496856508777,7280.819150045514,False,0
6308013,3489.670114411507,3167.8044994282536,True,0
6308015,20270.00397008378,17860.85540685337,False,7104
6310001,6743.966863163281,5902.119873691816,False,881
6310003,18721.232368056662,16467.57100090431,False,3557
6310005,95204.43035269249,83808.9750367708,False,76844
6310007,9342.92334214598,8232.715417564381,False,0
6310009,29846.080695736222,26307.53263833467,False,28986
6312001,23195.5175799937,20366.95520451991,False,19590
6312003,17491.551174642984,15372.045115662739,False,20950
6312005,10277.452348565683,9765.06099355314,False,2981
6312007,43456.15233575553,38316.28880266566,False,25901
6312009,6878.578078928869,6058.172903443221,False,0
6312011,21760.780693222303,19307.095082185697,False,21523
6312013,16785.50847457908,14950.579073924106,False,7211
6312015,22534.92942920793,19725.877876925748,False,22693
6312017,23650.079545641318,20770.57391841244,False,10633
6312019,6330.4333600346,5754.429517799057,False,14795
6312021,23878.72343866108,20999.73466749955,False,4889
6312023,5456.916338371579,5044.42931122845,False,3355
6312025,35855.60212560836,31147.916298887227,False,19272
6312027,1470206.7689361265,1318397.320717162,False,1430885
6312029,8735.89942551963,7817.103490934242,False,0
6314001,37856.613488903735,33357.337475700304,True,19486
6314003,41972.58059930103,36996.10494501563,False,14071
6314005,6014.172618542798,5368.163518600166,False,7502
6314007,17381.65702799987,15225.175281204283,False,12818
6314009,10161.1391150821,8955.974482143763,False,0
6314011,19812.02580474876,17484.875920443796,False,19833
6314013,7330.13952479139,6471.7651105062105,False,3776
6314015,6180.044535847381,5532.87621612614,False,0
6314017,49009.29690955859,43043.08925674111,False,40000
6502001,5447.034512205515,4735.304272534675,False,12417
6502003,3427.8855993058532,2996.768836359959,False,0
6502005,19799.226930615958,17316.898552491562,False,8220
6502007,11833.965145271504,10270.057641669293,False,5845
6502009,2169.7625139472075,1879.2589267119765,False,1142
6502011,2249.1152041098103,2031.4762658460531,False,0
6502013,3331.606804084964,2884.700292671798,False,2102
6502015,16230.62192021124,14079.898567051627,False,6248
6502017,6372.15373829985,5646.001048266888,False,0
6502019,1512.374190773815,1326.4078176962212,False,0
6502021,3834.08608330111,3326.7526458311477,True,0
6504001,78506.98554392741,68729.51181089808,True,33179
6504003,11270.614209245192,9827.033494961448,True,4410
6504005,14405.843419896439,12571.510306601413,True,4700
6504007,29301.183973248582,25499.747916789027,True,14889
6506001,4102.027397709433,3546.445874062134,True,2696
6506003,16067.277321381494,14014.008012398146,True,8047
6506005,10312.109273501905,9018.806239143247,True,5404
6506007,9810.600271121133,8602.584777681506,True,10094
6506009,9672.623120310716,8355.092361298855,True,0
6506011,20526.420738594607,18079.159308526083,True,38845
6506013,8880.025454603136,7705.446908507496,True,0
6506015,39136.980589748826,34389.35202635382,True,5611
6506017,64578.17914564675,56060.27269549179,True,52987
6506019,2379.439934844151,2154.1176753174514,True,0
6506021,3738.2375952787697,3249.0747528485954,True,0
6506023,7393.448960605543,6391.823496338446,True,0
6506025,28016.127212936757,24715.267972418573,True,13613
6506027,6376.530244067777,5593.558231070405,True,0
6506029,18962.42164656939,16494.501504774904,True,9687
6508001,11996.223220482003,10502.037992686033,True,10057
6508003,36013.20022457675,31466.74354566657,True,14069
6508005,3643.784041963285,3168.226134195458,True,0
6508007,19061.411405630643,16674.416263030842,True,9251
6508009,10096.662974896375,9052.831220031716,True,3119
6508011,3105.205195949413,2675.8211472500116,True,1880
6508013,5783.523687571287,4992.535116871819,True,0
6508015,33778.95575160417,29355.447911669035,True,20813
6508017,6272.341085537104,5501.811283852905,True,2938
6510001,11462.742818038445,10065.884235421661,False,9565
6510003,10139.091785867931,8803.731004829286,True,5464
6510005,14139.339538120199,12176.799343958031,True,8674
6510007,6937.59566551866,6073.13921781769,False,0
6510009,2368.9496624805033,2096.8269560793415,False,0
6510011,41508.29661686532,36339.3348007726,True,32198
6510013,7458.9862509665545,6560.094476617989,False,4726
6510015,335250.4400531987,292844.4071625883,False,315632
6510017,9103.104450135026,7966.437989140977,False,8954
6510019,12711.139829704305,11203.045695139794,True,6811
6802001,2357.795705960132,2071.9692247030325,False,0
6802003,18388.04081885144,16072.686060800217,False,0
6802005,35393.39814791363,30967.59522290528,False,15799
6802007,6732.839445231482,5832.831407399382,False,1704
6802009,6021.253712605219,5305.565944162197,False,4087
6802011,105197.74536972679,91773.94271561177,False,101009
6802013,2607.603732248768,2247.214485145174,False,0
6802015,8745.613078780472,7743.235252103303,False,6015
6802017,11615.92274175305,10020.340219950303,False,2417
6802019,28660.615886765532,24989.484884664416,False,4075
6802021,5871.511211990379,5064.5127649521455,False,0
6802023,22805.941657740623,20286.459183915984,False,0
6802025,4741.351043310948,4064.523845060263,False,2222
6802027,4595.704259214923,4005.010107322596,False,2097
6802029,25872.638625365682,22579.763479120564,False,5683
6804001,6606.471981082112,5811.259959246963,False,2157
6804003,6589.781289644539,5714.7962237577885,False,816
6804005,18957.075758608524,16613.029316793196,False,6127
6804007,3699.1493925135583,3265.8742069834843,False,2458
6804009,37420.418580784,32516.776138346642,False,18802
6804011,3145.181178210769,2759.4480918473564,False,0
6804013,37560.49273434514,32790.72302144137,False,16046
6804015,26512.06398392422,23133.684231532272,False,11633
6804017,3597.7280115261674,3209.1931087076664,False,0
6804019,4333.729347873479,3723.677299141884,False,0
6804021,34098.192732205614,29366.747961080633,False,18868
6804023,18105.498562430963,15568.265099934302,False,11157
6804025,5160.729933062568,4826.943251423072,False,0
6804027,9056.191030765884,8136.414716960164,False,1339
6804029,2756.0191765944473,2341.8193073063157,False,0
6804031,4037.753938280046,3506.3356486107223,False,1477
6804033,8314.864077084232,7511.124592574779,False,0
6804035,7691.078688013367,6687.193438928109,False,2352
6804037,3455.281435949728,2980.506521759089,False,0
6804039,54836.57913666079,47898.715850743465,False,34571
6804041,4937.227726405021,4358.854513957631,False,0
6804043,19687.491408718284,17187.368300223257,False,5311
6804045,25968.977247474715,22683.790499447845,False,7993
6804047,288809.30030460097,251931.19167275704,False,271263
6804049,6092.655367671512,5455.160176162608,False,971
6804051,5443.15873529017,5069.642831537873,False,0
6804053,21413.16804246418,18648.672750964295,False,8196
6806001,6319.263573491946,5408.890166802332,False,0
6806003,20453.618709664792,17894.560240780003,False,5244
6806005,5998.841463886201,5213.583536904305,False,0
6806007,7416.756769844331,6426.228884163313,False,3454
6806009,33505.88613477629,29205.952945958823,False,16515
6806011,5908.41184259858,5257.874085073359,False,0
6806013,5577.616444654763,4736.376191381365,False,0
6806015,3665.7893804926425,3154.838618753478,False,0
6806017,33280.11205481645,29273.341655643657,False,36661
6806019,5796.105900699273,5003.214660347439,False,0
6806021,34611.637866835576,30198.44695076486,False,23970
6806023,7702.924321770202,6754.497139104642,False,7120
6806025,3841.640355657786,3452.9535373449326,False,0
6806027,39729.79562216252,34705.82059617899,False,35444
6806029,13125.16667234525,11347.251039087772,False,0
6806031,8865.492472974584,7651.710587689653,False,0
6806033,44509.23295176029,39204.09343366325,False,41599
6806035,5406.258017375134,4689.046994185075,False,1873
7102001,3032.778191041667,2585.483501261566,False,0
7102003,18602.407395654358,16174.494496659376,False,18983
7102005,3852.5125027755275,3301.972146680113,False,0
7102007,6430.4963018097915,5587.836225906387,False,2956
7102009,3891.91965736961,3457.695065054111,False,0
7102011,8322.983896174468,7240.66558961384,False,3893
7102013,38284.32234799629,33030.04465225665,False,16830
7102015,8531.186489580665,7395.274641586468,False,5513
7102017,1499.3339252034202,1264.0284261349589,False,0
7102019,15125.695655479096,13218.877105979249,False,7737
7102021,2580.9437205861323,2165.237410943955,False,0
7102023,2705.3393535939977,2312.224219068885,False,0
7102025,4283.036053896416,3723.2959089400247,False,650
7102027,5396.10048678983,4729.779200237244,False,3350
7102029,32932.47469252534,28575.893374438398,False,13318
7102031,1804.932415238116,1614.7970511838794,False,0
7102033,36979.275262265,32312.521708360873,False,21076
7104001,3568.2273510983214,3127.1661309972405,False,0
7104003,3874.899049196858,3427.013112369459,False,0
7104005,5907.653674477711,5099.306582056684,False,0
7104007,16630.623065663036,14536.148978184443,False,6358
7104009,44862.33586492855,38716.834587699734,False,27818
7104011,2557.5127435382456,2293.672387690749,False,0
7104013,17011.635759245604,14563.99037102051,False,0
7104015,8253.312548348214,7216.785627093166,False,0
7104017,5114.666693082545,4455.109347541351,False,0
7104019,23265.319398419466,20439.891909710597,False,7162
7104021,11114.77643693192,9538.54255102761,False,2709
7106001,4742.1105684209615,4115.405268419534,False,2626
7106003,2730.3973956052214,2345.0728634181432,False,0
7106005,3810.15539008379,3310.86524003651,False,1778
7106007,7495.149563983083,6543.377184983343,False,1201
7106009,32401.227164302487,28176.0914314189,False,13615
7106011,4047.1816536132246,3407.8426526249386,False,0
7106013,6351.031005669385,5575.040220138617,False,0
7106015,19978.400155661628,17418.812191764824,False,7634
7106017,35277.61130992463,30648.92915660469,False,15735
7106019,12771.76315886993,11536.088623635005,False,413
7106021,92808.25246061664,80094.58447530214,False,83142
7106023,34111.37758853007,29654.58981509134,False,14041
7108001,4750.05515832128,4365.5628689609,False,0
7108003,3396.992193835322,2928.9273073580116,False,0
7108005,8125.699188923929,7054.601052777376,False,780
7108007,3353.5171764155384,3203.672904368257,False,0
7108009,4894.224205311388,4330.422732965788,False,0
7108011,26987.610868592747,23387.22804918606,False,14766
7108013,22620.075946991798,19584.770618977025,False,11501
7108015,34724.13604220003,29789.19844658533,False,23742
7108017,26363.370344337076,22867.9462840138,False,17763
7108019,4058.794272427447,3598.27251812513,False,0
7108021,2723.7185939346673,2499.0052634841995,False,0
7108023,2477.9409395456314,2128.7876090332866,False,0
7108025,4376.194465229288,3827.484844450839,False,0
7108027,4792.065515879076,4178.162829938112,False,4158
7108029,8502.808686719509,7483.6254765645135,False,4629
7108031,6243.463130369782,5403.102175914915,False,0
7108033,4151.09446867276,3576.3553596539423,False,0
7108035,13182.012268900406,11602.781266508624,False,7780
7108037,3618.8516406440176,3099.858738576295,False,0
7108039,82208.1455417457,71207.33262139815,False,67534
7108041,2977.8085284957197,2632.994768463075,False,0
7108043,4551.257627734449,4216.896901316242,False,0
7108045,3165.8423457471654,2794.2581269980874,False,0
7108047,16423.63224465726,14414.032405745937,False,9333
7108049,282729.42684969865,244941.89340214198,False,276360
7108051,21168.94846992474,18379.08190003317,False,8664
7302001,3858.0960475979373,3488.233612695709,False,8284
7302003,13310.857172633521,11900.436303449795,False,19149
7302005,5076.215419810265,4549.379722187296,False,9953
7302007,7390.173619107343,6586.319042287767,False,12763
7302009,14602.61881022714,13019.223167356104,False,18614
7302011,3436.8817443698645,3058.945947015658,False,3890
7302013,9650.31935891509,8621.843554396182,False,11126
7302015,2410.6282793441787,2180.886724584736,False,5764
7302017,3962.297949716449,3627.2316493578255,False,5261
7304001,4234.102469175123,3775.660271243658,False,5643
7304003,34106.19053870253,30628.498562625144,False,37643
7304005,18602.61273902189,16835.80041348003,False,17821
7304007,5739.62065638788,5034.3444193042815,False,8521
7304009,9000.87467805855,8025.346541332081,False,13824
7304011,14041.618001885246,12736.294685156085,False,14003
7304013,7433.743051498197,6539.015791408718,False,10590
7304015,4314.730628377758,3894.037714502774,False,7870
7304017,44914.86555157881,40373.68745661806,False,42003
7304019,17087.072672835086,14798.858966263942,False,20141
7306001,8572.306370932143,7723.309038830921,False,7702
7306003,15079.630387838464,13667.369191335514,False,18489
7306005,21813.466082599014,19407.713557262905,False,8414
7306007,7274.163246423937,6437.516828063875,False,9388
7306009,4807.083736671135,4249.922137641348,False,7025
7306011,7130.036937581841,6412.468658433761,False,6837
7306013,14856.473026763648,13199.644313121215,False,17112
7306015,15372.421318188775,13832.92215474369,False,33459
7306017,5531.9601613162085,5000.186459358316,False,5645
7306019,13406.126545920037,11943.89763877634,False,9898
7306021,8054.397128944751,7326.081373399589,False,9361
7306023,7587.886570679955,6785.892702935729,False,10511
7306025,11532.691006653942,10543.958502856083,False,9634
7306027,2092.03296433622,1861.0891777793877,False,5038
7306029,22099.142510687932,19744.69757364504,False,22098
7306031,3843.9073323672637,3369.2286135358736,False,4609
7306033,6620.497292603366,5855.937522982247,False,11224
7306035,12293.321250325069,11194.275401689112,False,17469
7306037,27456.47209351696,24632.66925126128,False,20813
7306039,6539.8342006588355,5922.382712160703,False,7804
7306041,31502.133245044854,27931.322901812382,False,32017
7306043,13886.978449932765,12525.262097180355,False,13473
7306045,4823.378388513811,4438.625264028087,False,5487
7306047,5316.691616950557,4770.974952896126,False,6256
7306049,37834.39409033209,33694.81865660567,False,41496
7306051,4205.535441843327,3800.3171613556333,False,7057
7306053,4914.610938997474,4422.121848343406,False,7542
7306055,5029.603979058564,4585.4894920401275,False,4670
7306057,11406.618629323784,10383.5154725248,False,13787
7306059,16626.7850994654,14737.159768530633,False,14366
7306061,274620.3373041465,246104.09459027415,False,272139
7306063,9720.634233904071,8934.40651298128,False,14142
7306065,7490.501916952897,6755.293077510316,False,12973
7402001,22437.481358611025,19091.75213074591,False,14215
7402003,26369.254240143113,22504.53918388672,False,11096
7402005,22462.650569805875,19133.804220086895,False,10825
7402007,15169.084227380343,12865.548508943757,False,7825
7402009,3362.3387108473107,2901.6511923484504,False,3146
7404001,6624.856159254909,5584.421109259129,False,2458
7404003,32390.154786707833,27704.16391135007,False,17192
7404005,26142.751649951562,22236.186114188284,False,15074
7404007,18058.965014647692,15394.69705318939,False,9632
7404009,5830.003484665416,5198.502854026854,False,0
7404011,4437.988171895035,3802.5126005513594,False,0
7404013,2859.0639488929883,2413.5694070425816,False,0
7404015,3650.794908680953,3053.3360161092132,False,0
7404017,3135.3117749281228,2633.693870623596,False,1409
7404019,5893.466772746295,5086.079432187369,False,0
7404021,3652.1413867371157,3190.7626752313226,False,0
7404023,5100.9446384981275,4326.108812383376,False,0
7404025,77626.40802615043,65943.5003221007,False,76062
7404027,5151.2569065587595,4437.866852331907,False,0
7404029,18840.838753468357,15984.700648711063,False,13120
7404031,2254.0691040307283,1935.3840587837622,False,0
7404033,3873.588135546539,3293.469951512292,False,5054
7406001,17488.752796161454,14857.956862388412,False,5071
7406003,24420.87130374182,20791.98119471455,False,14400
7406005,7833.347499461845,6739.466822444461,False,2012
7406007,16592.442148775794,14135.973171496764,False,7952
7408001,16684.886094009038,14236.681431679055,False,10589
7408003,25169.2892485247,21374.04894361575,False,11378
7408005,2997.211007441394,2572.9487658068538,False,6719
7408007,2176.7585732862353,1827.1207975270227,False,0
7408009,2557.123440731317,2180.7230830648914,False,0
7408011,4807.152412990108,4160.963635607623,False,2262
7408013,70716.01969516836,60096.02869485691,False,62823
7408015,10385.077799951192,8847.916911222972,False,4823
7408017,6680.899872134905,5873.779409076087,False,4050
7408019,12250.960616505705,10442.49636526592,False,0
7408021,1104.4039256116375,949.6860594432801,False,0
7410001,8211.861394849606,6964.013573964126,False,5172
7410003,3305.8804563414305,2799.3777032140642,False,0
7410005,23115.744619255885,19681.933756715152,False,11710
7410007,12479.981912977062,10568.167545157485,False,6906
7410009,3037.72977085039,2619.1311664101668,False,4048
7410011,4791.701947574504,4083.93812805973,False,0
7410013,8417.833806989249,7443.825148857199,False,0
7410015,6690.604787843302,6171.2890071114525,False,0
7410017,5054.576011843048,4277.537908969447,False,0
7410019,15888.780838264152,13630.54254859779,False,7646
7410021,15048.33337667305,12838.536421778612,False,5739
7410023,17883.662221702747,15622.376528822817,False,1939
7410025,7946.21890464006,6781.252969209105,False,0
7410027,13387.901030592155,11782.368264148477,False,0
7410029,1866.03529504966,1605.6068744836375,False,1819
7410031,10277.016863471828,8727.321097966284,False,5655
7410033,8144.164191575721,6946.154593597166,False,7708
7410035,2168.867080816999,1862.4348549908027,False,1063
7410037,3355.0642264946364,2870.7381859296,False,0
7410039,273839.6066179797,232585.25544400653,False,307684
8000000,2839438.9875374525,2586567.0398213714,False,2797553
8500000,358618.36595401727,320999.2668743972,True,416899
