quality_set,part,variable,group,n,n_valid,share_above_oblast_median,median
composite,condition,cand_per_seat_rel_2020,held_up,181,179,0.5251396648044693,1.04
composite,condition,cand_per_seat_rel_2020,faltered,181,180,0.4666666666666667,0.988
composite,condition,cand_per_seat_rel_2020,middle,731,725,0.4868965517241379,0.99
composite,condition,capex_share_2021,held_up,181,181,0.5911602209944752,0.10024
composite,condition,capex_share_2021,faltered,181,181,0.4530386740331492,0.082105
composite,condition,capex_share_2021,middle,731,731,0.4801641586867305,0.087919
composite,condition,culture_arts_pc_2021,held_up,181,181,0.5580110497237569,380.828368
composite,condition,culture_arts_pc_2021,faltered,181,181,0.4972375690607735,358.493381
composite,condition,culture_arts_pc_2021,middle,731,731,0.4774281805745554,379.094146
composite,condition,education_pc_2021,held_up,181,181,0.5359116022099447,6720.870523
composite,condition,education_pc_2021,faltered,181,181,0.4530386740331492,6360.917018
composite,condition,education_pc_2021,middle,731,731,0.493844049247606,6394.491011
composite,condition,extracurricular_pc_2021,held_up,181,181,0.425414364640884,172.98227
composite,condition,extracurricular_pc_2021,faltered,181,181,0.5248618784530387,256.342801
composite,condition,extracurricular_pc_2021,middle,731,731,0.5034199726402189,210.654634
composite,condition,pdfo_civ_pc_2021,held_up,181,181,0.5303867403314917,2910.172668
composite,condition,pdfo_civ_pc_2021,faltered,181,181,0.5027624309392266,2642.804427
composite,condition,pdfo_civ_pc_2021,middle,731,731,0.4829001367989056,2852.473074
composite,condition,property_tax_pc_2021,held_up,181,181,0.5303867403314917,976.985429
composite,condition,property_tax_pc_2021,faltered,181,181,0.4143646408839779,751.979245
composite,condition,property_tax_pc_2021,middle,731,731,0.5047879616963065,923.573538
composite,condition,single_tax_pc_2021,held_up,181,181,0.5414364640883977,961.015636
composite,condition,single_tax_pc_2021,faltered,181,181,0.44751381215469616,769.192616
composite,condition,single_tax_pc_2021,middle,731,731,0.493844049247606,865.070232
composite,condition,social_pc_2021,held_up,181,181,0.5193370165745856,318.943204
composite,condition,social_pc_2021,faltered,181,181,0.430939226519337,263.721004
composite,condition,social_pc_2021,middle,731,731,0.5034199726402189,330.713952
composite,condition,transfer_dep_civ_2021,held_up,181,181,0.4419889502762431,0.447397
composite,condition,transfer_dep_civ_2021,faltered,181,181,0.4861878453038674,0.468167
composite,condition,transfer_dep_civ_2021,middle,731,731,0.5088919288645691,0.455519
composite,condition,class_size_2021,held_up,181,177,0.4406779661016949,14.27
composite,condition,class_size_2021,faltered,181,179,0.4692737430167598,14.25
composite,condition,class_size_2021,middle,731,726,0.509641873278237,14.425
composite,condition,pupils_per1000_2021,held_up,181,94,0.5212765957446809,124.34
composite,condition,pupils_per1000_2021,faltered,181,117,0.49572649572649574,117.05
composite,condition,pupils_per1000_2021,middle,731,385,0.4753246753246753,116.24
composite,condition,pop_ghs_2020,held_up,181,181,0.47513812154696133,10498.018814698327
composite,condition,pop_ghs_2020,faltered,181,181,0.5082872928176796,9650.31935891509
composite,condition,pop_ghs_2020,middle,731,731,0.4952120383036936,10057.886041315272
composite,condition,imbalance_2021,held_up,181,181,0.430939226519337,0.3916590298732027
composite,condition,imbalance_2021,faltered,181,181,0.5138121546961326,0.4382044724271269
composite,condition,imbalance_2021,middle,731,731,0.5047879616963065,0.4090169971290958
composite,condition,lean_cult_2021,held_up,181,181,0.425414364640884,-0.05436693096246134
composite,condition,lean_cult_2021,faltered,181,181,0.5469613259668509,0.06047563216515556
composite,condition,lean_cult_2021,middle,731,731,0.49794801641586867,-0.0506780254774147
composite,condition,lean_econ_rights_2021,held_up,181,181,0.5359116022099447,0.08081268788367461
composite,condition,lean_econ_rights_2021,faltered,181,181,0.48066298342541436,0.003403196220579068
composite,condition,lean_econ_rights_2021,middle,731,731,0.48700410396716826,0.056278800414412494
composite,consequence,capex_share_2325,held_up,181,181,0.5966850828729282,0.125569
composite,consequence,capex_share_2325,faltered,181,181,0.3425414364640884,0.08888
composite,consequence,capex_share_2325,middle,731,731,0.506155950752394,0.111755
composite,consequence,culture_arts_pc_2025,held_up,181,181,0.6906077348066298,620.586356
composite,consequence,culture_arts_pc_2025,faltered,181,181,0.3314917127071823,418.579072
composite,consequence,culture_arts_pc_2025,middle,731,731,0.4856361149110807,519.827737
composite,consequence,dream_per10k,held_up,181,181,0.574585635359116,2.835545
composite,consequence,dream_per10k,faltered,181,181,0.43646408839779005,1.938402
composite,consequence,dream_per10k,middle,731,731,0.4883720930232558,2.335581
composite,consequence,education_pc_2025,held_up,181,181,0.6353591160220995,10495.238926
composite,consequence,education_pc_2025,faltered,181,181,0.34806629834254144,8324.352701
composite,consequence,education_pc_2025,middle,731,731,0.4952120383036936,8907.31334
composite,consequence,extracurricular_pc_2025,held_up,181,181,0.5138121546961326,306.039773
composite,consequence,extracurricular_pc_2025,faltered,181,181,0.4585635359116022,280.364529
composite,consequence,extracurricular_pc_2025,middle,731,731,0.49794801641586867,276.008731
composite,consequence,pdfo_civ_growth_rel_2125,held_up,181,181,0.8121546961325967,1.171302
composite,consequence,pdfo_civ_growth_rel_2125,faltered,181,181,0.20994475138121546,0.946247
composite,consequence,pdfo_civ_growth_rel_2125,middle,731,731,0.4856361149110807,1.018871
composite,consequence,pdfo_civ_pc_2025,held_up,181,181,0.6795580110497238,6082.539052
composite,consequence,pdfo_civ_pc_2025,faltered,181,181,0.34806629834254144,4139.475898
composite,consequence,pdfo_civ_pc_2025,middle,731,731,0.4842681258549932,4978.744001
composite,consequence,property_tax_pc_2025,held_up,181,181,0.6574585635359116,2122.010262
composite,consequence,property_tax_pc_2025,faltered,181,181,0.3425414364640884,1017.778692
composite,consequence,property_tax_pc_2025,middle,731,731,0.4911080711354309,1536.876729
composite,consequence,schools_per10k_2026,held_up,181,181,0.5193370165745856,6.965
composite,consequence,schools_per10k_2026,faltered,181,181,0.49171270718232046,6.538
composite,consequence,schools_per10k_2026,middle,731,731,0.4883720930232558,6.3
composite,consequence,single_tax_pc_2025,held_up,181,181,0.6077348066298343,1946.960917
composite,consequence,single_tax_pc_2025,faltered,181,181,0.3314917127071823,1368.524879
composite,consequence,single_tax_pc_2025,middle,731,731,0.506155950752394,1666.196462
composite,consequence,social_pc_2025,held_up,181,181,0.6408839779005525,1198.70804
composite,consequence,social_pc_2025,faltered,181,181,0.3812154696132597,781.690328
composite,consequence,social_pc_2025,middle,731,731,0.4856361149110807,976.281712
composite,consequence,transfer_dep_civ_2025,held_up,181,181,0.36464088397790057,0.299839
composite,consequence,transfer_dep_civ_2025,faltered,181,181,0.6022099447513812,0.400134
composite,consequence,transfer_dep_civ_2025,middle,731,731,0.4993160054719562,0.350465
composite,consequence,schools_suspended_2026,held_up,181,181,0.22099447513812154,0.0
composite,consequence,schools_suspended_2026,faltered,181,181,0.3370165745856354,0.0
composite,consequence,schools_suspended_2026,middle,731,731,0.2448700410396717,0.0
composite,consequence,rural_school_share,held_up,181,181,0.5580110497237569,0.8888888888888888
composite,consequence,rural_school_share,faltered,181,181,0.3867403314917127,0.8095238095238095
composite,consequence,rural_school_share,middle,731,731,0.426812585499316,0.8181818181818182
composite,consequence,pop_change,held_up,181,181,0.6464088397790055,-0.11498482834906797
composite,consequence,pop_change,faltered,181,181,0.4585635359116022,-0.12032677697033468
composite,consequence,pop_change,middle,731,731,0.46511627906976744,-0.12379699538234405
composite,consequence,imbalance_2025,held_up,181,181,0.39779005524861877,0.28214475384912285
composite,consequence,imbalance_2025,faltered,181,181,0.56353591160221,0.37957432398708085
composite,consequence,imbalance_2025,middle,731,731,0.5006839945280438,0.3259945075505919
composite,consequence,lean_cult_2025,held_up,181,181,0.39779005524861877,-0.0637053508713879
composite,consequence,lean_cult_2025,faltered,181,181,0.574585635359116,0.05844806184155631
composite,consequence,lean_cult_2025,middle,731,731,0.49794801641586867,-0.026631321191261634
composite,consequence,lean_econ_rights_2025,held_up,181,181,0.569060773480663,0.08998432517781106
composite,consequence,lean_econ_rights_2025,faltered,181,181,0.3867403314917127,0.001888942700996169
composite,consequence,lean_econ_rights_2025,middle,731,731,0.5020519835841313,0.0606473760079925
composite,consequence,exp,held_up,181,181,0.16022099447513813,0.0
composite,consequence,exp,faltered,181,181,0.11602209944751381,0.0
composite,consequence,exp,middle,731,731,0.17236662106703146,0.0
composite,consequence,exp_alert,held_up,181,181,0.34806629834254144,365.5
composite,consequence,exp_alert,faltered,181,181,0.3867403314917127,225.6
composite,consequence,exp_alert,middle,731,731,0.34062927496580025,564.5
composite,present,decl_per1000_pop2020,held_up,181,172,0.5174418604651163,854.0946808872868
composite,present,decl_per1000_pop2020,faltered,181,180,0.4777777777777778,832.2267885293356
composite,present,decl_per1000_pop2020,middle,731,714,0.49019607843137253,836.3177052813746
composite,present,decl_share_65plus,held_up,181,171,0.5087719298245614,0.2069500611304429
composite,present,decl_share_65plus,faltered,181,179,0.4972067039106145,0.2094537370315477
composite,present,decl_share_65plus,middle,731,711,0.4880450070323488,0.2124659044744936
composite,present,decl_share_0_17,held_up,181,172,0.5058139534883721,0.18338996746968514
composite,present,decl_share_0_17,faltered,181,177,0.4576271186440678,0.1836398270935599
composite,present,decl_share_0_17,middle,731,708,0.4985875706214689,0.179624665372559
composite,structure,is_city,held_up,181,181,,0.20441988950276244
composite,structure,is_city,faltered,181,181,,0.26519337016574585
composite,structure,is_city,middle,731,731,,0.265389876880985
composite,structure,is_settlement,held_up,181,181,,0.20441988950276244
composite,structure,is_settlement,faltered,181,181,,0.3314917127071823
composite,structure,is_settlement,middle,731,731,,0.2872777017783858
composite,structure,is_village,held_up,181,181,,0.574585635359116
composite,structure,is_village,faltered,181,181,,0.3701657458563536
composite,structure,is_village,middle,731,731,,0.42954856361149113
composite,structure,carp,held_up,181,181,,0.2983425414364641
composite,structure,carp,faltered,181,181,,0.30386740331491713
composite,structure,carp,middle,731,731,,0.19425444596443228
composite,structure,light_reliable,held_up,181,181,,0.6353591160220995
composite,structure,light_reliable,faltered,181,181,,0.4972375690607735
composite,structure,light_reliable,middle,731,731,,0.45964432284541723
func,condition,cand_per_seat_rel_2020,held_up,188,187,0.5561497326203209,1.049
func,condition,cand_per_seat_rel_2020,faltered,179,177,0.5536723163841808,1.05
func,condition,cand_per_seat_rel_2020,middle,167,165,0.5515151515151515,1.081
func,condition,capex_share_2021,held_up,188,188,0.5957446808510638,0.107883
func,condition,capex_share_2021,faltered,179,179,0.5251396648044693,0.105797
func,condition,capex_share_2021,middle,167,167,0.5748502994011976,0.099644
func,condition,culture_arts_pc_2021,held_up,188,188,0.44148936170212766,351.142757
func,condition,culture_arts_pc_2021,faltered,179,179,0.4245810055865922,375.474006
func,condition,culture_arts_pc_2021,middle,167,167,0.4251497005988024,326.203716
func,condition,education_pc_2021,held_up,188,188,0.3617021276595745,5911.8757425
func,condition,education_pc_2021,faltered,179,179,0.3854748603351955,5947.262884
func,condition,education_pc_2021,middle,167,167,0.3712574850299401,5777.560821
func,condition,extracurricular_pc_2021,held_up,188,188,0.601063829787234,244.729645
func,condition,extracurricular_pc_2021,faltered,179,179,0.5977653631284916,265.982975
func,condition,extracurricular_pc_2021,middle,167,167,0.5988023952095808,261.527751
func,condition,pdfo_civ_pc_2021,held_up,188,188,0.48404255319148937,3040.0802215
func,condition,pdfo_civ_pc_2021,faltered,179,179,0.5139664804469274,2994.003411
func,condition,pdfo_civ_pc_2021,middle,167,167,0.5149700598802395,2825.121444
func,condition,property_tax_pc_2021,held_up,188,188,0.425531914893617,905.324672
func,condition,property_tax_pc_2021,faltered,179,179,0.4692737430167598,862.526371
func,condition,property_tax_pc_2021,middle,167,167,0.49700598802395207,849.892299
func,condition,single_tax_pc_2021,held_up,188,188,0.4521276595744681,894.9103835000001
func,condition,single_tax_pc_2021,faltered,179,179,0.5251396648044693,896.609648
func,condition,single_tax_pc_2021,middle,167,167,0.4550898203592814,846.734727
func,condition,social_pc_2021,held_up,188,188,0.5585106382978723,342.266081
func,condition,social_pc_2021,faltered,179,179,0.5083798882681564,330.786565
func,condition,social_pc_2021,middle,167,167,0.48502994011976047,315.562769
func,condition,transfer_dep_civ_2021,held_up,188,188,0.3617021276595745,0.404929
func,condition,transfer_dep_civ_2021,faltered,179,179,0.40782122905027934,0.408834
func,condition,transfer_dep_civ_2021,middle,167,167,0.3473053892215569,0.400645
func,condition,class_size_2021,held_up,188,184,0.5543478260869565,15.695
func,condition,class_size_2021,faltered,179,178,0.6741573033707865,16.66
func,condition,class_size_2021,middle,167,166,0.6445783132530121,16.560000000000002
func,condition,pupils_per1000_2021,held_up,188,90,0.4444444444444444,115.62
func,condition,pupils_per1000_2021,faltered,179,97,0.44329896907216493,117.05
func,condition,pupils_per1000_2021,middle,167,90,0.4777777777777778,117.08
func,condition,pop_ghs_2020,held_up,188,188,0.6542553191489362,15171.359050119994
func,condition,pop_ghs_2020,faltered,179,179,0.6983240223463687,17054.73078125436
func,condition,pop_ghs_2020,middle,167,167,0.6766467065868264,19011.59821062069
func,condition,imbalance_2021,held_up,188,188,0.42021276595744683,0.3558160217583962
func,condition,imbalance_2021,faltered,179,179,0.37988826815642457,0.34292566074513064
func,condition,imbalance_2021,middle,167,167,0.5209580838323353,0.43824828729403764
func,condition,lean_cult_2021,held_up,188,188,0.4095744680851064,-0.09994799077874561
func,condition,lean_cult_2021,faltered,179,179,0.45251396648044695,-0.09231171007936032
func,condition,lean_cult_2021,middle,167,167,0.4251497005988024,-0.10377815198700975
func,condition,lean_econ_rights_2021,held_up,188,188,0.3776595744680851,0.0006699519590470844
func,condition,lean_econ_rights_2021,faltered,179,179,0.4581005586592179,0.0008709976237690121
func,condition,lean_econ_rights_2021,middle,167,167,0.41317365269461076,-0.004294944174751522
func,consequence,capex_share_2325,held_up,188,188,0.6382978723404256,0.1421425
func,consequence,capex_share_2325,faltered,179,179,0.5921787709497207,0.122091
func,consequence,capex_share_2325,middle,167,167,0.5988023952095808,0.124818
func,consequence,culture_arts_pc_2025,held_up,188,188,0.4946808510638298,502.454825
func,consequence,culture_arts_pc_2025,faltered,179,179,0.43575418994413406,509.873727
func,consequence,culture_arts_pc_2025,middle,167,167,0.4311377245508982,459.382081
func,consequence,dream_per10k,held_up,188,188,0.574468085106383,2.833416
func,consequence,dream_per10k,faltered,179,179,0.5083798882681564,2.890192
func,consequence,dream_per10k,middle,167,167,0.47904191616766467,1.956644
func,consequence,education_pc_2025,held_up,188,188,0.4574468085106383,8836.7890535
func,consequence,education_pc_2025,faltered,179,179,0.40782122905027934,8445.028065
func,consequence,education_pc_2025,middle,167,167,0.40718562874251496,8287.014147
func,consequence,extracurricular_pc_2025,held_up,188,188,0.601063829787234,345.0852635
func,consequence,extracurricular_pc_2025,faltered,179,179,0.5977653631284916,345.298501
func,consequence,extracurricular_pc_2025,middle,167,167,0.5868263473053892,338.960924
func,consequence,pdfo_civ_growth_rel_2125,held_up,188,188,0.5904255319148937,1.0760665
func,consequence,pdfo_civ_growth_rel_2125,faltered,179,179,0.39664804469273746,0.987956
func,consequence,pdfo_civ_growth_rel_2125,middle,167,167,0.48502994011976047,1.020879
func,consequence,pdfo_civ_pc_2025,held_up,188,188,0.5053191489361702,5538.8776875
func,consequence,pdfo_civ_pc_2025,faltered,179,179,0.4692737430167598,4985.340732
func,consequence,pdfo_civ_pc_2025,middle,167,167,0.5149700598802395,5244.458363
func,consequence,property_tax_pc_2025,held_up,188,188,0.46808510638297873,1489.2856285
func,consequence,property_tax_pc_2025,faltered,179,179,0.4301675977653631,1525.024676
func,consequence,property_tax_pc_2025,middle,167,167,0.5029940119760479,1513.02944
func,consequence,schools_per10k_2026,held_up,188,188,0.31382978723404253,5.348
func,consequence,schools_per10k_2026,faltered,179,179,0.31843575418994413,4.707
func,consequence,schools_per10k_2026,middle,167,167,0.3473053892215569,5.002
func,consequence,single_tax_pc_2025,held_up,188,188,0.44148936170212766,1684.613286
func,consequence,single_tax_pc_2025,faltered,179,179,0.4972067039106145,1612.001223
func,consequence,single_tax_pc_2025,middle,167,167,0.47305389221556887,1584.89627
func,consequence,social_pc_2025,held_up,188,188,0.526595744680851,1105.3979100000001
func,consequence,social_pc_2025,faltered,179,179,0.46368715083798884,963.590608
func,consequence,social_pc_2025,middle,167,167,0.4431137724550898,921.137136
func,consequence,transfer_dep_civ_2025,held_up,188,188,0.3776595744680851,0.295334
func,consequence,transfer_dep_civ_2025,faltered,179,179,0.40782122905027934,0.305708
func,consequence,transfer_dep_civ_2025,middle,167,167,0.3532934131736527,0.299237
func,consequence,schools_suspended_2026,held_up,188,188,0.22872340425531915,0.0
func,consequence,schools_suspended_2026,faltered,179,179,0.22346368715083798,0.0
func,consequence,schools_suspended_2026,middle,167,167,0.32335329341317365,0.0
func,consequence,rural_school_share,held_up,188,188,0.3617021276595745,0.7777777777777778
func,consequence,rural_school_share,faltered,179,179,0.27932960893854747,0.7142857142857143
func,consequence,rural_school_share,middle,167,167,0.3772455089820359,0.7777777777777778
func,consequence,pop_change,held_up,188,188,0.5425531914893617,-0.1197017915025409
func,consequence,pop_change,faltered,179,179,0.441340782122905,-0.1234003513402991
func,consequence,pop_change,middle,167,167,0.5449101796407185,-0.11842824940566235
func,consequence,imbalance_2025,held_up,188,188,0.4095744680851064,0.2665868667324267
func,consequence,imbalance_2025,faltered,179,179,0.4301675977653631,0.2897362941916643
func,consequence,imbalance_2025,middle,167,167,0.49700598802395207,0.34456731728891493
func,consequence,lean_cult_2025,held_up,188,188,0.3617021276595745,-0.11752514598601407
func,consequence,lean_cult_2025,faltered,179,179,0.4301675977653631,-0.07593871918098752
func,consequence,lean_cult_2025,middle,167,167,0.3413173652694611,-0.10368230925819698
func,consequence,lean_econ_rights_2025,held_up,188,188,0.3617021276595745,0.009103613587076943
func,consequence,lean_econ_rights_2025,faltered,179,179,0.35195530726256985,-0.024279905884020483
func,consequence,lean_econ_rights_2025,middle,167,167,0.39520958083832336,0.008474978250547327
func,consequence,exp,held_up,188,188,0.24468085106382978,0.0
func,consequence,exp,faltered,179,179,0.26256983240223464,0.0
func,consequence,exp,middle,167,167,0.25748502994011974,0.0
func,consequence,exp_alert,held_up,188,188,0.35106382978723405,720.6
func,consequence,exp_alert,faltered,179,179,0.45251396648044695,725.0
func,consequence,exp_alert,middle,167,167,0.3532934131736527,413.6
func,present,decl_per1000_pop2020,held_up,188,184,0.5108695652173914,847.9678540754882
func,present,decl_per1000_pop2020,faltered,179,179,0.5307262569832403,849.9868336575211
func,present,decl_per1000_pop2020,middle,167,164,0.5487804878048781,844.113802661619
func,present,decl_share_65plus,held_up,188,184,0.4782608695652174,0.21083424145425456
func,present,decl_share_65plus,faltered,179,179,0.3687150837988827,0.2036397042740277
func,present,decl_share_65plus,middle,167,163,0.3374233128834356,0.2028504072010287
func,present,decl_share_0_17,held_up,188,184,0.4945652173913043,0.18080006885709093
func,present,decl_share_0_17,faltered,179,179,0.6536312849162011,0.1841865237715197
func,present,decl_share_0_17,middle,167,164,0.5914634146341463,0.1858159456623919
func,structure,is_city,held_up,188,188,,0.3723404255319149
func,structure,is_city,faltered,179,179,,0.4301675977653631
func,structure,is_city,middle,167,167,,0.3413173652694611
func,structure,is_settlement,held_up,188,188,,0.2393617021276596
func,structure,is_settlement,faltered,179,179,,0.31843575418994413
func,structure,is_settlement,middle,167,167,,0.2874251497005988
func,structure,is_village,held_up,188,188,,0.3670212765957447
func,structure,is_village,faltered,179,179,,0.2011173184357542
func,structure,is_village,middle,167,167,,0.3592814371257485
func,structure,carp,held_up,188,188,,0.22872340425531915
func,structure,carp,faltered,179,179,,0.2569832402234637
func,structure,carp,middle,167,167,,0.2634730538922156
func,structure,light_reliable,held_up,188,188,,1.0
func,structure,light_reliable,faltered,179,179,,1.0
func,structure,light_reliable,middle,167,167,,1.0
fisc,condition,cand_per_seat_rel_2020,held_up,174,172,0.5523255813953488,1.053
fisc,condition,cand_per_seat_rel_2020,faltered,161,161,0.4782608695652174,0.99
fisc,condition,cand_per_seat_rel_2020,middle,758,751,0.4780292942743009,0.992
fisc,condition,capex_share_2021,held_up,174,174,0.603448275862069,0.1030585
fisc,condition,capex_share_2021,faltered,161,161,0.4720496894409938,0.084375
fisc,condition,capex_share_2021,middle,758,758,0.4736147757255937,0.08593049999999999
fisc,condition,culture_arts_pc_2021,held_up,174,174,0.5057471264367817,368.098666
fisc,condition,culture_arts_pc_2021,faltered,161,161,0.4782608695652174,338.297917
fisc,condition,culture_arts_pc_2021,middle,758,758,0.4947229551451187,385.1622985
fisc,condition,education_pc_2021,held_up,174,174,0.5057471264367817,6583.505086
fisc,condition,education_pc_2021,faltered,161,161,0.40993788819875776,6015.08022
fisc,condition,education_pc_2021,middle,758,758,0.5092348284960422,6506.399524
fisc,condition,extracurricular_pc_2021,held_up,174,174,0.4425287356321839,203.10153400000002
fisc,condition,extracurricular_pc_2021,faltered,161,161,0.546583850931677,260.93073
fisc,condition,extracurricular_pc_2021,middle,758,758,0.4947229551451187,208.186132
fisc,condition,pdfo_civ_pc_2021,held_up,174,174,0.5229885057471264,2961.078711
fisc,condition,pdfo_civ_pc_2021,faltered,161,161,0.45962732919254656,2588.88732
fisc,condition,pdfo_civ_pc_2021,middle,758,758,0.4947229551451187,2859.472202
fisc,condition,property_tax_pc_2021,held_up,174,174,0.5632183908045977,962.1198059999999
fisc,condition,property_tax_pc_2021,faltered,161,161,0.39751552795031053,703.38305
fisc,condition,property_tax_pc_2021,middle,758,758,0.49868073878627966,938.4435435
fisc,condition,single_tax_pc_2021,held_up,174,174,0.5689655172413793,983.6079005
fisc,condition,single_tax_pc_2021,faltered,161,161,0.37888198757763975,714.515809
fisc,condition,single_tax_pc_2021,middle,758,758,0.5013192612137203,860.6158539999999
fisc,condition,social_pc_2021,held_up,174,174,0.4885057471264368,310.8464375
fisc,condition,social_pc_2021,faltered,161,161,0.4409937888198758,267.05373
fisc,condition,social_pc_2021,middle,758,758,0.5065963060686016,328.0963335
fisc,condition,transfer_dep_civ_2021,held_up,174,174,0.4482758620689655,0.440354
fisc,condition,transfer_dep_civ_2021,faltered,161,161,0.4720496894409938,0.474073
fisc,condition,transfer_dep_civ_2021,middle,758,758,0.5092348284960422,0.4542095
fisc,condition,class_size_2021,held_up,174,173,0.49710982658959535,14.84
fisc,condition,class_size_2021,faltered,161,159,0.49056603773584906,14.39
fisc,condition,class_size_2021,middle,758,750,0.49066666666666664,14.26
fisc,condition,pupils_per1000_2021,held_up,174,95,0.5368421052631579,124.85
fisc,condition,pupils_per1000_2021,faltered,161,110,0.4636363636363636,116.11500000000001
fisc,condition,pupils_per1000_2021,middle,758,391,0.48081841432225064,116.75
fisc,condition,pop_ghs_2020,held_up,174,174,0.5,11182.0183669494
fisc,condition,pop_ghs_2020,faltered,161,161,0.4968944099378882,9823.499650114682
fisc,condition,pop_ghs_2020,middle,758,758,0.4920844327176781,9862.61854907195
fisc,condition,imbalance_2021,held_up,174,174,0.4482758620689655,0.39501612771579847
fisc,condition,imbalance_2021,faltered,161,161,0.5217391304347826,0.4348613436802547
fisc,condition,imbalance_2021,middle,758,758,0.49868073878627966,0.40773405678077423
fisc,condition,lean_cult_2021,held_up,174,174,0.39080459770114945,-0.10176746046465457
fisc,condition,lean_cult_2021,faltered,161,161,0.5217391304347826,0.04099828378627664
fisc,condition,lean_cult_2021,middle,758,758,0.5118733509234829,-0.03468707435275987
fisc,condition,lean_econ_rights_2021,held_up,174,174,0.5574712643678161,0.0806659753959667
fisc,condition,lean_econ_rights_2021,faltered,161,161,0.4161490683229814,-0.06474759916956119
fisc,condition,lean_econ_rights_2021,middle,758,758,0.49604221635883905,0.06546354386273444
fisc,consequence,capex_share_2325,held_up,174,174,0.6379310344827587,0.131188
fisc,consequence,capex_share_2325,faltered,161,161,0.38509316770186336,0.090352
fisc,consequence,capex_share_2325,middle,758,758,0.4841688654353562,0.10880100000000001
fisc,consequence,culture_arts_pc_2025,held_up,174,174,0.6666666666666666,618.4545985
fisc,consequence,culture_arts_pc_2025,faltered,161,161,0.2919254658385093,385.393361
fisc,consequence,culture_arts_pc_2025,middle,758,758,0.4973614775725594,523.521928
fisc,consequence,dream_per10k,held_up,174,174,0.5459770114942529,2.5308275
fisc,consequence,dream_per10k,faltered,161,161,0.43478260869565216,1.897788
fisc,consequence,dream_per10k,middle,758,758,0.4947229551451187,2.4316424999999997
fisc,consequence,education_pc_2025,held_up,174,174,0.6436781609195402,10436.625281
fisc,consequence,education_pc_2025,faltered,161,161,0.2981366459627329,7837.763754
fisc,consequence,education_pc_2025,middle,758,758,0.5013192612137203,9010.6430455
fisc,consequence,extracurricular_pc_2025,held_up,174,174,0.5459770114942529,330.870402
fisc,consequence,extracurricular_pc_2025,faltered,161,161,0.4658385093167702,274.667334
fisc,consequence,extracurricular_pc_2025,middle,758,758,0.48812664907651715,274.003971
fisc,consequence,pdfo_civ_growth_rel_2125,held_up,174,174,0.7988505747126436,1.174094
fisc,consequence,pdfo_civ_growth_rel_2125,faltered,161,161,0.19254658385093168,0.92979
fisc,consequence,pdfo_civ_growth_rel_2125,middle,758,758,0.48812664907651715,1.019685
fisc,consequence,pdfo_civ_pc_2025,held_up,174,174,0.7011494252873564,6239.110484
fisc,consequence,pdfo_civ_pc_2025,faltered,161,161,0.3167701863354037,3993.414254
fisc,consequence,pdfo_civ_pc_2025,middle,758,758,0.4841688654353562,4992.431302
fisc,consequence,property_tax_pc_2025,held_up,174,174,0.6781609195402298,2106.8654155000004
fisc,consequence,property_tax_pc_2025,faltered,161,161,0.2981366459627329,993.833431
fisc,consequence,property_tax_pc_2025,middle,758,758,0.49340369393139843,1558.1342825000002
fisc,consequence,schools_per10k_2026,held_up,174,174,0.5114942528735632,6.6435
fisc,consequence,schools_per10k_2026,faltered,161,161,0.4720496894409938,6.067
fisc,consequence,schools_per10k_2026,middle,758,758,0.4947229551451187,6.4735
fisc,consequence,single_tax_pc_2025,held_up,174,174,0.6551724137931034,1994.4436915
fisc,consequence,single_tax_pc_2025,faltered,161,161,0.2670807453416149,1237.790789
fisc,consequence,single_tax_pc_2025,middle,758,758,0.5052770448548812,1662.2351595
fisc,consequence,social_pc_2025,held_up,174,174,0.6551724137931034,1206.014085
fisc,consequence,social_pc_2025,faltered,161,161,0.38509316770186336,740.624585
fisc,consequence,social_pc_2025,middle,758,758,0.48021108179419525,965.2769835
fisc,consequence,transfer_dep_civ_2025,held_up,174,174,0.3793103448275862,0.292586
fisc,consequence,transfer_dep_civ_2025,faltered,161,161,0.6149068322981367,0.414875
fisc,consequence,transfer_dep_civ_2025,middle,758,758,0.4947229551451187,0.350499
fisc,consequence,schools_suspended_2026,held_up,174,174,0.22413793103448276,0.0
fisc,consequence,schools_suspended_2026,faltered,161,161,0.3416149068322981,0.0
fisc,consequence,schools_suspended_2026,middle,758,758,0.24538258575197888,0.0
fisc,consequence,rural_school_share,held_up,174,174,0.5344827586206896,0.861904761904762
fisc,consequence,rural_school_share,faltered,161,161,0.34782608695652173,0.8
fisc,consequence,rural_school_share,middle,758,758,0.44063324538258575,0.8333333333333334
fisc,consequence,pop_change,held_up,174,174,0.6091954022988506,-0.11559109185544852
fisc,consequence,pop_change,faltered,161,161,0.4409937888198758,-0.12064231229697774
fisc,consequence,pop_change,middle,758,758,0.4788918205804749,-0.12358860821419666
fisc,consequence,imbalance_2025,held_up,174,174,0.43103448275862066,0.29202643278087503
fisc,consequence,imbalance_2025,faltered,161,161,0.6024844720496895,0.40114769020588437
fisc,consequence,imbalance_2025,middle,758,758,0.48548812664907653,0.3181456368169513
fisc,consequence,lean_cult_2025,held_up,174,174,0.39080459770114945,-0.08719420195457037
fisc,consequence,lean_cult_2025,faltered,161,161,0.5403726708074534,0.03941877573520673
fisc,consequence,lean_cult_2025,middle,758,758,0.5079155672823219,-0.018929411839383035
fisc,consequence,lean_econ_rights_2025,held_up,174,174,0.6091954022988506,0.09638605689858587
fisc,consequence,lean_econ_rights_2025,faltered,161,161,0.34782608695652173,-0.052446592674049206
fisc,consequence,lean_econ_rights_2025,middle,758,758,0.49868073878627966,0.06490737253148313
fisc,consequence,exp,held_up,174,174,0.19540229885057472,0.0
fisc,consequence,exp,faltered,161,161,0.14906832298136646,0.0
fisc,consequence,exp,middle,758,758,0.15567282321899736,0.0
fisc,consequence,exp_alert,held_up,174,174,0.367816091954023,360.6
fisc,consequence,exp_alert,faltered,161,161,0.36645962732919257,225.6
fisc,consequence,exp_alert,middle,758,758,0.341688654353562,564.5
fisc,present,decl_per1000_pop2020,held_up,174,167,0.5449101796407185,894.6199796790265
fisc,present,decl_per1000_pop2020,faltered,161,160,0.45,818.0007449216907
fisc,present,decl_per1000_pop2020,middle,758,739,0.489851150202977,835.9216892837617
fisc,present,decl_share_65plus,held_up,174,166,0.463855421686747,0.20645197948216804
fisc,present,decl_share_65plus,faltered,161,159,0.4968553459119497,0.2072871436662261
fisc,present,decl_share_65plus,middle,758,736,0.4986413043478261,0.2125016089536647
fisc,present,decl_share_0_17,held_up,174,167,0.5449101796407185,0.1844037646085427
fisc,present,decl_share_0_17,faltered,161,157,0.445859872611465,0.1851341363536485
fisc,present,decl_share_0_17,middle,758,733,0.49113233287858116,0.179252479023646
fisc,structure,is_city,held_up,174,174,,0.20689655172413793
fisc,structure,is_city,faltered,161,161,,0.2857142857142857
fisc,structure,is_city,middle,758,758,,0.2598944591029024
fisc,structure,is_settlement,held_up,174,174,,0.22413793103448276
fisc,structure,is_settlement,faltered,161,161,,0.3167701863354037
fisc,structure,is_settlement,middle,758,758,,0.2862796833773087
fisc,structure,is_village,held_up,174,174,,0.5459770114942529
fisc,structure,is_village,faltered,161,161,,0.37888198757763975
fisc,structure,is_village,middle,758,758,,0.4340369393139842
fisc,structure,carp,held_up,174,174,,0.28735632183908044
fisc,structure,carp,faltered,161,161,,0.30434782608695654
fisc,structure,carp,middle,758,758,,0.20052770448548812
fisc,structure,light_reliable,held_up,174,174,,0.6206896551724138
fisc,structure,light_reliable,faltered,161,161,,0.43478260869565216
fisc,structure,light_reliable,middle,758,758,,0.4788918205804749
