k1,k2,n_hromadas,n_zone,capacity_index,alert_h_12m,exp_strikes_log,recovery_index,cap_t,exp_t_alt,exp_t_str,bv_alt,bv_str,recovery_q,n_reliable,tr_recent_pub,tr_h2_23,tr_s24_rel,tr_noise_sd,change_z,chg_cls_pub,s24_q_pub,bv_rec_cap_pub
07,0704,5,2,0.2223,163.2,0.0,0.3538,1,1,1,11,11,2,1,0.2134,0.2097,0.2072,0.3222,0.1059,stable,2,31
07,0706,23,12,0.5131,144.0,0.7789,0.6964,2,1,2,12,22,4,3,0.6344,0.4307,0.6505,0.1807,4.2223,improved,5,12
12,1202,17,3,0.8559,1933.6,6.8901,0.4666,3,3,3,33,33,3,12,0.2802,0.3239,0.5753,0.1519,-1.8766,stable,5,23
12,1204,12,1,0.5293,1487.8,1.7716,0.6132,2,3,2,32,22,4,9,0.3819,0.4607,0.4076,0.157,-2.3546,declined,4,22
12,1206,15,7,0.6078,2099.5,3.3983,0.4205,3,3,3,33,33,3,13,0.3828,0.2785,0.8551,0.1433,4.3708,improved,5,23
12,1208,4,4,0.508,3004.2967,1.9077,0.0507,2,3,2,32,22,1,4,0.0498,0.0893,0.0973,0.1525,-7.5472,declined,1,32
12,1214,19,13,0.463,7314.6,0.7097,0.2109,2,3,2,32,22,2,11,0.1274,0.2287,0.14,0.2172,-5.3049,declined,2,32
14,1412,10,10,0.2974,7719.1451,4.712,0.0502,1,3,3,31,31,1,7,0.0196,0.0371,0.0682,0.1864,-6.7797,declined,1,31
14,1416,1,1,0.2719,7712.0,0.0,0.0631,1,3,1,31,11,1,0,,,,,,na,na,na
18,1806,13,6,0.434,725.0,1.5432,0.1854,2,2,2,22,22,1,3,0.1312,0.1116,0.3162,0.213,1.4931,stable,3,32
23,2306,16,15,0.5482,5903.8706,6.9151,0.2169,2,3,3,32,32,2,11,0.1698,0.137,0.6004,0.1469,2.8778,improved,5,32
23,2310,3,3,0.1395,5897.8,5.108,0.0132,1,3,3,31,31,1,1,0.0253,0.0498,0.0,0.227,-5.8906,declined,1,31
32,3200,1,1,,20.5,0.0,0.4327,na,1,1,na,na,3,0,,,,,,na,na,na
32,3210,7,5,0.7394,1218.2,1.2116,0.4504,3,3,2,33,23,3,4,0.2943,0.3257,0.2653,0.2237,-0.8911,stable,3,23
48,4802,12,4,0.4589,1283.3,1.1151,0.0938,2,3,2,32,22,1,5,0.1231,0.1363,0.0994,0.1672,-1.1918,stable,1,32
48,4806,19,7,0.5709,1535.7,5.9257,0.0916,2,3,3,32,32,1,13,0.1131,0.0917,0.2614,0.1555,2.6594,improved,3,32
56,5602,8,3,0.4429,221.6,0.0,0.9105,2,2,1,22,12,5,1,1.3945,0.8624,0.6585,0.1912,4.9533,improved,5,12
56,5608,11,8,0.2346,302.8,0.6816,0.5551,1,2,2,21,21,3,1,0.316,0.2227,0.4505,0.2642,2.6106,improved,4,21
59,5902,8,4,0.4002,4011.7,2.412,0.1948,1,3,3,31,31,1,2,0.0785,0.0808,0.1311,0.3373,-0.167,stable,2,31
59,5904,9,4,0.5139,3507.2,2.6241,0.0863,2,3,3,32,32,1,2,0.0579,0.0877,0.0088,0.1708,-4.7843,declined,1,32
59,5906,8,1,0.6189,2337.1,1.6856,0.4709,3,3,2,33,23,3,0,,,,,,na,na,na
59,5908,16,13,0.524,5900.0,4.2831,0.0698,2,3,3,32,32,1,4,0.0295,0.0488,0.0614,0.209,-4.7583,declined,1,32
59,5910,10,10,0.5067,4623.7,3.4599,0.222,2,3,3,32,32,2,0,,,,,,na,na,na
63,6302,5,2,0.5352,4408.3,1.3307,0.1291,2,3,2,32,22,1,2,0.1256,0.1108,0.0432,0.223,1.1087,stable,1,32
63,6304,8,7,0.4303,4853.3,3.5976,0.1037,2,3,3,32,32,1,5,0.0926,0.0715,0.1432,0.2574,1.9812,stable,2,32
63,6308,4,4,0.3638,4629.0,3.3723,0.1035,1,3,3,31,31,1,2,0.0365,0.0525,0.0,0.2497,-2.8767,declined,1,31
63,6310,5,1,0.5305,3354.6,2.6335,0.4335,2,3,3,32,32,3,3,0.2373,0.2195,0.4025,0.2185,0.7056,stable,4,32
63,6312,15,8,0.5417,4900.176,7.0441,0.1305,2,3,3,32,32,1,14,0.1005,0.094,0.2849,0.2068,0.6405,stable,3,32
63,6314,8,6,0.417,4290.8,2.9107,0.1474,2,3,3,32,32,1,4,0.1382,0.1667,0.0577,0.1574,-2.3478,declined,1,32
65,6502,10,9,0.2968,1800.5,1.7563,0.028,1,3,2,31,21,1,4,0.0137,0.0594,0.0453,0.2103,-13.7136,declined,1,31
65,6510,6,6,0.1923,1605.6,7.3616,0.0108,1,3,3,31,31,1,5,0.0161,0.0485,0.0155,0.1475,-14.7176,declined,1,31
74,7402,5,3,0.4784,4483.4,0.8854,0.1182,2,3,2,32,22,1,0,,,,,,na,na,na
74,7406,4,2,0.3892,4784.6,2.2232,,1,3,3,31,31,na,0,,,,,,na,na,na
74,7410,20,11,0.6389,3386.6,4.0985,0.2003,3,3,3,33,33,1,1,0.1203,0.1191,0.6437,0.1269,0.1563,stable,5,33
