part,model,y,x,fe,controls,n,r2,r2_within,b,se_hc1,t_hc1,t_cr1,p_wcb,t_conley50,t_conley100,ci_lo,ci_hi,moran_I_resid,note
A,"A1 2021, no FE",econ_2021,exp,0,c_logpop,1288,0.180948,,0.355876,0.0310507,11.4611,5.71016,0,8.52473,6.76274,,,0.496353,
A,"A1 2021, FE",econ_2021,exp,1,c_logpop,1288,0.513988,0.18926,0.237576,0.0327634,7.25125,5.60893,0,6.81902,6.88764,,,0.167463,
A,"A2 2025, no FE",econ_2025,exp,0,c_logpop,1288,0.076413,,0.00200234,0.0431646,0.0463886,0.0191179,0.986299,0.0317305,0.0245539,,,0.470159,
A,"A2 2025, FE",econ_2025,exp,1,c_logpop,1288,0.34978,0.119802,0.0516601,0.0404629,1.27673,0.622548,0.549255,1.08512,0.947304,,,0.252752,
A,"A3 2025 given 2021, FE",econ_2025,exp,1,econ_2021;c_logpop,1288,0.717316,0.617333,-0.154939,0.0238498,-6.49646,-2.97712,0.0131013,-5.49813,-4.65301,-0.268174,-0.0295068,0.132205,
A,A3 alert hours,econ_2025,exp_alert,1,econ_2021;c_logpop,1288,0.716732,0.616542,-0.266906,0.0446603,-5.97637,-3.19278,0.0871087,-4.93835,-4.73133,,,0.145826,
A,A3 without frontline oblasts,econ_2025,exp,1,econ_2021;c_logpop,1242,0.70947,0.619286,-0.119899,0.023263,-5.15405,-2.21302,0.069507,-4.51034,-3.79235,,,0.135481,"dropped k1 14, 23, 65"
A,A3 without zone hromadas,econ_2025,exp,1,econ_2021;c_logpop,1093,0.746573,0.649245,0.00061475,0.0176728,0.0347851,0.0290809,0.974297,0.0336197,0.0322925,,,0.0832386,dropped zone hromadas
A,"A1 2021, no FE",rights_2021,exp,0,c_logpop,1288,0.111249,,0.226254,0.0269169,8.40563,4.00462,0,6.13302,4.75794,,,0.392311,
A,"A1 2021, FE",rights_2021,exp,1,c_logpop,1288,0.42172,0.101742,0.120926,0.0272504,4.43758,2.80342,0.00870087,3.97517,3.63853,,,0.0893488,
A,"A2 2025, no FE",rights_2025,exp,0,c_logpop,1288,0.0512484,,0.234484,0.0306376,7.65347,3.97994,0.00020002,5.92323,4.82804,,,0.383606,
A,"A2 2025, FE",rights_2025,exp,1,c_logpop,1288,0.350261,0.0166534,0.0854398,0.0311388,2.74384,1.33504,0.206221,2.33679,2.06567,,,0.137612,
A,"A3 2025 given 2021, FE",rights_2025,exp,1,rights_2021;c_logpop,1288,0.591933,0.382411,0.00726576,0.0248191,0.292749,0.180764,0.858786,0.283187,0.265918,-0.0776768,0.100687,0.0472456,
A,A3 alert hours,rights_2025,exp_alert,1,rights_2021;c_logpop,1288,0.59391,0.385405,-0.109224,0.0455558,-2.39759,-2.91138,0.283828,-2.41488,-2.61064,,,0.0450969,
A,A3 without frontline oblasts,rights_2025,exp,1,rights_2021;c_logpop,1242,0.605649,0.398293,0.0232405,0.0227695,1.02068,0.560066,0.592459,0.962613,0.862156,,,0.0455529,"dropped k1 14, 23, 65"
A,A3 without zone hromadas,rights_2025,exp,1,rights_2021;c_logpop,1093,0.629973,0.435009,0.0755255,0.0218781,3.4521,3.0502,0.0126013,3.51031,3.42417,,,0.0294162,dropped zone hromadas
A,"A1 2021, no FE",cult_2021,exp,0,c_logpop,1288,0.103623,,0.164802,0.0281905,5.846,4.5259,0.00010001,5.08354,4.70367,,,0.103057,
A,"A1 2021, FE",cult_2021,exp,1,c_logpop,1288,0.186149,0.10452,0.127604,0.0308721,4.13333,3.58196,0.00080008,3.89666,3.88994,,,0.0141963,
A,"A2 2025, no FE",cult_2025,exp,0,c_logpop,1288,0.192617,,-0.0782132,0.0345532,-2.26356,-1.07588,0.330533,-1.63883,-1.3236,,,0.191612,
A,"A2 2025, FE",cult_2025,exp,1,c_logpop,1288,0.311873,0.220974,-0.0141908,0.0337767,-0.420136,-0.226352,0.832683,-0.361513,-0.336162,,,0.0698208,
A,"A3 2025 given 2021, FE",cult_2025,exp,1,cult_2021;c_logpop,1288,0.788258,0.760288,-0.111818,0.0244635,-4.57083,-2.26,0.0440044,-3.99379,-3.56783,-0.21947,-0.00184785,0.12327,
A,A3 alert hours,cult_2025,exp_alert,1,cult_2021;c_logpop,1288,0.793561,0.766291,-0.269036,0.0403315,-6.67061,-5.22992,0.0793079,-4.86254,-4.90911,,,0.115319,
A,A3 without frontline oblasts,cult_2025,exp,1,cult_2021;c_logpop,1242,0.798384,0.775266,-0.080584,0.0224498,-3.58952,-1.55858,0.207021,-3.27132,-2.77463,,,0.122199,"dropped k1 14, 23, 65"
A,A3 without zone hromadas,cult_2025,exp,1,cult_2021;c_logpop,1093,0.846712,0.82778,0.0198843,0.0141452,1.40573,1.4723,0.147415,1.41839,1.47689,,,0.0349086,dropped zone hromadas
A,"A2 2025, FE",imbalance_2025,exp,1,c_logpop,1288,0.234418,0.0651898,0.303117,0.0444774,6.81507,4.01144,0.00030003,5.51823,4.9306,,,0.0474402,
A,"A3 2025 given 2021, FE",imbalance_2025,exp,1,imbalance_2021;c_logpop,1288,0.347212,0.202916,0.300782,0.0440178,6.8332,4.15845,0.00010001,5.48958,4.96666,,,0.0265219,
A,"A2 2025, FE",lean_cult_2025,exp,1,c_logpop,1288,0.303852,0.0978961,-0.0530412,0.0318999,-1.66274,-1.33003,0.191519,-1.49226,-1.43173,,,0.122549,
A,"A3 2025 given 2021, FE",lean_cult_2025,exp,1,lean_cult_2021;c_logpop,1288,0.666464,0.567787,-0.00189662,0.0241846,-0.0784226,-0.0578629,0.956196,-0.0730733,-0.0676729,,,0.013922,
A,"A2 2025, FE",lean_econ_rights_2025,exp,1,c_logpop,1288,0.378855,0.160668,-0.128516,0.0478592,-2.6853,-1.60162,0.152515,-2.17861,-1.95848,,,0.112444,
A,"A3 2025 given 2021, FE",lean_econ_rights_2025,exp,1,lean_econ_rights_2021;c_logpop,1288,0.450346,0.257272,-0.198637,0.0439474,-4.51988,-2.58197,0.0282028,-3.56415,-3.1503,,,0.0886261,
B,"B1 three spheres, FE",recovery_index,econ_2021,1,exp;c_logpop;c_loglit;c_rad21,1020,0.555568,0.023693,0.0166988,0.0458354,0.36432,0.404435,0.69827,0.346745,0.324208,-0.0702342,0.109115,0.145807,
B,"B1 three spheres, FE",recovery_index,rights_2021,1,exp;c_logpop;c_loglit;c_rad21,1020,0.555568,0.023693,0.0912342,0.0364615,2.5022,2.2737,0.0480048,2.43,2.22219,0.000794195,0.177912,0.145807,
B,"B1 three spheres, FE",recovery_index,cult_2021,1,exp;c_logpop;c_loglit;c_rad21,1020,0.555568,0.023693,-0.0634346,0.0280648,-2.26029,-2.21577,0.0515052,-2.27931,-2.18312,-0.123152,0.000308888,0.145807,
B,"B2 economic x exposure, FE",recovery_index,econ_2021,1,c_logpop;c_loglit;c_rad21,1020,0.549701,0.0108046,0.0134406,0.0336849,0.399008,0.364874,0.721972,0.395561,0.386014,,,0.148604,
B,"B2 economic x exposure, FE",recovery_index,exp,1,c_logpop;c_loglit;c_rad21,1020,0.549701,0.0108046,-0.0707593,0.0269919,-2.6215,-2.12554,0.0687069,-2.70364,-2.66665,,,0.148604,
B,"B2 economic x exposure, FE",recovery_index,econ_2021 x exp,1,c_logpop;c_loglit;c_rad21,1020,0.549701,0.0108046,-0.00909634,0.0191178,-0.475804,-0.470264,0.654665,-0.48458,-0.505011,,,0.148604,
B,"B2 rights x exposure, FE",recovery_index,rights_2021,1,c_logpop;c_loglit;c_rad21,1020,0.553035,0.0181285,0.0824549,0.0312011,2.64269,2.19372,0.0488049,2.52752,2.37015,,,0.149311,
B,"B2 rights x exposure, FE",recovery_index,exp,1,c_logpop;c_loglit;c_rad21,1020,0.553035,0.0181285,-0.0806186,0.0285482,-2.82395,-2.14379,0.069607,-2.80346,-2.79843,,,0.149311,
B,"B2 rights x exposure, FE",recovery_index,rights_2021 x exp,1,c_logpop;c_loglit;c_rad21,1020,0.553035,0.0181285,0.0035858,0.0191477,0.187271,0.225102,0.832883,0.196223,0.204404,,,0.149311,
B,"B2 cultural x exposure, FE",recovery_index,cult_2021,1,c_logpop;c_loglit;c_rad21,1020,0.55113,0.0139434,-0.0433269,0.0228787,-1.89377,-1.6832,0.136814,-2.04212,-1.96792,,,0.146506,
B,"B2 cultural x exposure, FE",recovery_index,exp,1,c_logpop;c_loglit;c_rad21,1020,0.55113,0.0139434,-0.0685235,0.0269371,-2.54383,-1.99699,0.0886089,-2.71008,-2.63864,,,0.146506,
B,"B2 cultural x exposure, FE",recovery_index,cult_2021 x exp,1,c_logpop;c_loglit;c_rad21,1020,0.55113,0.0139434,-0.0146067,0.0185371,-0.78797,-0.810328,0.433443,-0.807641,-0.820969,,,0.146506,
B,"B1 three spheres, FE",y_s24,econ_2021,1,exp;c_logpop;c_loglit;c_rad21,907,0.289797,0.124672,0.0567603,0.0611039,0.928913,0.707828,0.520752,0.840966,0.763927,-0.0937514,0.235463,0.063781,
B,"B1 three spheres, FE",y_s24,rights_2021,1,exp;c_logpop;c_loglit;c_rad21,907,0.289797,0.124672,0.199341,0.0458728,4.34552,3.59631,0.00230023,4.27726,4.12099,0.0765736,0.318644,0.063781,
B,"B1 three spheres, FE",y_s24,cult_2021,1,exp;c_logpop;c_loglit;c_rad21,907,0.289797,0.124672,-0.111326,0.0411148,-2.7077,-2.1917,0.0389039,-2.55395,-2.3102,-0.222241,-0.00517368,0.063781,
B,B1r reliable light data,y_s24,econ_2021,1,exp;c_logpop;c_loglit;c_rad21,593,0.417558,0.205125,-0.0562893,0.0768929,-0.732049,-0.5491,0.60056,-0.668327,-0.649237,,,0.0595253,">= 30 lit pixels, noise_sd <= 0.35"
B,B1r reliable light data,y_s24,rights_2021,1,exp;c_logpop;c_loglit;c_rad21,593,0.417558,0.205125,0.160759,0.0577752,2.7825,2.54122,0.020002,2.68203,2.73626,,,0.0595253,">= 30 lit pixels, noise_sd <= 0.35"
B,B1r reliable light data,y_s24,cult_2021,1,exp;c_logpop;c_loglit;c_rad21,593,0.417558,0.205125,-0.0552648,0.0495776,-1.11471,-0.876778,0.392339,-1.04445,-0.967966,,,0.0595253,">= 30 lit pixels, noise_sd <= 0.35"
B,"B2 economic x exposure, FE",y_s24,econ_2021,1,c_logpop;c_loglit;c_rad21,907,0.268143,0.0979829,0.0666881,0.0461447,1.44519,1.27619,0.213621,1.45907,1.39668,,,0.058698,
B,"B2 economic x exposure, FE",y_s24,exp,1,c_logpop;c_loglit;c_rad21,907,0.268143,0.0979829,-0.0947778,0.0500285,-1.89448,-1.52707,0.183618,-1.83658,-1.66238,,,0.058698,
B,"B2 economic x exposure, FE",y_s24,econ_2021 x exp,1,c_logpop;c_loglit;c_rad21,907,0.268143,0.0979829,0.0546217,0.0424053,1.28809,1.21782,0.256526,1.3029,1.22339,,,0.058698,
B,"B2 rights x exposure, FE",y_s24,rights_2021,1,c_logpop;c_loglit;c_rad21,907,0.283825,0.117311,0.194931,0.0395997,4.92253,4.35056,0.00050005,4.97332,4.74254,,,0.0616266,
B,"B2 rights x exposure, FE",y_s24,exp,1,c_logpop;c_loglit;c_rad21,907,0.283825,0.117311,-0.116988,0.063442,-1.84401,-1.84257,0.10011,-1.84753,-1.81763,,,0.0616266,
B,"B2 rights x exposure, FE",y_s24,rights_2021 x exp,1,c_logpop;c_loglit;c_rad21,907,0.283825,0.117311,0.0365761,0.0371707,0.984002,0.935262,0.361336,0.952109,0.915779,,,0.0616266,
B,"B2 cultural x exposure, FE",y_s24,cult_2021,1,c_logpop;c_loglit;c_rad21,907,0.267162,0.0967737,-0.0562625,0.0355452,-1.58284,-1.41467,0.187719,-1.61419,-1.54719,,,0.0623433,
B,"B2 cultural x exposure, FE",y_s24,exp,1,c_logpop;c_loglit;c_rad21,907,0.267162,0.0967737,-0.0563062,0.0466987,-1.20574,-1.16369,0.279328,-1.21717,-1.17385,,,0.0623433,
B,"B2 cultural x exposure, FE",y_s24,cult_2021 x exp,1,c_logpop;c_loglit;c_rad21,907,0.267162,0.0967737,-0.0219196,0.0475184,-0.461286,-0.748329,0.450945,-0.485789,-0.511653,,,0.0623433,
B,"B1 three spheres, FE",y_recent,econ_2021,1,exp;c_logpop;c_loglit;c_rad21,1020,0.630692,0.0655865,0.0796626,0.0454011,1.75464,1.88931,0.0635064,1.59832,1.55641,-0.00450241,0.175686,0.178606,
B,"B1 three spheres, FE",y_recent,rights_2021,1,exp;c_logpop;c_loglit;c_rad21,1020,0.630692,0.0655865,0.078625,0.0365523,2.15103,2.53359,0.0278028,2.01518,1.94339,0.00855828,0.144813,0.178606,
B,"B1 three spheres, FE",y_recent,cult_2021,1,exp;c_logpop;c_loglit;c_rad21,1020,0.630692,0.0655865,-0.0818847,0.0238185,-3.43787,-4.56239,0.00020002,-3.50463,-3.42439,-0.118762,-0.0455685,0.178606,
B,B1r reliable light data,y_recent,econ_2021,1,exp;c_logpop;c_loglit;c_rad21,622,0.692996,0.0613068,0.0482711,0.0543512,0.888133,0.732397,0.492149,0.821758,0.828489,,,0.245105,">= 30 lit pixels, noise_sd <= 0.35"
B,B1r reliable light data,y_recent,rights_2021,1,exp;c_logpop;c_loglit;c_rad21,622,0.692996,0.0613068,0.0445182,0.0437548,1.01745,1.62566,0.10341,1.02318,1.11691,,,0.245105,">= 30 lit pixels, noise_sd <= 0.35"
B,B1r reliable light data,y_recent,cult_2021,1,exp;c_logpop;c_loglit;c_rad21,622,0.692996,0.0613068,-0.0789133,0.0320682,-2.46079,-2.58808,0.0115012,-2.45591,-2.42539,,,0.245105,">= 30 lit pixels, noise_sd <= 0.35"
B,"B2 economic x exposure, FE",y_recent,econ_2021,1,c_logpop;c_loglit;c_rad21,1020,0.624201,0.049161,0.0556301,0.0323089,1.72182,1.74295,0.0812081,1.6464,1.65615,,,0.180361,
B,"B2 economic x exposure, FE",y_recent,exp,1,c_logpop;c_loglit;c_rad21,1020,0.624201,0.049161,-0.167702,0.0310655,-5.39833,-3.49876,0.00430043,-5.18696,-5.13356,,,0.180361,
B,"B2 economic x exposure, FE",y_recent,econ_2021 x exp,1,c_logpop;c_loglit;c_rad21,1020,0.624201,0.049161,-0.00677656,0.024684,-0.274532,-0.196638,0.851685,-0.234388,-0.215184,,,0.180361,
B,"B2 rights x exposure, FE",y_recent,rights_2021,1,c_logpop;c_loglit;c_rad21,1020,0.629474,0.0625049,0.0918531,0.0306477,2.99706,3.26673,0.00420042,2.88179,2.70639,,,0.178042,
B,"B2 rights x exposure, FE",y_recent,exp,1,c_logpop;c_loglit;c_rad21,1020,0.629474,0.0625049,-0.205571,0.0343604,-5.98281,-3.76975,0.00410041,-5.8478,-6.03655,,,0.178042,
B,"B2 rights x exposure, FE",y_recent,rights_2021 x exp,1,c_logpop;c_loglit;c_rad21,1020,0.629474,0.0625049,0.0548063,0.0209959,2.61034,2.47291,0.0538054,2.57417,2.84757,,,0.178042,
B,"B2 cultural x exposure, FE",y_recent,cult_2021,1,c_logpop;c_loglit;c_rad21,1020,0.625417,0.0522394,-0.04071,0.0205181,-1.9841,-2.52397,0.0239024,-2.12924,-2.26137,,,0.185994,
B,"B2 cultural x exposure, FE",y_recent,exp,1,c_logpop;c_loglit;c_rad21,1020,0.625417,0.0522394,-0.161048,0.0294261,-5.47297,-3.03598,0.00740074,-5.42101,-5.14697,,,0.185994,
B,"B2 cultural x exposure, FE",y_recent,cult_2021 x exp,1,c_logpop;c_loglit;c_rad21,1020,0.625417,0.0522394,-0.0436048,0.0210445,-2.07203,-1.88612,0.0316032,-2.16062,-2.30544,,,0.185994,
C,"C 2021, FE",econ_2021,rights_2021,1,c_logpop,1288,0.642814,0.404162,0.522804,0.0236125,22.141,12.5472,0,18.4618,16.5253,0.434751,0.613463,0.0980067,rho=0.552; rho_within=0.364
C,"C 2025, FE",econ_2025,rights_2025,1,c_logpop,1288,0.599093,0.457295,0.619354,0.022035,28.1077,15.9234,0,24.1682,20.6215,0.537764,0.701248,0.160528,rho=0.584; rho_within=0.533
C,"C change, FE",d_econ,d_rights,1,c_logpop,1288,0.428844,0.0483908,0.175927,0.0266258,6.6074,5.49265,0.00010001,7.00603,6.78546,0.111242,0.243865,0.0965315,rho=0.090; rho_within=0.167
C,"C 2021, FE",econ_2021,cult_2021,1,c_logpop,1288,0.630229,0.383168,0.423653,0.0189434,22.3642,20.892,0,22.3981,21.3611,0.378819,0.465636,0.208672,rho=0.577; rho_within=0.579
C,"C 2025, FE",econ_2025,cult_2025,1,c_logpop,1288,0.544969,0.384028,0.534573,0.0231938,23.0481,19.9299,0,21.7576,21.3189,0.479042,0.589685,0.24718,rho=0.626; rho_within=0.610
C,"C change, FE",d_econ,d_cult,1,c_logpop,1288,0.512994,0.188595,0.381733,0.0258143,14.7877,9.25112,0,13.8701,12.8365,0.290019,0.469579,0.0510366,rho=0.376; rho_within=0.286
C,"C 2021, FE",rights_2021,cult_2021,1,c_logpop,1288,0.45403,0.15193,0.221734,0.0249345,8.89268,14.6647,0,8.78729,9.82101,0.190312,0.252683,0.0912361,rho=0.224; rho_within=0.131
C,"C 2025, FE",rights_2025,cult_2025,1,c_logpop,1288,0.432965,0.141822,0.355077,0.0268509,13.224,16.7822,0,13.9561,15.3071,0.309951,0.398881,0.117042,rho=0.266; rho_within=0.253
C,"C change, FE",d_rights,d_cult,1,c_logpop,1288,0.187977,0.0710189,0.193659,0.0320132,6.04934,7.34587,0,6.12148,6.37245,0.135784,0.249474,-0.00243785,rho=0.141; rho_within=0.180
