k1,k2,n_hromadas,n_zone,econ_2021,econ_2025,rights_2021,rights_2025,cult_2021,cult_2025,budget_econ_2025,budget_rights_2025,w_econ_2021,w_rights_2021,w_cult_2021,w_econ_2025,w_rights_2025,w_cult_2025
07,0704,5,2,0.1022,0.2133,0.3095,0.2235,0.4867,0.4881,0.2933,0.1513,0.1138,0.3445,0.5417,0.2306,0.2416,0.5277
07,0706,23,12,0.3212,0.4414,0.4068,0.4378,0.3958,0.41,0.5322,0.494,0.2858,0.362,0.3522,0.3424,0.3396,0.318
12,1202,17,3,0.8616,0.815,0.8639,0.6563,0.3972,0.3225,0.8035,0.9082,0.4059,0.407,0.1871,0.4543,0.3659,0.1798
12,1204,12,1,0.5212,0.4291,0.7084,0.5655,0.3761,0.3639,0.3672,0.6914,0.3246,0.4412,0.2342,0.3159,0.4163,0.2679
12,1206,15,7,0.69,0.4849,0.6457,0.6716,0.4746,0.387,0.428,0.7877,0.3812,0.3567,0.2622,0.3142,0.4351,0.2507
12,1208,4,4,0.617,0.4222,0.6596,0.6256,0.5059,0.416,0.3391,0.6769,0.3461,0.37,0.2838,0.2884,0.4274,0.2842
12,1214,19,13,0.38,0.3356,0.5098,0.5327,0.4126,0.3015,0.3169,0.609,0.2918,0.3914,0.3168,0.2869,0.4554,0.2577
14,1412,10,10,0.4288,0.1119,0.6534,0.437,0.3659,0.1324,0.0831,0.5117,0.2961,0.4512,0.2527,0.1642,0.6414,0.1943
14,1416,1,1,0.5642,0.3203,0.5369,0.2635,0.9444,0.6625,0.3672,0.1766,0.2758,0.2625,0.4617,0.257,0.2114,0.5316
18,1806,13,6,0.4285,0.3398,0.656,0.5505,0.4726,0.3963,0.2886,0.5793,0.2752,0.4213,0.3035,0.2641,0.4279,0.308
23,2306,16,15,0.7225,0.512,0.7169,0.5893,0.349,0.3453,0.4022,0.6942,0.404,0.4009,0.1951,0.3539,0.4074,0.2387
23,2310,3,3,0.3795,0.013,0.5348,0.2599,0.415,0.0702,0.0105,0.2685,0.2855,0.4023,0.3122,0.0379,0.7575,0.2046
32,3200,1,1,,,,,,,,,,,,,,
32,3210,7,5,0.7329,0.7052,0.7826,0.8288,0.7589,0.6961,0.6826,0.7962,0.3222,0.3441,0.3337,0.3162,0.3716,0.3121
48,4802,12,4,0.4311,0.3838,0.4382,0.5764,0.4293,0.452,0.3399,0.5778,0.332,0.3374,0.3306,0.2718,0.4082,0.3201
48,4806,19,7,0.579,0.377,0.7169,0.6764,0.3612,0.258,0.3206,0.8212,0.3494,0.4326,0.218,0.2875,0.5158,0.1967
56,5602,8,3,0.2498,0.3211,0.4934,0.421,0.3721,0.3725,0.4518,0.4342,0.224,0.4424,0.3336,0.2881,0.3777,0.3342
56,5608,11,8,0.1825,0.2203,0.3298,0.2749,0.455,0.4529,0.2473,0.2218,0.1887,0.3409,0.4704,0.2324,0.2899,0.4777
59,5902,8,4,0.3814,0.2625,0.5873,0.5286,0.4383,0.3786,0.2144,0.5861,0.2711,0.4174,0.3115,0.2244,0.4519,0.3237
59,5904,9,4,0.4243,0.3265,0.5821,0.6004,0.4297,0.3796,0.334,0.6938,0.2955,0.4053,0.2992,0.2499,0.4595,0.2905
59,5906,8,1,0.5687,0.5436,0.5847,0.6186,0.5543,0.4933,0.5804,0.6574,0.333,0.3424,0.3246,0.3284,0.3737,0.298
59,5908,16,13,0.6193,0.3791,0.7495,0.6823,0.3711,0.3208,0.3513,0.6969,0.3559,0.4308,0.2133,0.2743,0.4936,0.2321
59,5910,10,10,0.297,0.35,0.5559,0.5478,0.3882,0.3466,0.4467,0.5666,0.2393,0.4479,0.3128,0.2813,0.4402,0.2785
63,6302,5,2,0.5541,0.4577,0.6291,0.6307,0.5513,0.4535,0.4381,0.6323,0.3195,0.3627,0.3178,0.2968,0.409,0.2941
63,6304,8,7,0.4569,0.2349,0.5896,0.6552,0.4586,0.2683,0.219,0.6416,0.3036,0.3917,0.3047,0.2028,0.5656,0.2316
63,6308,4,4,0.6626,0.2672,0.4778,0.4792,0.4642,0.1854,0.1541,0.5734,0.4129,0.2978,0.2893,0.2868,0.5143,0.199
63,6310,5,1,0.5033,0.4449,0.5907,0.6726,0.4541,0.4313,0.4032,0.6578,0.3251,0.3816,0.2933,0.2873,0.4343,0.2785
63,6312,15,8,0.7831,0.3957,0.8034,0.5399,0.3407,0.2332,0.3447,0.7387,0.4063,0.4169,0.1768,0.3386,0.4619,0.1995
63,6314,8,6,0.3961,0.28,0.6054,0.6565,0.4169,0.3643,0.2676,0.5665,0.2793,0.4268,0.2939,0.2153,0.5047,0.2801
65,6502,10,9,0.454,0.1565,0.5109,0.5942,0.444,0.396,0.0983,0.4953,0.3222,0.3626,0.3151,0.1365,0.5182,0.3453
65,6510,6,6,0.5026,0.0622,0.5978,0.314,0.4571,0.1811,0.0349,0.3497,0.3227,0.3838,0.2935,0.1116,0.5634,0.325
74,7402,5,3,0.5142,0.3806,0.5805,0.6309,0.6268,0.5382,0.3634,0.5933,0.2987,0.3372,0.3641,0.2456,0.4071,0.3473
74,7406,4,2,0.4121,0.2163,0.5305,0.5889,0.5653,0.4894,0.1952,0.5831,0.2733,0.3518,0.3749,0.1671,0.4549,0.378
74,7410,20,11,0.6023,0.4851,0.7381,0.7322,0.36,0.3342,0.4554,0.8223,0.3542,0.4341,0.2117,0.3127,0.4719,0.2154
