scope,variable,k1,n,moran_I,moran_p,fdr_cut,HH,LL,HL,LH,ns,HH_fdr,LL_fdr,HL_fdr,LH_fdr
national,econ_2021,all,1288,0.481309,0.001,0.0128882,200,255,23,51,759,106,192,10,24
national,econ_2021,05,63,,,,0,3,1,2,57,0,0,0,0
national,econ_2021,07,54,,,,0,18,2,0,34,0,14,1,0
national,econ_2021,12,82,,,,14,0,1,10,57,5,0,0,4
national,econ_2021,14,11,,,,3,0,0,1,7,1,0,0,0
national,econ_2021,18,66,,,,0,4,2,0,60,0,0,1,0
national,econ_2021,21,64,,,,0,50,5,0,9,0,42,3,0
national,econ_2021,23,19,,,,2,0,1,0,16,0,0,0,0
national,econ_2021,26,62,,,,0,43,2,0,17,0,35,1,0
national,econ_2021,32,69,,,,47,0,0,4,18,33,0,0,2
national,econ_2021,35,49,,,,28,0,0,8,13,17,0,0,7
national,econ_2021,46,73,,,,3,20,2,1,47,1,10,1,0
national,econ_2021,48,52,,,,13,0,0,2,37,6,0,0,0
national,econ_2021,51,91,,,,7,5,1,6,72,1,2,0,4
national,econ_2021,53,60,,,,37,0,0,3,20,18,0,0,2
national,econ_2021,56,64,,,,0,26,1,0,37,0,18,0,0
national,econ_2021,59,51,,,,7,0,0,5,39,1,0,0,3
national,econ_2021,61,55,,,,0,29,2,0,24,0,19,1,0
national,econ_2021,63,51,,,,1,0,0,3,47,1,0,0,0
national,econ_2021,65,16,,,,2,0,0,0,14,0,0,0,0
national,econ_2021,68,60,,,,0,7,1,0,52,0,4,0,0
national,econ_2021,71,66,,,,20,0,0,4,42,13,0,0,0
national,econ_2021,73,52,,,,0,50,2,0,0,0,48,2,0
national,econ_2021,74,57,,,,15,0,0,2,40,8,0,0,2
national,econ_2021,80,1,,,,1,0,0,0,0,1,0,0,0
national,rights_2021,all,1288,0.413114,0.001,0.00931677,167,199,29,24,869,97,117,19,7
national,rights_2021,05,63,,,,0,1,0,1,61,0,0,0,0
national,rights_2021,07,54,,,,0,24,1,0,29,0,13,0,0
national,rights_2021,12,82,,,,8,0,0,3,71,5,0,0,1
national,rights_2021,14,11,,,,7,0,0,0,4,2,0,0,0
national,rights_2021,18,66,,,,4,1,0,0,61,0,0,0,0
national,rights_2021,21,64,,,,0,36,8,0,20,0,22,8,0
national,rights_2021,23,19,,,,0,0,0,0,19,0,0,0,0
national,rights_2021,26,62,,,,0,36,5,0,21,0,22,3,0
national,rights_2021,32,69,,,,48,0,0,1,20,39,0,0,1
national,rights_2021,35,49,,,,3,0,0,1,45,0,0,0,0
national,rights_2021,46,73,,,,4,1,0,0,68,3,0,0,0
national,rights_2021,48,52,,,,1,5,0,1,45,1,3,0,0
national,rights_2021,51,91,,,,9,2,2,2,76,4,0,1,0
national,rights_2021,53,60,,,,45,0,0,2,13,31,0,0,2
national,rights_2021,56,64,,,,0,29,5,0,30,0,17,3,0
national,rights_2021,59,51,,,,7,0,0,2,42,2,0,0,0
national,rights_2021,61,55,,,,0,20,2,0,33,0,7,1,0
national,rights_2021,63,51,,,,8,0,0,4,39,2,0,0,2
national,rights_2021,65,16,,,,0,1,1,0,14,0,0,0,0
national,rights_2021,68,60,,,,3,1,2,1,53,0,0,0,0
national,rights_2021,71,66,,,,0,0,0,2,64,0,0,0,0
national,rights_2021,73,52,,,,0,42,3,0,7,0,33,3,0
national,rights_2021,74,57,,,,19,0,0,4,34,7,0,0,1
national,rights_2021,80,1,,,,1,0,0,0,0,1,0,0,0
national,cult_2021,all,1288,0.110683,0.001,0.000737578,57,89,41,43,1058,4,9,3,3
national,cult_2021,05,63,,,,0,7,1,0,55,0,0,0,0
national,cult_2021,07,54,,,,6,0,0,4,44,0,0,0,0
national,cult_2021,12,82,,,,5,0,2,4,71,0,0,0,0
national,cult_2021,14,11,,,,1,0,0,1,9,0,0,0,0
national,cult_2021,18,66,,,,0,9,4,0,53,0,0,0,0
national,cult_2021,21,64,,,,0,14,7,0,43,0,1,2,0
national,cult_2021,23,19,,,,0,1,1,0,17,0,0,0,0
national,cult_2021,26,62,,,,2,9,0,3,48,0,2,0,0
national,cult_2021,32,69,,,,4,0,0,6,59,1,0,0,0
national,cult_2021,35,49,,,,18,0,0,4,27,2,0,0,3
national,cult_2021,46,73,,,,1,2,5,3,62,0,0,0,0
national,cult_2021,48,52,,,,2,0,0,2,48,1,0,0,0
national,cult_2021,51,91,,,,4,9,4,2,72,0,1,0,0
national,cult_2021,53,60,,,,4,0,0,4,52,0,0,0,0
national,cult_2021,56,64,,,,1,0,0,1,62,0,0,0,0
national,cult_2021,59,51,,,,2,0,0,5,44,0,0,0,0
national,cult_2021,61,55,,,,0,9,2,0,44,0,1,0,0
national,cult_2021,63,51,,,,0,2,2,1,46,0,0,1,0
national,cult_2021,65,16,,,,2,0,0,0,14,0,0,0,0
national,cult_2021,68,60,,,,1,3,3,1,52,0,0,0,0
national,cult_2021,71,66,,,,1,0,2,1,62,0,0,0,0
national,cult_2021,73,52,,,,0,21,6,0,25,0,4,0,0
national,cult_2021,74,57,,,,3,3,2,1,48,0,0,0,0
national,cult_2021,80,1,,,,0,0,0,0,1,0,0,0,0
national,econ_2025,all,1288,0.415729,0.001,0.00822981,186,225,29,51,797,70,119,9,14
national,econ_2025,05,63,,,,2,2,2,1,56,0,0,0,0
national,econ_2025,07,54,,,,2,5,2,1,44,0,2,1,0
national,econ_2025,12,82,,,,22,1,1,6,52,3,0,1,2
national,econ_2025,14,11,,,,0,7,1,0,3,0,5,0,0
national,econ_2025,18,66,,,,2,7,0,0,57,0,1,0,0
national,econ_2025,21,64,,,,2,32,2,0,28,0,22,0,0
national,econ_2025,23,19,,,,0,8,1,0,10,0,6,0,0
national,econ_2025,26,62,,,,0,26,3,0,33,0,18,1,0
national,econ_2025,32,69,,,,48,0,0,3,18,33,0,0,1
national,econ_2025,35,49,,,,24,0,0,7,18,13,0,0,4
national,econ_2025,46,73,,,,18,7,1,4,43,11,2,0,0
national,econ_2025,48,52,,,,5,2,1,3,41,0,1,0,0
national,econ_2025,51,91,,,,7,2,0,7,75,1,0,0,2
national,econ_2025,53,60,,,,13,0,0,6,41,1,0,0,2
national,econ_2025,56,64,,,,4,23,1,1,35,2,16,1,0
national,econ_2025,59,51,,,,2,9,4,3,33,0,2,2,1
national,econ_2025,61,55,,,,2,12,0,1,40,0,1,0,0
national,econ_2025,63,51,,,,1,16,5,1,28,0,7,2,0
national,econ_2025,65,16,,,,0,15,0,0,1,0,13,0,0
national,econ_2025,68,60,,,,5,3,3,1,48,0,0,0,0
national,econ_2025,71,66,,,,12,0,0,4,50,3,0,0,1
national,econ_2025,73,52,,,,0,43,2,0,7,0,21,1,0
national,econ_2025,74,57,,,,14,5,0,2,36,2,2,0,1
national,econ_2025,80,1,,,,1,0,0,0,0,1,0,0,0
national,rights_2025,all,1288,0.427962,0.001,0.00881211,189,217,34,40,808,80,120,16,11
national,rights_2025,05,63,,,,0,7,3,0,53,0,1,0,0
national,rights_2025,07,54,,,,0,22,2,1,29,0,9,1,0
national,rights_2025,12,82,,,,24,0,0,7,51,8,0,0,4
national,rights_2025,14,11,,,,0,0,0,0,11,0,0,0,0
national,rights_2025,18,66,,,,0,2,2,1,61,0,2,0,0
national,rights_2025,21,64,,,,0,36,5,0,23,0,18,5,0
national,rights_2025,23,19,,,,3,0,1,1,14,1,0,0,0
national,rights_2025,26,62,,,,0,36,3,0,23,0,28,1,0
national,rights_2025,32,69,,,,48,0,0,4,17,40,0,0,1
national,rights_2025,35,49,,,,14,0,0,4,31,3,0,0,2
national,rights_2025,46,73,,,,9,4,2,1,57,4,0,0,0
national,rights_2025,48,52,,,,7,0,0,3,42,1,0,0,1
national,rights_2025,51,91,,,,11,13,1,2,64,3,5,0,1
national,rights_2025,53,60,,,,10,0,0,5,45,2,0,0,0
national,rights_2025,56,64,,,,0,38,5,0,21,0,24,3,0
national,rights_2025,59,51,,,,10,0,0,4,37,1,0,0,1
national,rights_2025,61,55,,,,0,17,3,0,35,0,5,2,0
national,rights_2025,63,51,,,,18,0,0,1,32,7,0,0,0
national,rights_2025,65,16,,,,1,0,0,0,15,0,0,0,0
national,rights_2025,68,60,,,,0,4,2,1,53,0,1,1,0
national,rights_2025,71,66,,,,5,0,0,0,61,1,0,0,0
national,rights_2025,73,52,,,,0,38,5,0,9,0,27,3,0
national,rights_2025,74,57,,,,28,0,0,5,24,8,0,0,1
national,rights_2025,80,1,,,,1,0,0,0,0,1,0,0,0
national,cult_2025,all,1288,0.163553,0.001,0.00163043,72,111,32,49,1024,6,22,4,10
national,cult_2025,05,63,,,,1,8,0,1,53,0,0,0,0
national,cult_2025,07,54,,,,11,0,0,4,39,0,0,0,0
national,cult_2025,12,82,,,,6,3,7,5,61,0,0,0,0
national,cult_2025,14,11,,,,0,6,3,0,2,0,2,1,0
national,cult_2025,18,66,,,,0,0,1,2,63,0,0,0,0
national,cult_2025,21,64,,,,0,11,1,0,52,0,3,0,0
national,cult_2025,23,19,,,,2,6,2,0,9,0,1,0,0
national,cult_2025,26,62,,,,3,8,1,4,46,0,0,0,1
national,cult_2025,32,69,,,,6,0,0,6,57,0,0,0,0
national,cult_2025,35,49,,,,19,0,0,7,23,4,0,0,6
national,cult_2025,46,73,,,,5,0,0,2,66,1,0,0,0
national,cult_2025,48,52,,,,4,0,0,2,46,0,0,0,0
national,cult_2025,51,91,,,,3,11,2,0,75,0,2,0,0
national,cult_2025,53,60,,,,3,0,0,3,54,1,0,0,1
national,cult_2025,56,64,,,,2,0,0,3,59,0,0,0,0
national,cult_2025,59,51,,,,3,13,2,3,30,0,1,1,2
national,cult_2025,61,55,,,,0,4,1,0,50,0,0,0,0
national,cult_2025,63,51,,,,0,17,5,0,29,0,9,2,0
national,cult_2025,65,16,,,,0,2,0,0,14,0,0,0,0
national,cult_2025,68,60,,,,0,4,2,1,53,0,0,0,0
national,cult_2025,71,66,,,,2,0,0,3,61,0,0,0,0
national,cult_2025,73,52,,,,0,18,4,0,30,0,4,0,0
national,cult_2025,74,57,,,,2,0,1,3,51,0,0,0,0
national,cult_2025,80,1,,,,0,0,0,0,1,0,0,0,0
national,d_econ,all,1288,0.451624,0.001,0.00656056,219,129,20,34,886,81,71,5,12
national,d_econ,05,63,,,,0,0,0,0,63,0,0,0,0
national,d_econ,07,54,,,,27,0,0,1,26,12,0,0,1
national,d_econ,12,82,,,,0,4,1,0,77,0,0,1,0
national,d_econ,14,11,,,,0,11,0,0,0,0,11,0,0
national,d_econ,18,66,,,,4,1,0,1,60,1,0,0,0
national,d_econ,21,64,,,,33,0,0,5,26,21,0,0,1
national,d_econ,23,19,,,,0,6,1,0,12,0,5,0,0
national,d_econ,26,62,,,,38,0,0,6,18,6,0,0,1
national,d_econ,32,69,,,,0,2,0,0,67,0,0,0,0
national,d_econ,35,49,,,,0,5,2,0,42,0,0,0,0
national,d_econ,46,73,,,,44,0,0,7,22,24,0,0,3
national,d_econ,48,52,,,,0,9,2,1,40,0,5,0,0
national,d_econ,51,91,,,,1,4,0,1,85,0,0,0,0
national,d_econ,53,60,,,,0,5,2,0,53,0,0,0,0
national,d_econ,56,64,,,,10,0,0,2,52,3,0,0,2
national,d_econ,59,51,,,,0,27,4,0,20,0,14,3,0
national,d_econ,61,55,,,,20,0,0,6,29,1,0,0,4
national,d_econ,63,51,,,,0,32,4,0,15,0,22,1,0
national,d_econ,65,16,,,,0,16,0,0,0,0,14,0,0
national,d_econ,68,60,,,,5,0,0,0,55,2,0,0,0
national,d_econ,71,66,,,,0,3,2,0,61,0,0,0,0
national,d_econ,73,52,,,,37,0,0,3,12,11,0,0,0
national,d_econ,74,57,,,,0,4,2,1,50,0,0,0,0
national,d_econ,80,1,,,,0,0,0,0,1,0,0,0,0
national,d_rights,all,1288,0.109815,0.001,0.00139752,79,66,36,43,1064,18,11,2,5
national,d_rights,05,63,,,,0,6,3,0,54,0,0,0,0
national,d_rights,07,54,,,,1,1,1,2,49,0,0,0,0
national,d_rights,12,82,,,,15,0,1,8,58,2,0,0,2
national,d_rights,14,11,,,,0,9,1,0,1,0,7,0,0
national,d_rights,18,66,,,,1,7,1,0,57,0,0,0,0
national,d_rights,21,64,,,,0,0,2,1,61,0,0,0,0
national,d_rights,23,19,,,,3,0,1,3,12,3,0,0,0
national,d_rights,26,62,,,,1,0,2,3,56,0,0,0,0
national,d_rights,32,69,,,,1,0,0,1,67,0,0,0,0
national,d_rights,35,49,,,,7,0,0,5,37,0,0,0,0
national,d_rights,46,73,,,,1,8,1,2,61,0,0,0,0
national,d_rights,48,52,,,,20,0,0,9,23,9,0,0,2
national,d_rights,51,91,,,,2,6,5,2,76,0,0,0,0
national,d_rights,53,60,,,,1,20,9,0,30,0,4,0,0
national,d_rights,56,64,,,,0,3,2,0,59,0,0,1,0
national,d_rights,59,51,,,,1,0,1,1,48,0,0,0,0
national,d_rights,61,55,,,,2,0,1,0,52,0,0,0,0
national,d_rights,63,51,,,,8,0,2,1,40,0,0,1,0
national,d_rights,65,16,,,,9,0,0,2,5,3,0,0,1
national,d_rights,68,60,,,,0,3,1,0,56,0,0,0,0
national,d_rights,71,66,,,,3,3,2,1,57,1,0,0,0
national,d_rights,73,52,,,,0,0,0,0,52,0,0,0,0
national,d_rights,74,57,,,,3,0,0,2,52,0,0,0,0
national,d_rights,80,1,,,,0,0,0,0,1,0,0,0,0
national,d_cult,all,1288,0.23598,0.001,0.00209627,70,82,15,39,1082,9,38,2,5
national,d_cult,05,63,,,,5,0,0,0,58,0,0,0,0
national,d_cult,07,54,,,,5,0,0,1,48,0,0,0,0
national,d_cult,12,82,,,,1,10,2,1,68,0,5,0,0
national,d_cult,14,11,,,,0,11,0,0,0,0,10,0,0
national,d_cult,18,66,,,,9,0,1,4,52,1,0,0,1
national,d_cult,21,64,,,,13,0,0,5,46,4,0,0,2
national,d_cult,23,19,,,,0,6,0,1,12,0,3,0,0
national,d_cult,26,62,,,,4,0,0,0,58,0,0,0,0
national,d_cult,32,69,,,,1,0,1,4,63,0,0,0,0
national,d_cult,35,49,,,,0,0,0,0,49,0,0,0,0
national,d_cult,46,73,,,,16,0,0,8,49,4,0,0,2
national,d_cult,48,52,,,,2,4,0,1,45,0,0,0,0
national,d_cult,51,91,,,,4,4,0,4,79,0,0,0,0
national,d_cult,53,60,,,,0,1,1,1,57,0,0,0,0
national,d_cult,56,64,,,,2,0,0,1,61,0,0,0,0
national,d_cult,59,51,,,,0,14,3,1,33,0,4,1,0
national,d_cult,61,55,,,,5,0,0,3,47,0,0,0,0
national,d_cult,63,51,,,,0,20,4,0,27,0,13,1,0
national,d_cult,65,16,,,,0,9,1,0,6,0,3,0,0
national,d_cult,68,60,,,,0,0,0,0,60,0,0,0,0
national,d_cult,71,66,,,,2,0,0,1,63,0,0,0,0
national,d_cult,73,52,,,,0,0,0,1,51,0,0,0,0
national,d_cult,74,57,,,,1,3,2,2,49,0,0,0,0
national,d_cult,80,1,,,,0,0,0,0,1,0,0,0,0
national,imbalance_2021,all,1288,0.292381,0.001,0.00310559,122,77,29,36,1024,56,9,3,12
national,imbalance_2021,05,63,,,,0,7,3,0,53,0,1,0,0
national,imbalance_2021,07,54,,,,13,0,0,0,41,4,0,0,0
national,imbalance_2021,12,82,,,,2,2,1,2,75,0,0,0,0
national,imbalance_2021,14,11,,,,0,0,1,0,10,0,0,0,0
national,imbalance_2021,18,66,,,,1,3,1,0,61,0,0,0,0
national,imbalance_2021,21,64,,,,30,0,0,8,26,18,0,0,4
national,imbalance_2021,23,19,,,,0,0,0,1,18,0,0,0,0
national,imbalance_2021,26,62,,,,30,0,0,10,22,21,0,0,2
national,imbalance_2021,32,69,,,,0,9,3,0,57,0,0,1,0
national,imbalance_2021,35,49,,,,0,0,0,0,49,0,0,0,0
national,imbalance_2021,46,73,,,,3,5,1,3,61,0,0,0,0
national,imbalance_2021,48,52,,,,1,3,3,2,43,0,1,0,0
national,imbalance_2021,51,91,,,,0,6,5,0,80,0,1,2,0
national,imbalance_2021,53,60,,,,0,7,2,0,51,0,1,0,0
national,imbalance_2021,56,64,,,,14,0,2,3,45,2,0,0,1
national,imbalance_2021,59,51,,,,0,5,1,0,45,0,1,0,0
national,imbalance_2021,61,55,,,,4,0,1,0,50,0,0,0,0
national,imbalance_2021,63,51,,,,0,5,2,0,44,0,0,0,0
national,imbalance_2021,65,16,,,,0,0,0,0,16,0,0,0,0
national,imbalance_2021,68,60,,,,0,7,2,1,50,0,0,0,0
national,imbalance_2021,71,66,,,,0,2,0,0,64,0,0,0,0
national,imbalance_2021,73,52,,,,24,0,0,6,22,11,0,0,5
national,imbalance_2021,74,57,,,,0,16,1,0,40,0,4,0,0
national,imbalance_2021,80,1,,,,0,0,0,0,1,0,0,0,0
national,lean_cult_2021,all,1288,0.41165,0.001,0.00640528,173,133,39,23,920,105,38,9,13
national,lean_cult_2021,05,63,,,,0,4,2,0,57,0,0,0,0
national,lean_cult_2021,07,54,,,,27,0,0,2,25,12,0,0,1
national,lean_cult_2021,12,82,,,,0,10,4,0,68,0,3,1,0
national,lean_cult_2021,14,11,,,,0,0,0,0,11,0,0,0,0
national,lean_cult_2021,18,66,,,,0,9,3,0,54,0,2,0,0
national,lean_cult_2021,21,64,,,,32,3,0,6,23,20,1,0,4
national,lean_cult_2021,23,19,,,,0,0,1,0,18,0,0,0,0
national,lean_cult_2021,26,62,,,,41,0,0,7,14,35,0,0,5
national,lean_cult_2021,32,69,,,,0,27,3,0,39,0,13,0,0
national,lean_cult_2021,35,49,,,,0,1,1,0,47,0,0,1,0
national,lean_cult_2021,46,73,,,,7,7,3,0,56,2,4,2,0
national,lean_cult_2021,48,52,,,,0,1,1,0,50,0,0,0,0
national,lean_cult_2021,51,91,,,,0,8,1,0,82,0,0,1,0
national,lean_cult_2021,53,60,,,,0,11,4,0,45,0,1,0,0
national,lean_cult_2021,56,64,,,,23,0,0,6,35,10,0,0,3
national,lean_cult_2021,59,51,,,,0,8,2,0,41,0,2,1,0
national,lean_cult_2021,61,55,,,,10,3,0,0,42,4,0,0,0
national,lean_cult_2021,63,51,,,,0,10,4,0,37,0,2,2,0
national,lean_cult_2021,65,16,,,,0,0,0,0,16,0,0,0,0
national,lean_cult_2021,68,60,,,,0,5,4,0,51,0,0,0,0
national,lean_cult_2021,71,66,,,,0,9,4,0,53,0,0,0,0
national,lean_cult_2021,73,52,,,,33,0,0,2,17,22,0,0,0
national,lean_cult_2021,74,57,,,,0,16,2,0,39,0,9,1,0
national,lean_cult_2021,80,1,,,,0,1,0,0,0,0,1,0,0
national,lean_econ_rights_2021,all,1288,0.266938,0.001,0.00372671,105,110,34,42,997,22,54,10,10
national,lean_econ_rights_2021,05,63,,,,2,0,0,2,59,0,0,0,0
national,lean_econ_rights_2021,07,54,,,,5,8,3,1,37,0,2,2,0
national,lean_econ_rights_2021,12,82,,,,13,0,1,9,59,2,0,0,2
national,lean_econ_rights_2021,14,11,,,,1,0,0,1,9,0,0,0,0
national,lean_econ_rights_2021,18,66,,,,0,1,0,1,64,0,0,0,0
national,lean_econ_rights_2021,21,64,,,,0,28,8,0,28,0,17,3,0
national,lean_econ_rights_2021,23,19,,,,3,0,2,0,14,0,0,0,0
national,lean_econ_rights_2021,26,62,,,,0,24,5,0,33,0,19,3,0
national,lean_econ_rights_2021,32,69,,,,0,0,0,2,67,0,0,0,0
national,lean_econ_rights_2021,35,49,,,,17,0,0,6,26,2,0,0,2
national,lean_econ_rights_2021,46,73,,,,0,14,2,0,57,0,4,1,0
national,lean_econ_rights_2021,48,52,,,,19,0,0,4,29,12,0,0,3
national,lean_econ_rights_2021,51,91,,,,15,0,0,3,73,1,0,0,0
national,lean_econ_rights_2021,53,60,,,,3,0,0,0,57,0,0,0,0
national,lean_econ_rights_2021,56,64,,,,5,6,1,6,46,0,1,0,2
national,lean_econ_rights_2021,59,51,,,,0,0,0,0,51,0,0,0,0
national,lean_econ_rights_2021,61,55,,,,0,4,3,0,48,0,0,0,0
national,lean_econ_rights_2021,63,51,,,,2,0,0,1,48,0,0,0,0
national,lean_econ_rights_2021,65,16,,,,7,0,0,1,8,3,0,0,1
national,lean_econ_rights_2021,68,60,,,,0,2,2,1,55,0,0,0,0
national,lean_econ_rights_2021,71,66,,,,13,0,0,4,49,2,0,0,0
national,lean_econ_rights_2021,73,52,,,,0,23,6,0,23,0,11,1,0
national,lean_econ_rights_2021,74,57,,,,0,0,1,0,56,0,0,0,0
national,lean_econ_rights_2021,80,1,,,,0,0,0,0,1,0,0,0,0
national,imbalance_2025,all,1288,0.212278,0.001,3.88199e-05,81,82,22,34,1069,0,0,0,0
national,imbalance_2025,05,63,,,,0,3,4,0,56,0,0,0,0
national,imbalance_2025,07,54,,,,3,0,0,1,50,0,0,0,0
national,imbalance_2025,12,82,,,,0,10,1,3,68,0,0,0,0
national,imbalance_2025,14,11,,,,5,0,0,2,4,0,0,0,0
national,imbalance_2025,18,66,,,,0,0,3,0,63,0,0,0,0
national,imbalance_2025,21,64,,,,4,0,0,2,58,0,0,0,0
national,imbalance_2025,23,19,,,,5,0,0,1,13,0,0,0,0
national,imbalance_2025,26,62,,,,5,0,0,7,50,0,0,0,0
national,imbalance_2025,32,69,,,,0,7,2,0,60,0,0,0,0
national,imbalance_2025,35,49,,,,0,4,1,0,44,0,0,0,0
national,imbalance_2025,46,73,,,,0,13,2,0,58,0,0,0,0
national,imbalance_2025,48,52,,,,3,1,2,1,45,0,0,0,0
national,imbalance_2025,51,91,,,,0,4,3,0,84,0,0,0,0
national,imbalance_2025,53,60,,,,0,17,0,0,43,0,0,0,0
national,imbalance_2025,56,64,,,,15,0,0,7,42,0,0,0,0
national,imbalance_2025,59,51,,,,0,1,1,2,47,0,0,0,0
national,imbalance_2025,61,55,,,,0,0,0,1,54,0,0,0,0
national,imbalance_2025,63,51,,,,14,0,0,3,34,0,0,0,0
national,imbalance_2025,65,16,,,,11,0,0,0,5,0,0,0,0
national,imbalance_2025,68,60,,,,0,3,0,0,57,0,0,0,0
national,imbalance_2025,71,66,,,,0,7,3,0,56,0,0,0,0
national,imbalance_2025,73,52,,,,16,0,0,4,32,0,0,0,0
national,imbalance_2025,74,57,,,,0,12,0,0,45,0,0,0,0
national,imbalance_2025,80,1,,,,0,0,0,0,1,0,0,0,0
national,lean_cult_2025,all,1288,0.321995,0.001,0.00384317,142,132,26,30,958,57,28,3,11
national,lean_cult_2025,05,63,,,,1,1,0,1,60,0,0,0,0
national,lean_cult_2025,07,54,,,,19,0,0,5,30,4,0,0,1
national,lean_cult_2025,12,82,,,,0,18,3,0,61,0,5,1,0
national,lean_cult_2025,14,11,,,,0,0,1,0,10,0,0,0,0
national,lean_cult_2025,18,66,,,,3,2,1,0,60,1,0,0,0
national,lean_cult_2025,21,64,,,,16,0,1,5,42,5,0,0,1
national,lean_cult_2025,23,19,,,,0,3,0,0,16,0,0,0,0
national,lean_cult_2025,26,62,,,,28,0,0,8,26,14,0,0,6
national,lean_cult_2025,32,69,,,,0,26,2,0,41,0,2,0,0
national,lean_cult_2025,35,49,,,,0,0,0,0,49,0,0,0,0
national,lean_cult_2025,46,73,,,,6,4,1,4,58,0,0,0,0
national,lean_cult_2025,48,52,,,,0,4,0,0,48,0,0,0,0
national,lean_cult_2025,51,91,,,,0,11,3,0,77,0,2,0,0
national,lean_cult_2025,53,60,,,,0,2,1,0,57,0,0,0,0
national,lean_cult_2025,56,64,,,,37,0,0,4,23,18,0,0,3
national,lean_cult_2025,59,51,,,,1,8,4,0,38,0,1,1,0
national,lean_cult_2025,61,55,,,,10,4,0,1,40,3,1,0,0
national,lean_cult_2025,63,51,,,,0,21,1,0,29,0,10,0,0
national,lean_cult_2025,65,16,,,,3,0,0,0,13,0,0,0,0
national,lean_cult_2025,68,60,,,,0,3,3,0,54,0,0,0,0
national,lean_cult_2025,71,66,,,,0,9,3,0,54,0,1,0,0
national,lean_cult_2025,73,52,,,,18,1,0,2,31,12,0,0,0
national,lean_cult_2025,74,57,,,,0,14,2,0,41,0,6,1,0
national,lean_cult_2025,80,1,,,,0,1,0,0,0,0,0,0,0
national,lean_econ_rights_2025,all,1288,0.301706,0.001,0.00229037,81,101,13,45,1048,10,41,2,6
national,lean_econ_rights_2025,05,63,,,,0,0,0,2,61,0,0,0,0
national,lean_econ_rights_2025,07,54,,,,17,0,0,6,31,0,0,0,0
national,lean_econ_rights_2025,12,82,,,,0,3,1,1,77,0,1,1,0
national,lean_econ_rights_2025,14,11,,,,0,7,1,0,3,0,4,0,0
national,lean_econ_rights_2025,18,66,,,,0,1,0,0,65,0,0,0,0
national,lean_econ_rights_2025,21,64,,,,7,3,3,9,42,1,0,0,2
national,lean_econ_rights_2025,23,19,,,,0,8,2,0,9,0,5,0,0
national,lean_econ_rights_2025,26,62,,,,11,0,0,3,48,2,0,0,0
national,lean_econ_rights_2025,32,69,,,,0,0,0,0,69,0,0,0,0
national,lean_econ_rights_2025,35,49,,,,1,0,0,0,48,0,0,0,0
national,lean_econ_rights_2025,46,73,,,,0,0,2,0,71,0,0,0,0
national,lean_econ_rights_2025,48,52,,,,1,7,0,0,44,0,4,0,0
national,lean_econ_rights_2025,51,91,,,,24,0,0,4,63,3,0,0,0
national,lean_econ_rights_2025,53,60,,,,1,0,0,0,59,0,0,0,0
national,lean_econ_rights_2025,56,64,,,,14,1,0,7,42,4,0,0,3
national,lean_econ_rights_2025,59,51,,,,0,19,3,0,29,0,1,0,0
national,lean_econ_rights_2025,61,55,,,,0,0,0,3,52,0,0,0,0
national,lean_econ_rights_2025,63,51,,,,0,28,1,0,22,0,11,1,0
national,lean_econ_rights_2025,65,16,,,,0,16,0,0,0,0,14,0,0
national,lean_econ_rights_2025,68,60,,,,2,0,0,1,57,0,0,0,0
national,lean_econ_rights_2025,71,66,,,,2,0,0,0,64,0,0,0,0
national,lean_econ_rights_2025,73,52,,,,1,0,0,9,42,0,0,0,1
national,lean_econ_rights_2025,74,57,,,,0,8,0,0,49,0,1,0,0
national,lean_econ_rights_2025,80,1,,,,0,0,0,0,1,0,0,0,0
carpathian,econ_2021,all,251,0.390184,0.001,0.00577689,29,33,10,7,172,17,6,3,3
carpathian,econ_2021,21,64,,,,6,12,4,0,42,2,1,2,0
carpathian,econ_2021,26,62,,,,1,11,2,2,46,0,3,1,1
carpathian,econ_2021,46,73,,,,22,0,0,5,46,15,0,0,2
carpathian,econ_2021,73,52,,,,0,10,4,0,38,0,2,0,0
carpathian,rights_2021,all,251,0.302081,0.001,0.00258964,41,23,16,5,166,6,3,4,0
carpathian,rights_2021,21,64,,,,4,5,5,0,50,0,0,0,0
carpathian,rights_2021,26,62,,,,0,6,5,1,50,0,1,2,0
carpathian,rights_2021,46,73,,,,37,0,0,4,32,6,0,0,0
carpathian,rights_2021,73,52,,,,0,12,6,0,34,0,2,2,0
carpathian,cult_2021,all,251,0.145498,0.001,0.00059761,17,26,11,7,190,1,2,0,0
carpathian,cult_2021,21,64,,,,0,3,7,0,54,0,0,0,0
carpathian,cult_2021,26,62,,,,5,9,0,5,43,0,0,0,0
carpathian,cult_2021,46,73,,,,8,0,1,2,62,1,0,0,0
carpathian,cult_2021,73,52,,,,4,14,3,0,31,0,2,0,0
carpathian,econ_2025,all,251,0.488696,0.001,0.00956175,42,43,6,7,153,27,18,1,2
carpathian,econ_2025,21,64,,,,6,17,1,1,39,3,9,1,0
carpathian,econ_2025,26,62,,,,2,10,2,2,46,1,6,0,0
carpathian,econ_2025,46,73,,,,34,2,0,4,33,23,0,0,2
carpathian,econ_2025,73,52,,,,0,14,3,0,35,0,3,0,0
carpathian,rights_2025,all,251,0.307947,0.001,0.00258964,41,24,7,7,172,11,1,1,0
carpathian,rights_2025,21,64,,,,3,3,3,2,53,0,0,0,0
carpathian,rights_2025,26,62,,,,5,10,1,2,44,0,1,1,0
carpathian,rights_2025,46,73,,,,33,0,0,3,37,11,0,0,0
carpathian,rights_2025,73,52,,,,0,11,3,0,38,0,0,0,0
carpathian,cult_2025,all,251,0.219394,0.001,0.00298805,19,34,7,9,182,3,10,0,2
carpathian,cult_2025,21,64,,,,0,11,1,0,52,0,3,0,0
carpathian,cult_2025,26,62,,,,4,6,3,4,45,0,0,0,1
carpathian,cult_2025,46,73,,,,12,0,0,5,56,3,0,0,1
carpathian,cult_2025,73,52,,,,3,17,3,0,29,0,7,0,0
carpathian,d_econ,all,251,0.00798658,0.348,0.000199203,7,3,8,6,227,0,0,0,0
carpathian,d_econ,21,64,,,,6,3,5,2,48,0,0,0,0
carpathian,d_econ,26,62,,,,0,0,0,1,61,0,0,0,0
carpathian,d_econ,46,73,,,,1,0,2,3,67,0,0,0,0
carpathian,d_econ,73,52,,,,0,0,1,0,51,0,0,0,0
carpathian,d_rights,all,251,0.0115649,0.315,0.000199203,9,11,6,8,217,0,0,0,0
carpathian,d_rights,21,64,,,,2,0,2,2,58,0,0,0,0
carpathian,d_rights,26,62,,,,4,0,2,3,53,0,0,0,0
carpathian,d_rights,46,73,,,,3,11,2,3,54,0,0,0,0
carpathian,d_rights,73,52,,,,0,0,0,0,52,0,0,0,0
carpathian,d_cult,all,251,0.067482,0.025,0.000398406,11,8,7,8,217,0,0,0,2
carpathian,d_cult,21,64,,,,6,3,3,3,49,0,0,0,1
carpathian,d_cult,26,62,,,,0,3,3,0,56,0,0,0,0
carpathian,d_cult,46,73,,,,5,0,1,5,62,0,0,0,1
carpathian,d_cult,73,52,,,,0,2,0,0,50,0,0,0,0
carpathian,imbalance_2021,all,251,0.222851,0.001,0.00139442,25,29,6,12,179,0,5,1,1
carpathian,imbalance_2021,21,64,,,,9,0,0,6,49,0,0,0,0
carpathian,imbalance_2021,26,62,,,,10,1,0,2,49,0,0,0,0
carpathian,imbalance_2021,46,73,,,,0,28,6,0,39,0,5,1,0
carpathian,imbalance_2021,73,52,,,,6,0,0,4,42,0,0,0,1
carpathian,lean_cult_2021,all,251,0.312719,0.001,0.00418327,32,37,3,7,172,6,13,0,2
carpathian,lean_cult_2021,21,64,,,,6,8,2,3,45,1,3,0,1
carpathian,lean_cult_2021,26,62,,,,14,0,0,4,44,2,0,0,1
carpathian,lean_cult_2021,46,73,,,,0,27,1,0,45,0,10,0,0
carpathian,lean_cult_2021,73,52,,,,12,2,0,0,38,3,0,0,0
carpathian,lean_econ_rights_2021,all,251,0.133043,0.001,0.000199203,19,16,11,7,198,0,0,0,0
carpathian,lean_econ_rights_2021,21,64,,,,4,6,5,1,48,0,0,0,0
carpathian,lean_econ_rights_2021,26,62,,,,2,10,2,2,46,0,0,0,0
carpathian,lean_econ_rights_2021,46,73,,,,13,0,1,3,56,0,0,0,0
carpathian,lean_econ_rights_2021,73,52,,,,0,0,3,1,48,0,0,0,0
carpathian,imbalance_2025,all,251,0.114531,0.004,0.000199203,15,32,2,11,191,0,0,0,0
carpathian,imbalance_2025,21,64,,,,2,0,0,2,60,0,0,0,0
carpathian,imbalance_2025,26,62,,,,3,0,0,5,54,0,0,0,0
carpathian,imbalance_2025,46,73,,,,0,32,2,0,39,0,0,0,0
carpathian,imbalance_2025,73,52,,,,10,0,0,4,38,0,0,0,0
carpathian,lean_cult_2025,all,251,0.204759,0.001,0.000199203,19,29,2,7,194,0,0,0,0
carpathian,lean_cult_2025,21,64,,,,1,2,2,1,58,0,0,0,0
carpathian,lean_cult_2025,26,62,,,,8,2,0,5,47,0,0,0,0
carpathian,lean_cult_2025,46,73,,,,0,20,0,0,53,0,0,0,0
carpathian,lean_cult_2025,73,52,,,,10,5,0,1,36,0,0,0,0
carpathian,lean_econ_rights_2025,all,251,0.0377867,0.114,0.00119522,6,15,4,13,213,0,4,2,0
carpathian,lean_econ_rights_2025,21,64,,,,1,10,2,6,45,0,4,2,0
carpathian,lean_econ_rights_2025,26,62,,,,5,0,0,4,53,0,0,0,0
carpathian,lean_econ_rights_2025,46,73,,,,0,5,1,0,67,0,0,0,0
carpathian,lean_econ_rights_2025,73,52,,,,0,0,1,3,48,0,0,0,0
