k1,k2,k3,name,fop_count,fop_date,fop_count_base,fop_base_date,le_count,le_date,le_count_base,le_base_date
05,0502,0502001,Агрономічна сільська громада,829.0,2026-07-01,421.0,2022-01-01,306.0,2026-07-01,234.0,2022-01-01
05,0502,0502003,Вінницька міська громада,26155.0,2026-07-01,17076.0,2022-01-01,17957.0,2026-07-01,15416.0,2022-01-01
05,0502,0502005,Вороновицька селищна громада,441.0,2026-07-01,260.0,2022-01-01,316.0,2026-07-01,298.0,2022-01-01
05,0502,0502007,Гніванська міська громада,736.0,2026-07-01,493.0,2022-01-01,318.0,2026-07-01,281.0,2022-01-01
05,0502,0502009,Іллінецька міська громада,867.0,2026-07-01,609.0,2022-01-01,402.0,2026-07-01,397.0,2022-01-01
05,0502,0502011,Липовецька міська громада,682.0,2026-07-01,496.0,2022-01-01,380.0,2026-07-01,409.0,2022-01-01
05,0502,0502013,Літинська селищна громада,827.0,2026-07-01,533.0,2022-01-01,404.0,2026-07-01,383.0,2022-01-01
05,0502,0502015,Лука-Мелешківська сільська громада,513.0,2026-07-01,331.0,2022-01-01,290.0,2026-07-01,251.0,2022-01-01
05,0502,0502017,Немирівська міська громада,1120.0,2026-07-01,761.0,2022-01-01,623.0,2026-07-01,614.0,2022-01-01
05,0502,0502019,Оратівська селищна громада,565.0,2026-07-01,382.0,2022-01-01,430.0,2026-07-01,444.0,2022-01-01
05,0502,0502021,Погребищенська міська громада,1041.0,2026-07-01,791.0,2022-01-01,526.0,2026-07-01,516.0,2022-01-01
05,0502,0502023,Стрижавська селищна громада,769.0,2026-07-01,510.0,2022-01-01,358.0,2026-07-01,316.0,2022-01-01
05,0502,0502025,Сутисківська селищна громада,232.0,2026-07-01,132.0,2022-01-01,89.0,2026-07-01,80.0,2022-01-01
05,0502,0502027,Тиврівська селищна громада,362.0,2026-07-01,246.0,2022-01-01,307.0,2026-07-01,311.0,2022-01-01
05,0502,0502029,Турбівська селищна громада,447.0,2026-07-01,308.0,2022-01-01,212.0,2026-07-01,207.0,2022-01-01
05,0502,0502031,Якушинецька сільська громада,1089.0,2026-07-01,590.0,2022-01-01,504.0,2026-07-01,432.0,2022-01-01
05,0504,0504001,Бершадська міська громада,1611.0,2026-07-01,1174.0,2022-01-01,633.0,2026-07-01,629.0,2022-01-01
05,0504,0504003,Гайсинська міська громада,1694.0,2026-07-01,1196.0,2022-01-01,598.0,2026-07-01,564.0,2022-01-01
05,0504,0504005,Дашівська селищна громада,353.0,2026-07-01,193.0,2022-01-01,202.0,2026-07-01,205.0,2022-01-01
05,0504,0504007,Джулинська сільська громада,282.0,2026-07-01,183.0,2022-01-01,183.0,2026-07-01,170.0,2022-01-01
05,0504,0504009,Краснопільська сільська громада,178.0,2026-07-01,112.0,2022-01-01,111.0,2026-07-01,105.0,2022-01-01
05,0504,0504011,Кунківська сільська громада,92.0,2026-07-01,46.0,2022-01-01,55.0,2026-07-01,56.0,2022-01-01
05,0504,0504013,Ладижинська міська громада,912.0,2026-07-01,577.0,2022-01-01,392.0,2026-07-01,343.0,2022-01-01
05,0504,0504015,Ободівська сільська громада,234.0,2026-07-01,170.0,2022-01-01,120.0,2026-07-01,126.0,2022-01-01
05,0504,0504017,Ольгопільська сільська громада,158.0,2026-07-01,77.0,2022-01-01,71.0,2026-07-01,69.0,2022-01-01
05,0504,0504019,Райгородська сільська громада,165.0,2026-07-01,100.0,2022-01-01,115.0,2026-07-01,129.0,2022-01-01
05,0504,0504021,Соболівська сільська громада,183.0,2026-07-01,127.0,2022-01-01,140.0,2026-07-01,133.0,2022-01-01
05,0504,0504023,Теплицька селищна громада,671.0,2026-07-01,497.0,2022-01-01,480.0,2026-07-01,460.0,2022-01-01
05,0504,0504025,Тростянецька селищна громада,810.0,2026-07-01,540.0,2022-01-01,409.0,2026-07-01,382.0,2022-01-01
05,0504,0504027,Чечельницька селищна громада,412.0,2026-07-01,295.0,2022-01-01,264.0,2026-07-01,272.0,2022-01-01
05,0506,0506001,Барська міська громада,1776.0,2026-07-01,1039.0,2022-01-01,730.0,2026-07-01,650.0,2022-01-01
05,0506,0506003,Джуринська сільська громада,265.0,2026-07-01,185.0,2022-01-01,144.0,2026-07-01,137.0,2022-01-01
05,0506,0506005,Жмеринська міська громада,2031.0,2026-07-01,1250.0,2022-01-01,869.0,2026-07-01,839.0,2022-01-01
05,0506,0506007,Копайгородська селищна громада,140.0,2026-07-01,84.0,2022-01-01,98.0,2026-07-01,85.0,2022-01-01
05,0506,0506009,Мурафська сільська громада,259.0,2026-07-01,155.0,2022-01-01,137.0,2026-07-01,130.0,2022-01-01
05,0506,0506011,Северинівська сільська громада,172.0,2026-07-01,93.0,2022-01-01,140.0,2026-07-01,130.0,2022-01-01
05,0506,0506013,Станіславчицька сільська громада,164.0,2026-07-01,75.0,2022-01-01,118.0,2026-07-01,117.0,2022-01-01
05,0506,0506015,Шаргородська міська громада,742.0,2026-07-01,471.0,2022-01-01,448.0,2026-07-01,435.0,2022-01-01
05,0508,0508001,Бабчинецька сільська громада,101.0,2026-07-01,61.0,2022-01-01,73.0,2026-07-01,66.0,2022-01-01
05,0508,0508003,Вендичанська селищна громада,316.0,2026-07-01,222.0,2022-01-01,144.0,2026-07-01,147.0,2022-01-01
05,0508,0508005,Могилів-Подільська міська громада,2216.0,2026-07-01,1628.0,2022-01-01,844.0,2026-07-01,814.0,2022-01-01
05,0508,0508007,Мурованокуриловецька селищна громада,617.0,2026-07-01,376.0,2022-01-01,340.0,2026-07-01,344.0,2022-01-01
05,0508,0508009,Чернівецька селищна громада,425.0,2026-07-01,299.0,2022-01-01,233.0,2026-07-01,224.0,2022-01-01
05,0508,0508011,Ямпільська міська громада,1055.0,2026-07-01,650.0,2022-01-01,378.0,2026-07-01,395.0,2022-01-01
05,0508,0508013,Яришівська сільська громада,162.0,2026-07-01,97.0,2022-01-01,86.0,2026-07-01,99.0,2022-01-01
05,0510,0510001,Брацлавська селищна громада,217.0,2026-07-01,143.0,2022-01-01,162.0,2026-07-01,161.0,2022-01-01
05,0510,0510003,Вапнярська селищна громада,360.0,2026-07-01,202.0,2022-01-01,119.0,2026-07-01,102.0,2022-01-01
05,0510,0510005,Городківська сільська громада,324.0,2026-07-01,183.0,2022-01-01,151.0,2026-07-01,145.0,2022-01-01
05,0510,0510007,Крижопільська селищна громада,802.0,2026-07-01,545.0,2022-01-01,398.0,2026-07-01,412.0,2022-01-01
05,0510,0510009,Піщанська селищна громада,360.0,2026-07-01,237.0,2022-01-01,215.0,2026-07-01,222.0,2022-01-01
05,0510,0510011,Студенянська сільська громада,94.0,2026-07-01,60.0,2022-01-01,79.0,2026-07-01,77.0,2022-01-01
05,0510,0510013,Томашпільська селищна громада,755.0,2026-07-01,427.0,2022-01-01,316.0,2026-07-01,302.0,2022-01-01
05,0510,0510015,Тульчинська міська громада,1873.0,2026-07-01,1405.0,2022-01-01,614.0,2026-07-01,591.0,2022-01-01
05,0510,0510017,Шпиківська селищна громада,408.0,2026-07-01,270.0,2022-01-01,237.0,2026-07-01,223.0,2022-01-01
05,0512,0512001,Глуховецька селищна громада,307.0,2026-07-01,171.0,2022-01-01,207.0,2026-07-01,201.0,2022-01-01
05,0512,0512003,Жданівська сільська громада,155.0,2026-01-01,101.0,2022-01-01,82.0,2026-01-01,78.0,2022-01-01
05,0512,0512005,Іванівська сільська громада,344.0,2026-07-01,205.0,2022-01-01,153.0,2026-07-01,136.0,2022-01-01
05,0512,0512007,Калинівська міська громада,1764.0,2026-07-01,1131.0,2022-01-01,854.0,2026-07-01,793.0,2022-01-01
05,0512,0512009,Козятинська міська громада,1546.0,2026-07-01,997.0,2022-01-01,833.0,2026-07-01,773.0,2022-01-01
05,0512,0512011,Махнівська сільська громада,183.0,2026-07-01,107.0,2022-01-01,165.0,2026-07-01,151.0,2022-01-01
05,0512,0512013,Самгородоцька сільська громада,213.0,2026-07-01,132.0,2022-01-01,180.0,2026-07-01,156.0,2022-01-01
05,0512,0512015,Уланівська сільська громада,341.0,2026-07-01,233.0,2022-01-01,258.0,2026-07-01,255.0,2022-01-01
05,0512,0512017,Хмільницька міська громада,1697.0,2026-07-01,1214.0,2022-01-01,773.0,2026-07-01,694.0,2022-01-01
18,1802,1802001,Андрушівська міська громада,727.0,2026-01-01,514.0,2022-01-01,,,,
18,1802,1802003,Бердичівська міська громада,3790.0,2026-01-01,2929.0,2022-01-01,,,,
18,1802,1802005,Вчорайшенська сільська громада,128.0,2026-01-01,75.0,2022-01-01,,,,
18,1802,1802007,Гришковецька селищна громада,311.0,2026-01-01,222.0,2022-01-01,,,,
18,1802,1802009,Краснопільська сільська громада,152.0,2026-01-01,91.0,2022-01-01,,,,
18,1802,1802011,Райгородоцька сільська громада,195.0,2026-01-01,118.0,2022-01-01,,,,
18,1802,1802013,Ружинська селищна громада,641.0,2026-01-01,425.0,2022-01-01,,,,
18,1802,1802015,Семенівська сільська громада,112.0,2026-01-01,57.0,2022-01-01,,,,
18,1802,1802017,Червоненська селищна громада,126.0,2026-01-01,74.0,2022-01-01,,,,
18,1802,1802019,Швайківська сільська громада,88.0,2026-01-01,37.0,2022-01-01,,,,
18,1804,1804001,Андрушківська сільська громада,104.0,2026-01-01,57.0,2022-01-01,,,,
18,1804,1804003,Березівська сільська громада,319.0,2026-01-01,197.0,2022-01-01,,,,
18,1804,1804005,Брусилівська селищна громада,572.0,2026-01-01,364.0,2022-01-01,,,,
18,1804,1804007,Високівська сільська громада,47.0,2026-01-01,32.0,2022-01-01,,,,
18,1804,1804009,Вишевицька сільська громада,100.0,2026-01-01,61.0,2022-01-01,,,,
18,1804,1804011,Вільшанська сільська громада,179.0,2026-01-01,,,,,,
18,1804,1804013,Волицька сільська громада,130.0,2026-01-01,92.0,2022-01-01,,,,
18,1804,1804015,Глибочицька сільська громада,479.0,2026-01-01,287.0,2022-01-01,,,,
18,1804,1804017,Городоцька селищна громада,117.0,2026-01-01,61.0,2022-01-01,,,,
18,1804,1804019,Житомирська міська громада,15489.0,2026-01-01,11070.0,2022-01-01,,,,
18,1804,1804021,Квітнева сільська громада,87.0,2026-01-01,54.0,2022-01-01,,,,
18,1804,1804023,Корнинська селищна громада,184.0,2026-01-01,133.0,2022-01-01,,,,
18,1804,1804025,Коростишівська міська громада,1723.0,2026-01-01,1161.0,2022-01-01,,,,
18,1804,1804027,Курненська сільська громада,177.0,2026-01-01,100.0,2022-01-01,,,,
18,1804,1804029,Любарська селищна громада,750.0,2026-01-01,486.0,2022-01-01,,,,
18,1804,1804031,Миропільська селищна громада,198.0,2026-01-01,144.0,2022-01-01,,,,
18,1804,1804033,Новоборівська селищна громада,194.0,2026-01-01,137.0,2022-01-01,,,,
18,1804,1804035,Новогуйвинська селищна громада,811.0,2026-01-01,541.0,2022-01-01,,,,
18,1804,1804037,Оліївська сільська громада,507.0,2026-01-01,280.0,2022-01-01,,,,
18,1804,1804039,Попільнянська селищна громада,725.0,2026-01-01,484.0,2022-01-01,,,,
18,1804,1804041,Потіївська сільська громада,73.0,2026-01-01,50.0,2022-01-01,,,,
18,1804,1804043,Пулинська селищна громада,374.0,2026-01-01,243.0,2022-01-01,,,,
18,1804,1804045,Радомишльська міська громада,964.0,2026-01-01,,,,,,
18,1804,1804047,Романівська селищна громада,558.0,2026-01-01,408.0,2022-01-01,,,,
18,1804,1804049,Станишівська територіальна громада,560.0,2026-01-01,358.0,2022-01-01,,,,
18,1804,1804051,Старосілецька сільська громада,163.0,2026-01-01,111.0,2022-01-01,,,,
18,1804,1804053,Тетерівська сільська громада,381.0,2026-01-01,234.0,2022-01-01,,,,
18,1804,1804055,Харитонівська сільська громада,146.0,2026-01-01,87.0,2022-01-01,,,,
18,1804,1804057,Хорошівська селищна громада,546.0,2026-01-01,387.0,2022-01-01,,,,
18,1804,1804059,Черняхівська селищна громада,576.0,2026-01-01,368.0,2022-01-01,,,,
18,1804,1804061,Чуднівська міська громада,585.0,2026-01-01,360.0,2022-01-01,,,,
18,1806,1806001,Білокоровицька сільська громада,161.0,2026-01-01,98.0,2022-01-01,,,,
18,1806,1806003,Гладковицька сільська громада,120.0,2026-01-01,93.0,2022-01-01,,,,
18,1806,1806005,Горщиківська сільська громада,80.0,2026-01-01,44.0,2022-01-01,,,,
18,1806,1806007,Іршанська селищна громада,270.0,2026-01-01,181.0,2022-01-01,,,,
18,1806,1806009,Коростенська міська громада,2473.0,2026-01-01,1876.0,2022-01-01,,,,
18,1806,1806011,Лугинська селищна громада,387.0,2026-01-01,258.0,2022-01-01,,,,
18,1806,1806013,Малинська міська громада,1784.0,2026-01-01,1356.0,2022-01-01,,,,
18,1806,1806015,Народицька селищна громада,174.0,2026-01-01,101.0,2022-01-01,,,,
18,1806,1806017,Овруцька міська громада,1317.0,2026-01-01,1079.0,2022-01-01,,,,
18,1806,1806019,Олевська міська громада,1215.0,2026-01-01,813.0,2022-01-01,,,,
18,1806,1806021,Словечанська сільська громада,232.0,2026-01-01,,,,,,
18,1806,1806023,Ушомирська сільська громада,220.0,2026-01-01,135.0,2022-01-01,,,,
18,1806,1806025,Чоповицька селищна громада,159.0,2026-01-01,93.0,2022-01-01,,,,
18,1808,1808001,Баранівська міська громада,793.0,2026-01-01,553.0,2022-01-01,,,,
18,1808,1808003,Барашівська сільська громада,134.0,2026-01-01,97.0,2022-01-01,,,,
18,1808,1808005,Брониківська сільська громада,140.0,2026-01-01,78.0,2022-01-01,,,,
18,1808,1808007,Городницька селищна громада,186.0,2026-01-01,140.0,2022-01-01,,,,
18,1808,1808009,Довбиська селищна громада,204.0,2026-01-01,140.0,2022-01-01,,,,
18,1808,1808011,Дубрівська сільська громада,79.0,2026-01-01,48.0,2022-01-01,,,,
18,1808,1808013,Ємільчинська селищна громада,661.0,2026-01-01,442.0,2022-01-01,,,,
18,1808,1808015,Звягельська міська громада,2644.0,2026-01-01,1709.0,2022-01-01,,,,
18,1808,1808017,Піщівська сільська громада,79.0,2026-01-01,39.0,2022-01-01,,,,
18,1808,1808019,Стриївська сільська громада,107.0,2026-01-01,46.0,2022-01-01,,,,
18,1808,1808021,Чижівська сільська громада,144.0,2026-01-01,74.0,2022-01-01,,,,
18,1808,1808023,Ярунська територіальна громада,165.0,2026-01-01,103.0,2022-01-01,,,,
26,2602,2602001,Білоберізька сільська громада,,,,,115.0,2026-01-01,,
26,2602,2602003,Верховинська селищна громада,,,,,373.0,2026-01-01,,
26,2602,2602005,Зеленська сільська громада,,,,,41.0,2026-01-01,,
26,2604,2604001,Більшівцівська селищна громада,,,,,160.0,2026-01-01,,
26,2604,2604003,Богородчанська селищна громада,,,,,490.0,2026-01-01,,
26,2604,2604005,Букачівська селищна громада,,,,,90.0,2026-01-01,,
26,2604,2604007,Бурштинська міська громада,,,,,473.0,2026-01-01,,
26,2604,2604009,Галицька міська громада,,,,,434.0,2026-01-01,,
26,2604,2604011,Дзвиняцька сільська громада,,,,,83.0,2026-01-01,,
26,2604,2604013,Дубівці,,,,,119.0,2026-01-01,,
26,2604,2604015,Єзупільська селищна громада,,,,,112.0,2026-01-01,,
26,2604,2604017,Загвіздянська сільська громада,,,,,75.0,2026-01-01,,
26,2604,2604019,Івано-Франківська міська громада,,,,,15395.0,2026-01-01,,
26,2604,2604021,Лисецька селищна громада,,,,,117.0,2026-01-01,,
26,2604,2604023,Обертинська селищна громада,,,,,134.0,2026-01-01,,
26,2604,2604025,Олешанська сільська громада,,,,,146.0,2026-01-01,,
26,2604,2604027,Рогатинська міська громада,,,,,967.0,2026-01-01,,
26,2604,2604029,Солотвинська селищна громада,,,,,181.0,2026-01-01,,
26,2604,2604031,Старобогородчанська сільська громада,,,,,58.0,2026-01-01,,
26,2604,2604033,Тисменицька міська громада,,,,,558.0,2026-01-01,,
26,2604,2604035,Тлумацька міська громада,,,,,509.0,2026-01-01,,
26,2604,2604037,Угринівська сільська громада,,,,,148.0,2026-01-01,,
26,2604,2604039,Ямницька сільська громада,,,,,233.0,2026-01-01,,
26,2606,2606001,Болехівська міська громада,,,,,248.0,2026-01-01,,
26,2606,2606003,Брошнів-Осадська селищна громада,,,,,183.0,2026-01-01,,
26,2606,2606005,Верхнянська сільська громада,,,,,96.0,2026-01-01,,
26,2606,2606007,Вигодська селищна громада,,,,,264.0,2026-01-01,,
26,2606,2606009,Витвицька сільська громада,,,,,59.0,2026-01-01,,
26,2606,2606011,Войнилівська селищна громада,,,,,122.0,2026-01-01,,
26,2606,2606013,Долинська міська громада,,,,,889.0,2026-01-01,,
26,2606,2606015,Дубівська сільська громада,,,,,85.0,2026-01-01,,
26,2606,2606017,Калуська міська громада,,,,,1934.0,2026-01-01,,
26,2606,2606019,Новицька сільська громада,,,,,133.0,2026-01-01,,
26,2606,2606021,Перегінська селищна громада,,,,,195.0,2026-01-01,,
26,2606,2606023,Рожнятівська селищна громада,,,,,299.0,2026-01-01,,
26,2606,2606025,Спаська сільська громада,,,,,54.0,2026-01-01,,
26,2608,2608001,Гвіздецька селищна громада,,,,,69.0,2026-01-01,,
26,2608,2608003,Городенківська міська громада,,,,,659.0,2026-01-01,,
26,2608,2608005,Заболотівська селищна громада,,,,,243.0,2026-01-01,,
26,2608,2608007,Коломийська міська територіальна громада,,,,,2348.0,2026-01-01,,
26,2608,2608009,Коршівська сільська громада,,,,,92.0,2026-01-01,,
26,2608,2608011,Матеївецька сільська громада,,,,,97.0,2026-01-01,,
26,2608,2608013,Нижньовербізька сільська громада,,,,,164.0,2026-01-01,,
26,2608,2608015,Отинійська селищна громада,,,,,184.0,2026-01-01,,
26,2608,2608017,Печеніжинська селищна громада,,,,,141.0,2026-01-01,,
26,2608,2608019,Підгайчиківська сільська громада,,,,,71.0,2026-01-01,,
26,2608,2608021,П'ядицька сільська громада,,,,,147.0,2026-01-01,,
26,2608,2608023,Снятинська міська громада,,,,,629.0,2026-01-01,,
26,2608,2608025,Чернелицька селищна громада,,,,,73.0,2026-01-01,,
26,2610,2610001,Косівська міська громада,,,,,576.0,2026-01-01,,
26,2610,2610003,Космацька сільська громада,,,,,63.0,2026-01-01,,
26,2610,2610005,Кутська селищна громада,,,,,165.0,2026-01-01,,
26,2610,2610007,Рожнівська сільська громада,,,,,122.0,2026-01-01,,
26,2610,2610009,Яблунівська селищна громада,,,,,153.0,2026-01-01,,
26,2612,2612001,Ворохтянська селищна громада,,,,,136.0,2026-01-01,,
26,2612,2612005,Ланчинська селищна територіальна громада,,,,,77.0,2026-01-01,,
26,2612,2612007,Надвірнянська міська громада,,,,,772.0,2026-01-01,,
26,2612,2612009,Пасічнянська сільська громада,,,,,100.0,2026-01-01,,
26,2612,2612011,Переріслянська сільська громада,,,,,85.0,2026-01-01,,
26,2612,2612013,Поляницька сільська громада,,,,,179.0,2026-01-01,,
26,2612,2612015,Яремчанська міська громада,,,,,377.0,2026-01-01,,
32,3202,3202001,Білоцерківська міська громада,12605.0,2026-07-01,,,7479.0,2026-07-01,,
32,3202,3202003,Володарська селищна громада,764.0,2026-07-01,,,352.0,2026-07-01,,
32,3202,3202005,Гребінківська селищна громада,638.0,2026-07-01,,,337.0,2026-07-01,,
32,3202,3202007,Ковалівська сільська громада,247.0,2026-07-01,,,154.0,2026-07-01,,
32,3202,3202009,Маловільшанська сільська громада,341.0,2026-07-01,,,272.0,2026-07-01,,
32,3202,3202011,Медвинська сільська громада,179.0,2026-07-01,,,82.0,2026-07-01,,
32,3202,3202013,Рокитнянська селищна громада,1406.0,2026-07-01,,,674.0,2026-07-01,,
32,3202,3202015,Сквирська міська громада,1189.0,2026-07-01,,,803.0,2026-07-01,,
32,3202,3202017,Ставищенська селищна громада,992.0,2026-07-01,,,500.0,2026-07-01,,
32,3202,3202019,Таращанська міська громада,1199.0,2026-07-01,,,616.0,2026-07-01,,
32,3202,3202021,Тетіївська міська громада,1292.0,2026-07-01,,,581.0,2026-07-01,,
32,3202,3202023,Узинська міська громада,730.0,2026-07-01,,,491.0,2026-07-01,,
32,3202,3202025,Фурсівська сільська громада,630.0,2026-07-01,,,338.0,2026-07-01,,
32,3204,3204001,Бориспільська міська громада,5269.0,2026-07-01,,,4721.0,2026-07-01,,
32,3204,3204003,Вороньківська сільська громада,501.0,2026-07-01,,,489.0,2026-07-01,,
32,3204,3204005,Гірська сільська громада,512.0,2026-07-01,,,312.0,2026-07-01,,
32,3204,3204007,Дівичківська сільська громада,159.0,2026-07-01,,,165.0,2026-07-01,,
32,3204,3204009,Золочівська сільська громада,633.0,2026-07-01,,,607.0,2026-07-01,,
32,3204,3204011,Переяславська міська громада,1855.0,2026-07-01,,,1143.0,2026-07-01,,
32,3204,3204013,Пристолична сільська громада,1162.0,2026-07-01,,,933.0,2026-07-01,,
32,3204,3204015,Студениківська сільська громада,218.0,2026-07-01,,,171.0,2026-07-01,,
32,3204,3204017,Ташанська сільська громада,137.0,2026-07-01,,,143.0,2026-07-01,,
32,3204,3204019,Циблівська сільська громада,208.0,2026-07-01,,,164.0,2026-07-01,,
32,3204,3204021,Яготинська міська громада,1349.0,2026-07-01,,,734.0,2026-07-01,,
32,3206,3206001,Баришівська селищна громада,1401.0,2026-07-01,,,819.0,2026-07-01,,
32,3206,3206003,Березанська міська громада,931.0,2026-07-01,,,642.0,2026-07-01,,
32,3206,3206005,Броварська міська громада,9956.0,2026-07-01,,,7394.0,2026-07-01,,
32,3206,3206007,Великодимерська селищна громада,1433.0,2026-07-01,,,858.0,2026-07-01,,
32,3206,3206009,Зазимська сільська громада,867.0,2026-07-01,,,719.0,2026-07-01,,
32,3206,3206011,Згурівська селищна громада,689.0,2026-07-01,,,425.0,2026-07-01,,
32,3206,3206015,Калитянська селищна громада,392.0,2026-07-01,,,235.0,2026-07-01,,
32,3208,3208001,Білогородська сільська громада,3090.0,2026-07-01,,,1706.0,2026-07-01,,
32,3208,3208003,Бородянська селищна громада,1324.0,2026-07-01,,,1139.0,2026-07-01,,
32,3208,3208005,Борщагівська сільська громада,8591.0,2026-07-01,,,5304.0,2026-07-01,,
32,3208,3208007,Бучанська міська громада,4911.0,2026-07-01,,,2624.0,2026-07-01,,
32,3208,3208009,Вишнева міська громада,5737.0,2026-07-01,,,6319.0,2026-07-01,,
32,3208,3208011,Гостомельська селищна громада,1695.0,2026-07-01,,,1073.0,2026-07-01,,
32,3208,3208013,Дмитрівська сільська громада,927.0,2026-07-01,,,874.0,2026-07-01,,
32,3208,3208015,Ірпінська міська громада,8250.0,2026-07-01,,,4846.0,2026-07-01,,
32,3208,3208017,Коцюбинська селищна громада,1300.0,2026-07-01,,,498.0,2026-07-01,,
32,3208,3208019,Макарівська селищна громада,1695.0,2026-07-01,,,1457.0,2026-07-01,,
32,3208,3208021,Немішаївська селищна громада,878.0,2026-07-01,,,417.0,2026-07-01,,
32,3208,3208023,Пісківська селищна громада,293.0,2026-07-01,,,124.0,2026-07-01,,
32,3210,3210001,Вишгородська міська громада,3103.0,2026-07-01,,,3901.0,2026-07-01,,
32,3210,3210003,Димерська селищна громада,905.0,2026-07-01,,,783.0,2026-07-01,,
32,3210,3210005,Іванківська селищна громада,1152.0,2026-07-01,,,791.0,2026-07-01,,
32,3210,3210007,Петрівська сільська громада,1082.0,2026-07-01,,,550.0,2026-07-01,,
32,3210,3210009,Пірнівська сільська громада,364.0,2026-07-01,,,623.0,2026-07-01,,
32,3210,3210011,Поліська селищна громада,169.0,2026-07-01,,,205.0,2026-07-01,,
32,3210,3210013,Славутицька міська громада,1191.0,2026-07-01,,,892.0,2026-07-01,,
32,3212,3212001,Богуславська міська громада,1308.0,2026-07-01,,,653.0,2026-07-01,,
32,3212,3212003,Васильківська міська громада,3498.0,2026-07-01,,,2410.0,2026-07-01,,
32,3212,3212005,Кагарлицька міська громада,1243.0,2026-07-01,,,878.0,2026-07-01,,
32,3212,3212007,Козинська селищна громада,662.0,2026-07-01,,,536.0,2026-07-01,,
32,3212,3212009,Миронівська міська громада,1609.0,2026-07-01,,,747.0,2026-07-01,,
32,3212,3212011,Обухів,3015.0,2026-07-01,,,2480.0,2026-07-01,,
32,3212,3212013,Ржищівська міська громада,614.0,2026-07-01,,,483.0,2026-07-01,,
32,3212,3212015,Українська міська громада,1516.0,2026-07-01,,,868.0,2026-07-01,,
32,3212,3212017,Феодосіївська сільська громада,1157.0,2026-07-01,,,624.0,2026-07-01,,
32,3214,3214001,Бишівська сільська громада,378.0,2026-07-01,,,297.0,2026-07-01,,
32,3214,3214003,Боярська міська громада,4032.0,2026-07-01,,,2931.0,2026-07-01,,
32,3214,3214005,Гатненська сільська громада,1351.0,2026-07-01,,,530.0,2026-07-01,,
32,3214,3214007,Глеваська селищна громада,1403.0,2026-07-01,,,599.0,2026-07-01,,
32,3214,3214009,Калинівська селищна громада,610.0,2026-07-01,,,383.0,2026-07-01,,
32,3214,3214011,Кожанська селищна громада,260.0,2026-07-01,,,197.0,2026-07-01,,
32,3214,3214013,Томашівська сільська громада,146.0,2026-07-01,,,146.0,2026-07-01,,
32,3214,3214015,Фастівська міська громада,3531.0,2026-07-01,,,2019.0,2026-07-01,,
32,3214,3214017,Чабанівська селищна громада,1222.0,2026-07-01,,,565.0,2026-07-01,,
35,3502,3502001,Благовіщенська міська громада,,,,,457.0,2026-07-01,,
35,3502,3502003,Вільшанська селищна громада,,,,,254.0,2026-07-01,,
35,3502,3502005,Гайворонська міська громада,,,,,404.0,2026-07-01,,
35,3502,3502007,Голованівська селищна громада,,,,,337.0,2026-07-01,,
35,3502,3502009,Заваллівська селищна громада,,,,,139.0,2026-07-01,,
35,3502,3502011,Надлацька сільська громада,,,,,108.0,2026-07-01,,
35,3502,3502013,Новоархангельська селищна громада,,,,,332.0,2026-07-01,,
35,3502,3502015,Перегонівська сільська громада,,,,,59.0,2026-07-01,,
35,3502,3502017,Підвисоцька сільська громада,,,,,99.0,2026-07-01,,
35,3502,3502019,Побузька селищна громада,,,,,142.0,2026-07-01,,
35,3504,3504001,Аджамська сільська громада,,,,,163.0,2026-07-01,,
35,3504,3504003,Бобринецька міська громада,,,,,313.0,2026-07-01,,
35,3504,3504005,Великосеверинівська сільська громада,,,,,258.0,2026-07-01,,
35,3504,3504007,Гурівська сільська громада,,,,,175.0,2026-07-01,,
35,3504,3504009,Дмитрівська сільська громада,,,,,121.0,2026-07-01,,
35,3504,3504011,Долинська міська громада,,,,,462.0,2026-07-01,,
35,3504,3504013,Знам'янська міська громада,,,,,676.0,2026-07-01,,
35,3504,3504015,Катеринівська сільська громада,,,,,219.0,2026-07-01,,
35,3504,3504017,Кетрисанівська сільська громада,,,,,398.0,2026-07-01,,
35,3504,3504019,Компаніївська селищна громада,,,,,557.0,2026-07-01,,
35,3504,3504021,Кропивницька міська громада,,,,,11492.0,2026-07-01,,
35,3504,3504023,Новгородківська селищна громада,,,,,392.0,2026-07-01,,
35,3504,3504025,Олександрівська селищна громада,,,,,462.0,2026-07-01,,
35,3504,3504027,Первозванівська сільська громада,,,,,438.0,2026-07-01,,
35,3504,3504029,Соколівська сільська громада,,,,,449.0,2026-07-01,,
35,3504,3504031,Суботцівська сільська громада,,,,,219.0,2026-07-01,,
35,3504,3504033,Устинівка,,,,,281.0,2026-07-01,,
35,3506,3506001,Ганнівська сільська громада,,,,,81.0,2026-07-01,,
35,3506,3506003,Глодоська сільська громада,,,,,77.0,2026-07-01,,
35,3506,3506005,Добровеличківська селищна громада,,,,,279.0,2026-07-01,,
35,3506,3506007,Злинська сільська громада,,,,,118.0,2026-07-01,,
35,3506,3506009,Маловисківська міська громада,,,,,374.0,2026-07-01,,
35,3506,3506011,Мар'янівська сільська громада,,,,,127.0,2026-07-01,,
35,3506,3506013,Новомиргородська міська громада,,,,,554.0,2026-07-01,,
35,3506,3506015,Новоукраїнська міська громада,,,,,352.0,2026-07-01,,
35,3506,3506017,Піщанобрідська сільська громада,,,,,88.0,2026-07-01,,
35,3506,3506019,Помічнянська міська громада,,,,,123.0,2026-07-01,,
35,3506,3506021,Рівнянська сільська громада,,,,,179.0,2026-07-01,,
35,3506,3506023,Смолінська селищна громада,,,,,190.0,2026-07-01,,
35,3506,3506025,Тишківська сільська громада,,,,,58.0,2026-07-01,,
35,3508,3508001,Великоандрусівська сільська громада,,,,,215.0,2026-07-01,,
35,3508,3508003,Новопразька селищна громада,,,,,116.0,2026-07-01,,
35,3508,3508005,Олександрійська міська громада,,,,,2099.0,2026-07-01,,
35,3508,3508007,Онуфріївська селищна громада,,,,,402.0,2026-07-01,,
35,3508,3508009,Пантаївська селищна громада,,,,,87.0,2026-07-01,,
35,3508,3508011,Петрівська селищна громада,,,,,501.0,2026-07-01,,
35,3508,3508013,Попельнастівська сільська громада,,,,,138.0,2026-07-01,,
35,3508,3508015,Приютівська селищна громада,,,,,257.0,2026-07-01,,
35,3508,3508017,Світловодська міська громада,,,,,1894.0,2026-07-01,,
56,5602,5602001,Антонівська сільська громада,92.0,2026-07-01,48.0,2022-01-01,36.0,2026-07-01,37.0,2022-01-01
56,5602,5602003,Вараська міська громада,1725.0,2026-07-01,1064.0,2022-01-01,636.0,2026-07-01,581.0,2022-01-01
56,5602,5602005,Володимирецька селищна громада,699.0,2026-07-01,389.0,2022-01-01,312.0,2026-07-01,308.0,2022-01-01
56,5602,5602007,Зарічненська селищна громада,735.0,2026-07-01,432.0,2022-01-01,274.0,2026-07-01,292.0,2022-01-01
56,5602,5602009,Каноницька сільська громада,117.0,2026-07-01,52.0,2022-01-01,49.0,2026-07-01,43.0,2022-01-01
56,5602,5602011,Локницька сільська громада,79.0,2026-07-01,46.0,2022-01-01,61.0,2026-07-01,60.0,2022-01-01
56,5602,5602013,Полицька сільська громада,73.0,2026-07-01,41.0,2022-01-01,50.0,2026-07-01,45.0,2022-01-01
56,5602,5602015,Рафалівська селищна громада,146.0,2026-07-01,88.0,2022-01-01,56.0,2026-07-01,52.0,2022-01-01
56,5604,5604001,Бокіймівська сільська громада,94.0,2026-07-01,56.0,2022-01-01,53.0,2026-07-01,40.0,2022-01-01
56,5604,5604003,Боремельська сільська громада,91.0,2026-07-01,38.0,2022-01-01,67.0,2026-07-01,60.0,2022-01-01
56,5604,5604005,Варковицька сільська громада,110.0,2026-07-01,65.0,2022-01-01,75.0,2026-07-01,70.0,2022-01-01
56,5604,5604007,Вербська сільська громада,131.0,2026-07-01,77.0,2022-01-01,61.0,2026-07-01,58.0,2022-01-01
56,5604,5604009,Демидівська селищна громада,454.0,2026-07-01,277.0,2022-01-01,237.0,2026-07-01,237.0,2022-01-01
56,5604,5604011,Дубенська міська громада,1856.0,2026-07-01,1380.0,2022-01-01,875.0,2026-07-01,816.0,2022-01-01
56,5604,5604013,Козинська сільська громада,185.0,2026-07-01,96.0,2022-01-01,95.0,2026-07-01,90.0,2022-01-01
56,5604,5604015,Крупецька сільська громада,154.0,2026-07-01,92.0,2022-01-01,137.0,2026-07-01,127.0,2022-01-01
56,5604,5604017,Мирогощанська сільська громада,142.0,2026-07-01,77.0,2022-01-01,80.0,2026-07-01,70.0,2022-01-01
56,5604,5604019,Млинівська селищна громада,794.0,2026-07-01,541.0,2022-01-01,346.0,2026-07-01,311.0,2022-01-01
56,5604,5604021,Острожецька сільська громада,150.0,2026-07-01,95.0,2022-01-01,64.0,2026-07-01,57.0,2022-01-01
56,5604,5604023,Підлозцівська сільська громада,38.0,2026-07-01,15.0,2022-01-01,31.0,2026-07-01,27.0,2022-01-01
56,5604,5604025,Повчанська сільська громада,36.0,2026-07-01,21.0,2022-01-01,35.0,2026-07-01,37.0,2022-01-01
56,5604,5604027,Привільненська сільська громада,183.0,2026-07-01,127.0,2022-01-01,116.0,2026-07-01,96.0,2022-01-01
56,5604,5604029,Радивилівська міська громада,840.0,2026-07-01,510.0,2022-01-01,386.0,2026-07-01,374.0,2022-01-01
56,5604,5604031,Семидубська сільська громада,71.0,2026-07-01,55.0,2022-01-01,69.0,2026-07-01,71.0,2022-01-01
56,5604,5604033,Смизька селищна громада,239.0,2026-07-01,142.0,2022-01-01,98.0,2026-07-01,97.0,2022-01-01
56,5604,5604035,Тараканівська сільська громада,236.0,2026-07-01,162.0,2022-01-01,103.0,2026-07-01,97.0,2022-01-01
56,5604,5604037,Ярославицька сільська громада,55.0,2026-07-01,34.0,2022-01-01,30.0,2026-07-01,26.0,2022-01-01
56,5606,5606001,Бабинська сільська об'єднана територіальна громада,263.0,2026-07-01,163.0,2022-01-01,101.0,2026-07-01,92.0,2022-01-01
56,5606,5606003,Березнівська міська громада,1838.0,2026-07-01,1133.0,2022-01-01,589.0,2026-07-01,576.0,2022-01-01
56,5606,5606005,Білокриницька сільська громада,600.0,2026-07-01,341.0,2022-01-01,222.0,2026-07-01,189.0,2022-01-01
56,5606,5606007,Бугринська сільська громада,81.0,2026-07-01,40.0,2022-01-01,70.0,2026-07-01,67.0,2022-01-01
56,5606,5606009,Великомежиріцька сільська громада,296.0,2026-07-01,102.0,2022-01-01,68.0,2026-07-01,79.0,2022-01-01
56,5606,5606011,Великоомелянська сільська громада,364.0,2026-07-01,217.0,2022-01-01,181.0,2026-07-01,150.0,2022-01-01
56,5606,5606013,Головинська сільська громада,231.0,2026-07-01,138.0,2022-01-01,94.0,2026-07-01,93.0,2022-01-01
56,5606,5606015,Городоцька сільська громада,625.0,2026-07-01,322.0,2022-01-01,315.0,2026-07-01,279.0,2022-01-01
56,5606,5606017,Гощанська селищна громада,811.0,2026-07-01,471.0,2022-01-01,455.0,2026-07-01,416.0,2022-01-01
56,5606,5606019,Деражненська сільська громада,130.0,2026-07-01,74.0,2022-01-01,81.0,2026-07-01,79.0,2022-01-01
56,5606,5606021,Дядьковицька сільська громада,199.0,2026-07-01,100.0,2022-01-01,114.0,2026-07-01,104.0,2022-01-01
56,5606,5606023,Здовбицька сільська громада,367.0,2026-07-01,190.0,2022-01-01,120.0,2026-07-01,106.0,2022-01-01
56,5606,5606025,Здолбунівська міська громада,1581.0,2026-07-01,993.0,2022-01-01,744.0,2026-07-01,682.0,2022-01-01
56,5606,5606027,Зорянська сільська громада,471.0,2026-07-01,254.0,2022-01-01,246.0,2026-07-01,224.0,2022-01-01
56,5606,5606029,Клеванська селищна громада,552.0,2026-07-01,360.0,2022-01-01,298.0,2026-07-01,287.0,2022-01-01
56,5606,5606031,Корецька міська громада,1033.0,2026-07-01,650.0,2022-01-01,335.0,2026-07-01,334.0,2022-01-01
56,5606,5606033,Корнинська сільська громада,595.0,2026-07-01,350.0,2022-01-01,184.0,2026-07-01,149.0,2022-01-01
56,5606,5606035,Костопільська міська громада,1661.0,2026-07-01,980.0,2022-01-01,734.0,2026-07-01,704.0,2022-01-01
56,5606,5606037,Малинська сільська громада,120.0,2026-07-01,57.0,2022-01-01,67.0,2026-07-01,60.0,2022-01-01
56,5606,5606039,Малолюбашанська сільська громада,216.0,2026-07-01,124.0,2022-01-01,115.0,2026-07-01,108.0,2022-01-01
56,5606,5606041,Мізоцька селищна громада,313.0,2026-07-01,207.0,2022-01-01,186.0,2026-07-01,165.0,2022-01-01
56,5606,5606043,Олександрійська сільська громада,480.0,2026-07-01,285.0,2022-01-01,240.0,2026-07-01,223.0,2022-01-01
56,5606,5606045,Острозька міська громада,1401.0,2026-07-01,860.0,2022-01-01,810.0,2026-07-01,754.0,2022-01-01
56,5606,5606047,Рівненська міська громада,17417.0,2026-07-01,11289.0,2022-01-01,13866.0,2026-07-01,11991.0,2022-01-01
56,5606,5606049,Соснівська селищна громада,132.0,2026-07-01,82.0,2022-01-01,80.0,2026-07-01,67.0,2022-01-01
56,5606,5606051,Шпанівська сільська громада,775.0,2026-07-01,393.0,2022-01-01,256.0,2026-07-01,184.0,2022-01-01
56,5608,5608001,Березівська сільська громада,140.0,2026-07-01,65.0,2022-01-01,64.0,2026-07-01,59.0,2022-01-01
56,5608,5608003,Вирівська сільська громада,236.0,2026-07-01,152.0,2022-01-01,125.0,2026-07-01,102.0,2022-01-01
56,5608,5608005,Висоцька сільська громада,125.0,2026-07-01,62.0,2022-01-01,52.0,2026-07-01,52.0,2022-01-01
56,5608,5608007,Дубровицька міська громада,1144.0,2026-07-01,731.0,2022-01-01,449.0,2026-07-01,427.0,2022-01-01
56,5608,5608009,Клесівська селищна громада,270.0,2026-07-01,192.0,2022-01-01,149.0,2026-07-01,143.0,2022-01-01
56,5608,5608011,Миляцька сільська громада,102.0,2026-07-01,69.0,2022-01-01,54.0,2026-07-01,49.0,2022-01-01
56,5608,5608013,Немовицька сільська громада,237.0,2026-07-01,134.0,2022-01-01,74.0,2026-07-01,64.0,2022-01-01
56,5608,5608015,Рокитнівська селищна громада,1218.0,2026-07-01,712.0,2022-01-01,443.0,2026-07-01,439.0,2022-01-01
56,5608,5608017,Сарненська міська громада,2447.0,2026-07-01,1784.0,2022-01-01,780.0,2026-07-01,723.0,2022-01-01
56,5608,5608019,Старосільська сільська громада,132.0,2026-07-01,53.0,2022-01-01,33.0,2026-07-01,30.0,2022-01-01
56,5608,5608021,Степанська селищна громада,165.0,2026-07-01,111.0,2022-01-01,84.0,2026-07-01,73.0,2022-01-01
59,5902,5902001,Бочечківська сільська громада,61.0,2026-07-01,,,58.0,2026-07-01,55.0,2022-04-01
59,5902,5902003,Буринська міська громада,653.0,2026-07-01,,,334.0,2026-07-01,347.0,2022-04-01
59,5902,5902005,Дубов'язівська селищна громада,184.0,2026-07-01,,,83.0,2026-07-01,87.0,2022-04-01
59,5902,5902007,Конотопська міська громада,2632.0,2026-07-01,,,1129.0,2026-07-01,1073.0,2022-04-01
59,5902,5902009,Кролевецька міська громада,1101.0,2026-07-01,,,488.0,2026-07-01,484.0,2022-04-01
59,5902,5902011,Новослобідська сільська громада,60.0,2026-07-01,,,63.0,2026-07-01,60.0,2022-04-01
59,5902,5902013,Попівська сільська громада,319.0,2026-07-01,,,169.0,2026-07-01,162.0,2022-04-01
59,5902,5902015,Путивльська міська громада,558.0,2026-07-01,,,247.0,2026-07-01,234.0,2022-04-01
59,5904,5904001,Боромлянська сільська громада,114.0,2026-07-01,,,51.0,2026-07-01,49.0,2022-04-01
59,5904,5904003,Великописарівська селищна громада,161.0,2026-07-01,,,193.0,2026-07-01,196.0,2022-04-01
59,5904,5904005,Грунська сільська громада,82.0,2026-07-01,,,54.0,2026-07-01,56.0,2022-04-01
59,5904,5904007,Кириківська селищна громада,132.0,2026-07-01,,,82.0,2026-07-01,82.0,2022-04-01
59,5904,5904009,Комишанська сільська громада,79.0,2026-07-01,,,41.0,2026-07-01,39.0,2022-04-01
59,5904,5904011,Охтирська міська громада,1722.0,2026-07-01,,,993.0,2026-07-01,907.0,2022-04-01
59,5904,5904013,Тростянецька міська громада,756.0,2026-07-01,,,436.0,2026-07-01,441.0,2022-04-01
59,5904,5904015,Чернеччинська сільська громада,257.0,2026-07-01,,,160.0,2026-07-01,157.0,2022-04-01
59,5904,5904017,Чупахівська селищна громада,65.0,2026-07-01,,,63.0,2026-07-01,66.0,2022-04-01
59,5906,5906001,Андріяшівська сільська громада,159.0,2026-07-01,,,129.0,2026-07-01,117.0,2022-04-01
59,5906,5906003,Вільшанська сільська громада,90.0,2026-07-01,,,44.0,2026-07-01,41.0,2022-04-01
59,5906,5906005,Коровинська сільська громада,85.0,2026-07-01,,,40.0,2026-07-01,38.0,2022-04-01
59,5906,5906007,Липоводолинська селищна громада,413.0,2026-07-01,,,312.0,2026-07-01,286.0,2022-04-01
59,5906,5906009,Недригайлівська селищна громада,457.0,2026-07-01,,,197.0,2026-07-01,189.0,2022-04-01
59,5906,5906011,Роменська міська громада,2257.0,2026-07-01,,,982.0,2026-07-01,964.0,2022-04-01
59,5906,5906013,Синівська сільська громада,69.0,2026-07-01,,,67.0,2026-07-01,56.0,2022-04-01
59,5906,5906015,Хмелівська сільська громада,101.0,2026-07-01,,,60.0,2026-07-01,65.0,2022-04-01
59,5908,5908001,Бездрицька сільська громада,121.0,2026-07-01,,,78.0,2026-07-01,70.0,2022-04-01
59,5908,5908003,Білопільська міська громада,528.0,2026-07-01,,,297.0,2026-07-01,301.0,2022-04-01
59,5908,5908005,Верхньосироватська сільська громада,184.0,2026-07-01,,,68.0,2026-07-01,73.0,2022-04-01
59,5908,5908007,Ворожбянська міська громада,112.0,2026-07-01,,,99.0,2026-07-01,98.0,2022-04-01
59,5908,5908009,Краснопільська селищна громада,329.0,2026-07-01,,,295.0,2026-07-01,319.0,2022-04-01
59,5908,5908011,Лебединська міська громада,1136.0,2026-07-01,,,556.0,2026-07-01,550.0,2022-04-01
59,5908,5908013,Миколаївська селищна громада,244.0,2026-07-01,,,140.0,2026-07-01,140.0,2022-04-01
59,5908,5908015,Миколаївська сільська громада,112.0,2026-07-01,,,101.0,2026-07-01,101.0,2022-04-01
59,5908,5908017,Миропільська сільська громада,59.0,2026-07-01,,,70.0,2026-07-01,63.0,2022-04-01
59,5908,5908019,Нижньосироватська сільська громада,185.0,2026-07-01,,,94.0,2026-07-01,83.0,2022-04-01
59,5908,5908021,Річківська сільська громада,59.0,2026-07-01,,,54.0,2026-07-01,49.0,2022-04-01
59,5908,5908023,Садівська сільська громада,437.0,2026-07-01,,,224.0,2026-07-01,206.0,2022-04-01
59,5908,5908025,Степанівська селищна громада,475.0,2026-07-01,,,222.0,2026-07-01,218.0,2022-04-01
59,5908,5908027,Сумська міська громада,15874.0,2026-07-01,,,15329.0,2026-07-01,14049.0,2022-04-01
59,5908,5908029,Хотінська селищна громада,98.0,2026-07-01,,,92.0,2026-07-01,100.0,2022-04-01
59,5908,5908031,Юнаківська сільська громада,85.0,2026-07-01,,,102.0,2026-07-01,92.0,2022-04-01
59,5910,5910001,Березівська сільська громада,102.0,2026-07-01,,,66.0,2026-07-01,67.0,2022-04-01
59,5910,5910003,Глухівська міська громада,1146.0,2026-07-01,,,556.0,2026-07-01,518.0,2022-04-01
59,5910,5910005,Дружбівська міська громада,102.0,2026-07-01,,,66.0,2026-07-01,63.0,2022-04-01
59,5910,5910007,Есманьська селищна громада,65.0,2026-07-01,,,64.0,2026-07-01,70.0,2022-04-01
59,5910,5910009,Зноб-Новгородська селищна громада,84.0,2026-07-01,,,82.0,2026-07-01,87.0,2022-04-01
59,5910,5910011,Свеська селищна громада,161.0,2026-07-01,,,71.0,2026-07-01,72.0,2022-04-01
59,5910,5910013,Середино-Будська міська громада,200.0,2026-07-01,,,146.0,2026-07-01,154.0,2022-04-01
59,5910,5910015,Шалигинська селищна громада,68.0,2026-07-01,,,55.0,2026-07-01,54.0,2022-04-01
59,5910,5910017,Шосткинська міська громада,2912.0,2026-07-01,,,1313.0,2026-07-01,1249.0,2022-04-01
59,5910,5910019,Ямпільська селищна громада,272.0,2026-07-01,,,174.0,2026-07-01,189.0,2022-04-01
63,6302,6302001,Богодухівська міська громада,1136.0,2026-07-01,765.0,2022-01-01,726.0,2026-07-01,710.0,2022-04-01
63,6302,6302003,Валківська міська громада,1196.0,2026-07-01,752.0,2022-01-01,546.0,2026-07-01,536.0,2022-04-01
63,6302,6302005,Золочівська селищна територіальна громада,710.0,2026-07-01,552.0,2022-01-01,580.0,2026-07-01,573.0,2022-04-01
63,6302,6302007,Коломацька селищна громада,236.0,2026-07-01,142.0,2022-01-01,145.0,2026-07-01,144.0,2022-04-01
63,6302,6302009,Краснокутська селищна громада,896.0,2026-07-01,551.0,2022-01-01,427.0,2026-07-01,423.0,2022-04-01
63,6304,6304001,Балаклійська міська громада,1261.0,2026-07-01,1058.0,2022-01-01,632.0,2026-07-01,623.0,2022-04-01
63,6304,6304003,Барвінківська міська громада,512.0,2026-07-01,292.0,2022-01-01,379.0,2026-07-01,397.0,2022-04-01
63,6304,6304005,Борівська селищна громада,334.0,2026-07-01,302.0,2022-01-01,362.0,2026-07-01,367.0,2022-04-01
63,6304,6304007,Донецька селищна громада,543.0,2026-07-01,381.0,2022-01-01,186.0,2026-07-01,173.0,2022-04-01
63,6304,6304009,Ізюмська міська громада,1786.0,2026-07-01,1644.0,2022-01-01,625.0,2026-07-01,623.0,2022-04-01
63,6304,6304011,Куньєвська сільська громада,93.0,2026-07-01,58.0,2022-01-01,70.0,2026-07-01,67.0,2022-04-01
63,6304,6304013,Оскільська сільська громада,185.0,2026-07-01,148.0,2022-01-01,140.0,2026-07-01,134.0,2022-04-01
63,6304,6304015,Савинська селищна громада,244.0,2026-07-01,153.0,2022-01-01,85.0,2026-07-01,82.0,2022-04-01
63,6306,6306001,Зачепилівська селищна громада,400.0,2026-07-01,205.0,2022-01-01,279.0,2026-07-01,286.0,2022-04-01
63,6306,6306003,Кегичівська селищна громада,552.0,2026-07-01,320.0,2022-01-01,230.0,2026-07-01,228.0,2022-04-01
63,6306,6306005,Красноградська міська громада,1148.0,2026-07-01,623.0,2022-01-01,365.0,2026-07-01,360.0,2022-04-01
63,6306,6306007,Наталинська сільська громада,212.0,2026-07-01,113.0,2022-01-01,102.0,2026-07-01,105.0,2022-04-01
63,6306,6306009,Сахновщинська селищна громада,531.0,2026-07-01,276.0,2022-01-01,313.0,2026-07-01,309.0,2022-04-01
63,6306,6306011,Старовірівська сільська громада,205.0,2026-07-01,123.0,2022-01-01,144.0,2026-07-01,138.0,2022-04-01
63,6308,6308001,Великобурлуцька селищна громада,269.0,2026-07-01,270.0,2022-01-01,222.0,2026-07-01,234.0,2022-04-01
63,6308,6308003,Вільхуватська сільська громада,96.0,2026-07-01,81.0,2022-01-01,88.0,2026-07-01,85.0,2022-04-01
63,6308,6308005,Дворічанська селищна громада,210.0,2026-07-01,269.0,2022-01-01,259.0,2026-07-01,266.0,2022-04-01
63,6308,6308007,Кіндрашівська сільська громада,97.0,2026-07-01,87.0,2022-01-01,91.0,2026-07-01,90.0,2022-04-01
63,6308,6308009,Куп'янська міська громада,1120.0,2026-07-01,1410.0,2022-01-01,732.0,2026-07-01,736.0,2022-04-01
63,6308,6308011,Курилівська сільська громада,166.0,2026-07-01,191.0,2022-01-01,118.0,2026-07-01,119.0,2022-04-01
63,6308,6308013,Петропавлівська сільська громада,54.0,2026-07-01,74.0,2022-01-01,65.0,2026-07-01,71.0,2022-04-01
63,6308,6308015,Шевченківська селищна громада,492.0,2026-07-01,383.0,2022-01-01,343.0,2026-07-01,338.0,2022-04-01
63,6310,6310001,Біляївська селищна громада,142.0,2026-07-01,98.0,2022-01-01,89.0,2026-07-01,85.0,2022-04-01
63,6310,6310003,Близнюківська селищна громада,686.0,2026-07-01,388.0,2022-01-01,312.0,2026-07-01,346.0,2022-04-01
63,6310,6310005,Лозівська міська громада,2835.0,2026-07-01,1993.0,2022-01-01,1197.0,2026-07-01,1161.0,2022-04-01
63,6310,6310007,Олексіївка,150.0,2026-07-01,99.0,2022-01-01,133.0,2026-07-01,123.0,2022-04-01
63,6310,6310009,Златопільська міська громада,1048.0,2026-07-01,697.0,2022-01-01,376.0,2026-07-01,384.0,2022-04-01
63,6312,6312001,Безлюдівська селищна громада,1172.0,2026-07-01,893.0,2022-01-01,564.0,2026-07-01,545.0,2022-04-01
63,6312,6312003,Височанська селищна громада,1546.0,2026-07-01,1220.0,2022-01-01,743.0,2026-07-01,730.0,2022-04-01
63,6312,6312005,Вільхівська сільська громада,360.0,2026-07-01,313.0,2022-01-01,335.0,2026-07-01,338.0,2022-04-01
63,6312,6312007,Дергачівська міська громада,1702.0,2026-07-01,1350.0,2022-01-01,893.0,2026-07-01,867.0,2022-04-01
63,6312,6312009,Липецька сільська громада,291.0,2026-07-01,309.0,2022-01-01,357.0,2026-07-01,361.0,2022-04-01
63,6312,6312011,Люботинська міська громада,1244.0,2026-07-01,887.0,2022-01-01,541.0,2026-07-01,491.0,2022-04-01
63,6312,6312013,Малоданилівська селищна громада,705.0,2026-07-01,577.0,2022-01-01,285.0,2026-07-01,264.0,2022-04-01
63,6312,6312015,Мереф'янська міська громада,1247.0,2026-07-01,955.0,2022-01-01,574.0,2026-07-01,545.0,2022-04-01
63,6312,6312017,Нововодолазька селищна громада,945.0,2026-07-01,601.0,2022-01-01,481.0,2026-07-01,475.0,2022-04-01
63,6312,6312019,Південноміська міська громада,691.0,2026-07-01,537.0,2022-01-01,288.0,2026-07-01,261.0,2022-04-01
63,6312,6312021,Пісочинська селищна громада,1995.0,2026-07-01,1607.0,2022-01-01,899.0,2026-07-01,847.0,2022-04-01
63,6312,6312023,Роганська селищна громада,617.0,2026-07-01,496.0,2022-01-01,328.0,2026-07-01,307.0,2022-04-01
63,6312,6312025,Солоницівська селищна громада,1510.0,2026-07-01,1088.0,2022-01-01,475.0,2026-07-01,451.0,2022-04-01
63,6312,6312027,Харківська міська громада,95671.0,2026-07-01,85427.0,2022-01-01,72491.0,2026-07-01,66039.0,2022-04-01
63,6312,6312029,Циркунівська сільська громада,394.0,2026-07-01,366.0,2022-01-01,371.0,2026-07-01,357.0,2022-04-01
63,6314,6314001,Вовчанська міська громада,586.0,2026-07-01,713.0,2022-01-01,531.0,2026-07-01,535.0,2022-04-01
63,6314,6314003,Зміївська міська громада,1500.0,2026-07-01,1045.0,2022-01-01,883.0,2026-07-01,800.0,2022-04-01
63,6314,6314005,Малинівська селищна громада,213.0,2026-07-01,135.0,2022-01-01,118.0,2026-07-01,114.0,2022-04-01
63,6314,6314007,Новопокровська селищна громада,541.0,2026-07-01,395.0,2022-01-01,204.0,2026-07-01,193.0,2022-04-01
63,6314,6314009,Печенізька селищна громада,302.0,2026-07-01,162.0,2022-01-01,248.0,2026-07-01,255.0,2022-04-01
63,6314,6314011,Слобожанська міська громада,776.0,2026-07-01,544.0,2022-01-01,316.0,2026-07-01,288.0,2022-04-01
63,6314,6314013,Старосалтівська селищна громада,188.0,2026-07-01,134.0,2022-01-01,169.0,2026-07-01,162.0,2022-04-01
63,6314,6314015,Чкаловська селищна громада,292.0,2026-07-01,184.0,2022-01-01,191.0,2026-07-01,186.0,2022-04-01
63,6314,6314017,Чугуївська міська громада,1801.0,2026-07-01,1548.0,2022-01-01,1039.0,2026-07-01,983.0,2022-04-01
68,6802,6802001,Гуківська сільська громада,27.0,2022-01-01,27.0,2022-01-01,35.0,2022-01-01,35.0,2022-01-01
68,6802,6802003,Гуменецька сільська громада,246.0,2022-01-01,246.0,2022-01-01,218.0,2022-01-01,218.0,2022-01-01
68,6802,6802005,Дунаєвецька міська громада,1060.0,2022-01-01,1060.0,2022-01-01,682.0,2022-01-01,682.0,2022-01-01
68,6802,6802007,Жванецька сільська громада,103.0,2022-01-01,103.0,2022-01-01,150.0,2022-01-01,150.0,2022-01-01
68,6802,6802009,Закупненська селищна громада,92.0,2022-01-01,92.0,2022-01-01,84.0,2022-01-01,84.0,2022-01-01
68,6802,6802011,Кам'янець-Подільська міська громада,3939.0,2022-01-01,3939.0,2022-01-01,2451.0,2022-01-01,2451.0,2022-01-01
68,6802,6802013,Китайгородська сільська громада,42.0,2022-01-01,42.0,2022-01-01,53.0,2022-01-01,53.0,2022-01-01
68,6802,6802015,Маківська сільська громада,127.0,2022-01-01,127.0,2022-01-01,79.0,2022-01-01,79.0,2022-01-01
68,6802,6802017,Новодунаєвецька селищна громада,181.0,2022-01-01,181.0,2022-01-01,162.0,2022-01-01,162.0,2022-01-01
68,6802,6802019,Новоушицька селищна об'єднана територіальна громада,573.0,2022-01-01,573.0,2022-01-01,507.0,2022-01-01,507.0,2022-01-01
68,6802,6802021,Орининська сільська громада,116.0,2022-01-01,116.0,2022-01-01,110.0,2022-01-01,110.0,2022-01-01
68,6802,6802023,Слобідсько-Кульчієвецька сільська громада,393.0,2022-01-01,393.0,2022-01-01,307.0,2022-01-01,307.0,2022-01-01
68,6802,6802025,Смотрицька селищна громада,109.0,2022-01-01,109.0,2022-01-01,101.0,2022-01-01,101.0,2022-01-01
68,6802,6802027,Староушицька селищна громада,96.0,2022-01-01,96.0,2022-01-01,145.0,2022-01-01,145.0,2022-01-01
68,6802,6802029,Чемеровецька селищна громада,458.0,2022-01-01,458.0,2022-01-01,440.0,2022-01-01,440.0,2022-01-01
68,6804,6804001,Антонінська селищна громада,138.0,2022-01-01,138.0,2022-01-01,153.0,2022-01-01,153.0,2022-01-01
68,6804,6804003,Війтовецька селищна громада,96.0,2022-01-01,96.0,2022-01-01,146.0,2022-01-01,146.0,2022-01-01
68,6804,6804005,Віньковецька селищна громада,418.0,2022-01-01,418.0,2022-01-01,417.0,2022-01-01,417.0,2022-01-01
68,6804,6804007,Вовковинецька селищна громада,91.0,2022-01-01,91.0,2022-01-01,87.0,2022-01-01,87.0,2022-01-01
68,6804,6804009,Волочиська міська громада,973.0,2022-01-01,973.0,2022-01-01,611.0,2022-01-01,611.0,2022-01-01
68,6804,6804011,Гвардійська сільська громада,105.0,2022-01-01,105.0,2022-01-01,108.0,2022-01-01,108.0,2022-01-01
68,6804,6804013,Городоцька міська громада,725.0,2022-01-01,725.0,2022-01-01,574.0,2022-01-01,574.0,2022-01-01
68,6804,6804015,Деражнянська міська громада,567.0,2022-01-01,567.0,2022-01-01,412.0,2022-01-01,412.0,2022-01-01
68,6804,6804017,Заслучненська сільська громада,60.0,2022-01-01,60.0,2022-01-01,63.0,2022-01-01,63.0,2022-01-01
68,6804,6804019,Зіньківська сільська громада,66.0,2022-01-01,66.0,2022-01-01,60.0,2022-01-01,60.0,2022-01-01
68,6804,6804021,Красилівська міська громада,866.0,2022-01-01,866.0,2022-01-01,634.0,2022-01-01,634.0,2022-01-01
68,6804,6804023,Летичівська селищна громада,440.0,2022-01-01,440.0,2022-01-01,300.0,2022-01-01,300.0,2022-01-01
68,6804,6804025,Лісовогринівецька сільська громада,285.0,2022-01-01,285.0,2022-01-01,357.0,2022-01-01,357.0,2022-01-01
68,6804,6804027,Меджибізька селищна громада,150.0,2022-01-01,150.0,2022-01-01,123.0,2022-01-01,123.0,2022-01-01
68,6804,6804029,Миролюбненська сільська громада,54.0,2022-01-01,54.0,2022-01-01,82.0,2022-01-01,82.0,2022-01-01
68,6804,6804031,Наркевицька селищна громада,76.0,2022-01-01,76.0,2022-01-01,89.0,2022-01-01,89.0,2022-01-01
68,6804,6804033,Розсошанська сільська громада,264.0,2022-01-01,264.0,2022-01-01,432.0,2022-01-01,432.0,2022-01-01
68,6804,6804035,Сатанівська селищна громада,154.0,2022-01-01,154.0,2022-01-01,168.0,2022-01-01,168.0,2022-01-01
68,6804,6804037,Солобковецька сільська громада,49.0,2022-01-01,49.0,2022-01-01,73.0,2022-01-01,73.0,2022-01-01
68,6804,6804039,Старокостянтинівська міська громада,1609.0,2022-01-01,1609.0,2022-01-01,897.0,2022-01-01,897.0,2022-01-01
68,6804,6804041,Староостропільська сільська громада,98.0,2022-01-01,98.0,2022-01-01,100.0,2022-01-01,100.0,2022-01-01
68,6804,6804043,Старосинявська селищна громада,292.0,2022-01-01,292.0,2022-01-01,353.0,2022-01-01,353.0,2022-01-01
68,6804,6804045,Теофіпольська селищна громада,610.0,2022-01-01,610.0,2022-01-01,609.0,2022-01-01,609.0,2022-01-01
68,6804,6804047,Хмельницька міська громада,17523.0,2022-01-01,17523.0,2022-01-01,13406.0,2022-01-01,13406.0,2022-01-01
68,6804,6804049,Чорноострівська селищна громада,279.0,2022-01-01,279.0,2022-01-01,288.0,2022-01-01,288.0,2022-01-01
68,6804,6804051,Щиборівська сільська громада,58.0,2022-01-01,58.0,2022-01-01,53.0,2022-01-01,53.0,2022-01-01
68,6804,6804053,Ярмолинецька селищна громада,558.0,2022-01-01,558.0,2022-01-01,502.0,2022-01-01,502.0,2022-01-01
68,6806,6806001,Берездівська сільська громада,75.0,2022-01-01,75.0,2022-01-01,78.0,2022-01-01,78.0,2022-01-01
68,6806,6806003,Білогірська селищна громада,433.0,2022-01-01,433.0,2022-01-01,376.0,2022-01-01,376.0,2022-01-01
68,6806,6806005,Ганнопільська сільська громада,73.0,2022-01-01,73.0,2022-01-01,64.0,2022-01-01,64.0,2022-01-01
68,6806,6806007,Грицівська селищна громада,108.0,2022-01-01,108.0,2022-01-01,95.0,2022-01-01,95.0,2022-01-01
68,6806,6806009,Ізяславська міська громада,650.0,2022-01-01,650.0,2022-01-01,421.0,2022-01-01,421.0,2022-01-01
68,6806,6806011,Крупецька сільська громада,51.0,2022-01-01,51.0,2022-01-01,51.0,2022-01-01,51.0,2022-01-01
68,6806,6806013,Ленковецька сільська об'єднана територіальна громада,84.0,2022-01-01,84.0,2022-01-01,98.0,2022-01-01,98.0,2022-01-01
68,6806,6806015,Михайлюцька сільська громада,40.0,2022-01-01,40.0,2022-01-01,59.0,2022-01-01,59.0,2022-01-01
68,6806,6806017,Нетішинська міська громада,1079.0,2022-01-01,1079.0,2022-01-01,679.0,2022-01-01,679.0,2022-01-01
68,6806,6806019,Плужненська сільська громада,96.0,2022-01-01,96.0,2022-01-01,83.0,2022-01-01,83.0,2022-01-01
68,6806,6806021,Полонська міська громада,936.0,2022-01-01,936.0,2022-01-01,500.0,2022-01-01,500.0,2022-01-01
68,6806,6806023,Понінківська селищна громада,152.0,2022-01-01,152.0,2022-01-01,66.0,2022-01-01,66.0,2022-01-01
68,6806,6806025,Сахновецька сільська громада,48.0,2022-01-01,48.0,2022-01-01,86.0,2022-01-01,86.0,2022-01-01
68,6806,6806027,Славутська міська громада,1236.0,2022-01-01,1236.0,2022-01-01,578.0,2022-01-01,578.0,2022-01-01
68,6806,6806029,Судилківська сільська громада,170.0,2022-01-01,170.0,2022-01-01,128.0,2022-01-01,128.0,2022-01-01
68,6806,6806031,Улашанівська сільська громада,93.0,2022-01-01,93.0,2022-01-01,101.0,2022-01-01,101.0,2022-01-01
68,6806,6806033,Шепетівська міська громада,1549.0,2022-01-01,1549.0,2022-01-01,859.0,2022-01-01,859.0,2022-01-01
68,6806,6806035,Ямпільська селищна громада,98.0,2022-01-01,98.0,2022-01-01,76.0,2022-01-01,76.0,2022-01-01
74,7402,7402001,Корюківська міська громада,,,,,393.0,2022-01-01,393.0,2022-01-01
74,7402,7402003,Менська міська громада,,,,,439.0,2022-01-01,439.0,2022-01-01
74,7402,7402005,Сновська міська громада,,,,,244.0,2022-01-01,244.0,2022-01-01
74,7402,7402007,Сосницька селищна громада,,,,,253.0,2022-01-01,253.0,2022-01-01
74,7402,7402009,Холминська селищна громада,,,,,60.0,2022-01-01,60.0,2022-01-01
74,7404,7404001,Батуринська міська громада,,,,,106.0,2022-01-01,106.0,2022-01-01
74,7404,7404003,Бахмацька міська громада,,,,,584.0,2022-01-01,584.0,2022-01-01
74,7404,7404005,Бобровицька міська громада,,,,,352.0,2022-01-01,352.0,2022-01-01
74,7404,7404007,Борзнянська міська громада,,,,,346.0,2022-01-01,346.0,2022-01-01
74,7404,7404009,Вертіївська сільська громада,,,,,150.0,2022-01-01,150.0,2022-01-01
74,7404,7404011,Височанська сільська громада,,,,,70.0,2022-01-01,70.0,2022-01-01
74,7404,7404013,Дмитрівська селищна громада,,,,,75.0,2022-01-01,75.0,2022-01-01
74,7404,7404015,Комарівська сільська громада,,,,,76.0,2022-01-01,76.0,2022-01-01
74,7404,7404017,Крутівська сільська громада,,,,,58.0,2022-01-01,58.0,2022-01-01
74,7404,7404019,Лосинівська селищна громада,,,,,139.0,2022-01-01,139.0,2022-01-01
74,7404,7404021,Макіївська сільська громада,,,,,46.0,2022-01-01,46.0,2022-01-01
74,7404,7404023,Мринська сільська громада,,,,,52.0,2022-01-01,52.0,2022-01-01
74,7404,7404025,Ніжинська міська громада,,,,,1282.0,2022-01-01,1282.0,2022-01-01
74,7404,7404027,Новобасанська сільська громада,,,,,85.0,2022-01-01,85.0,2022-01-01
74,7404,7404029,Носівська міська громада,,,,,286.0,2022-01-01,286.0,2022-01-01
74,7404,7404031,Плисківська сільська громада,,,,,60.0,2022-01-01,60.0,2022-01-01
74,7404,7404033,Талалаївська сільська громада,,,,,104.0,2022-01-01,104.0,2022-01-01
74,7406,7406001,Коропська селищна громада,,,,,250.0,2022-01-01,250.0,2022-01-01
74,7406,7406003,Новгород-Сіверська міська громада,,,,,391.0,2022-01-01,391.0,2022-01-01
74,7406,7406005,Понорницька селищна громада,,,,,83.0,2022-01-01,83.0,2022-01-01
74,7406,7406007,Семенівська міська громада,,,,,275.0,2022-01-01,275.0,2022-01-01
74,7408,7408001,Варвинська селищна громада,,,,,218.0,2022-01-01,218.0,2022-01-01
74,7408,7408003,Ічнянська міська громада,,,,,484.0,2022-01-01,484.0,2022-01-01
74,7408,7408005,Ладанська селищна громада,,,,,105.0,2022-01-01,105.0,2022-01-01
74,7408,7408007,Линовицька селищна громада,,,,,57.0,2022-01-01,57.0,2022-01-01
74,7408,7408009,Малодівицька селищна громада,,,,,53.0,2022-01-01,53.0,2022-01-01
74,7408,7408011,Парафіївська селищна громада,,,,,119.0,2022-01-01,119.0,2022-01-01
74,7408,7408013,Прилуцька міська громада,,,,,1093.0,2022-01-01,1093.0,2022-01-01
74,7408,7408015,Срібнянська селищна громада,,,,,164.0,2022-01-01,164.0,2022-01-01
74,7408,7408017,Сухополов'янська сільська громада,,,,,173.0,2022-01-01,173.0,2022-01-01
74,7408,7408019,Талалаївська селищна громада,,,,,192.0,2022-01-01,192.0,2022-01-01
74,7408,7408021,Яблунівська сільська громада,,,,,64.0,2022-01-01,64.0,2022-01-01
74,7410,7410001,Березнянська селищна громада,,,,,98.0,2022-01-01,98.0,2022-01-01
74,7410,7410003,Гончарівська селищна громада,,,,,95.0,2022-01-01,95.0,2022-01-01
74,7410,7410005,Городнянська міська громада,,,,,361.0,2022-01-01,361.0,2022-01-01
74,7410,7410007,Деснянська селищна громада,,,,,101.0,2022-01-01,101.0,2022-01-01
74,7410,7410009,Добрянська селищна громада,,,,,59.0,2022-01-01,59.0,2022-01-01
74,7410,7410011,Іванівська сільська громада,,,,,129.0,2022-01-01,129.0,2022-01-01
74,7410,7410013,Киїнська сільська громада,,,,,141.0,2022-01-01,141.0,2022-01-01
74,7410,7410015,Киселівська сільська громада,,,,,169.0,2022-01-01,169.0,2022-01-01
74,7410,7410017,Кіптівська сільська громада,,,,,82.0,2022-01-01,82.0,2022-01-01
74,7410,7410019,Козелецька селищна громада,,,,,430.0,2022-01-01,430.0,2022-01-01
74,7410,7410021,Куликівська селищна громада,,,,,254.0,2022-01-01,254.0,2022-01-01
74,7410,7410023,Любецька селищна громада,,,,,80.0,2022-01-01,80.0,2022-01-01
74,7410,7410025,Михайло-Коцюбинська селищна громада,,,,,193.0,2022-01-01,193.0,2022-01-01
74,7410,7410027,Новобілоуська сільська громада,,,,,283.0,2022-01-01,283.0,2022-01-01
74,7410,7410029,Олишівська селищна громада,,,,,60.0,2022-01-01,60.0,2022-01-01
74,7410,7410031,Остерська міська громада,,,,,166.0,2022-01-01,166.0,2022-01-01
74,7410,7410033,Ріпкинська селищна громада,,,,,265.0,2022-01-01,265.0,2022-01-01
74,7410,7410035,Седнівська селищна громада,,,,,64.0,2022-01-01,64.0,2022-01-01
74,7410,7410037,Тупичівська сільська громада,,,,,41.0,2022-01-01,41.0,2022-01-01
74,7410,7410039,Чернігівська міська громада,,,,,11235.0,2022-01-01,11235.0,2022-01-01
