k3,n_own,n_cod,name,occupied,diff,ratio
0502003,39,39,Вінницька міська громада,False,0,1.0
0702013,18,18,Нововолинська міська громада,False,0,1.0
0706019,8,8,Ковельська міська громада,False,0,1.0
0708017,16,16,Луцька міська громада,False,0,1.0
1202001,513,513,Дніпровська міська громада,False,0,1.0
1204015,5,5,Кам'янська міська громада,False,0,1.0
1206001,2,2,Апостолівська міська громада,False,0,1.0
1206017,3,3,Криворізька міська громада,False,0,1.0
1206025,8,8,Новопільська сільська громада,False,0,1.0
1208001,2,2,Марганецька міська громада,True,0,1.0
1208005,17,17,Нікопольська міська громада,True,0,1.0
1210007,2,2,Самарівська міська громада,False,0,1.0
1212007,22,22,Павлоградська міська громада,False,0,1.0
1212009,6,6,Тернівка,False,0,1.0
1214013,1,1,Маломихайлівська сільська територіальна громада,False,0,1.0
1214015,6,6,Межівська селищна територіальна громада,False,0,1.0
1214021,4,4,Першотравенська міська громада,False,0,1.0
1214031,1,1,Синельниківська міська громада,False,0,1.0
1402007,1,1,Сіверська міська громада,True,0,1.0
1412003,16,16,Дружківська міська громада,False,0,1.0
1412007,60,60,Костянтинівська міська громада,True,0,1.0
1412009,4,4,Краматорська міська громада,False,0,1.0
1412011,47,47,Лиманська міська громада,False,0,1.0
1412015,2,2,Новодонецька селищна громада,False,0,1.0
1412021,79,79,Слов'янська міська громада,False,0,1.0
1416007,3,3,Добропільська міська громада,True,0,1.0
1416015,5,5,Мирноградська міська громада,True,0,1.0
1416021,25,25,Покровська міська громада,True,0,1.0
1802017,4,4,Червоненська селищна громада,False,0,1.0
1804019,19,19,Житомирська міська громада,False,0,1.0
2110023,16,16,Ужгородська міська громада,False,0,1.0
2110027,2,2,Чопська міська громада,False,0,1.0
2304021,11,11,Степногірська селищна громада,True,0,1.0
2306007,577,584,Запорізька міська громада,False,7,1.0121107266435987
2306009,19,19,Комишуваська селищна громада,False,0,1.0
2306011,12,7,Кушугумська селищна громада,False,-5,0.6153846153846154
2306015,2,0,Михайлівська сільська громада,False,-2,0.3333333333333333
2306029,10,10,Таврійська сільська громада,False,0,1.0
2306031,4,4,Тернуватська селищна громада,True,0,1.0
2310003,3,3,Воздвижівська сільська громада,True,0,1.0
2310007,30,30,Гуляйпільська міська громада,True,0,1.0
2310013,2,2,Малотокмачанська сільська громада,False,0,1.0
2310017,35,35,Оріхівська міська територіальна громада,False,0,1.0
2604019,15,15,Івано-Франківська міська громада,False,0,1.0
2606013,4,4,Долинська міська громада,False,0,1.0
3202001,4,4,Білоцерківська міська громада,False,0,1.0
3202017,1,1,Ставищенська селищна громада,False,0,1.0
3204001,9,9,Бориспільська міська громада,False,0,1.0
3206005,12,12,Броварська міська громада,False,0,1.0
3208005,2,0,Борщагівська сільська громада,False,-2,0.3333333333333333
3208007,3,3,Бучанська міська громада,False,0,1.0
3208009,6,6,Вишнева міська громада,False,0,1.0
3208011,3,3,Гостомельська селищна громада,False,0,1.0
3208015,6,6,Ірпінська міська громада,False,0,1.0
3208019,1,1,Макарівська селищна громада,False,0,1.0
3210001,3,3,Вишгородська міська громада,False,0,1.0
3210007,2,2,Петрівська сільська громада,False,0,1.0
3212003,2,2,Васильківська міська громада,False,0,1.0
3212007,1,0,Козинська селищна громада,False,-1,0.5
3212011,3,3,Обухів,False,0,1.0
3212015,13,13,Українська міська громада,False,0,1.0
3214003,1,3,Боярська міська громада,False,2,2.0
3214005,2,0,Гатненська сільська громада,False,-2,0.3333333333333333
3214007,2,2,Глеваська селищна громада,False,0,1.0
3214015,2,2,Фастівська міська громада,False,0,1.0
3214017,1,0,Чабанівська селищна громада,False,-1,0.5
3504021,26,26,Кропивницька міська громада,False,0,1.0
3506015,8,8,Новоукраїнська міська громада,False,0,1.0
4604001,2,2,Бродівська міська громада,False,0,1.0
4604007,4,4,Золочівська міська громада,False,0,1.0
4606001,2,2,Бібрська міська об'єднана територіальна громада,False,0,1.0
4606013,2,2,Жовківська міська громада,False,0,1.0
4606025,111,111,Львівська міська громада,False,0,1.0
4802019,2,0,Снігурівська міська громада,False,-2,0.3333333333333333
4804007,1,1,Вознесенська міська територіальна громада,False,0,1.0
4804011,2,0,Дорошівська сільська громада,False,-2,0.3333333333333333
4804021,0,2,Прибужанівська сільська громада,False,2,3.0
4806009,4,4,Коблівська сільська громада,False,0,1.0
4806015,85,85,Миколаївська міська територіальна громада,False,0,1.0
5104021,1,1,Сергіївська селищна громада,False,0,1.0
5106001,1,1,Арцизька міська громада,False,0,1.0
5108003,3,3,Ізмаїльська міська громада,False,0,1.0
5108005,4,4,Кілійська міська громада,False,0,1.0
5108007,3,3,Ренійська міська громада,False,0,1.0
5108009,5,5,Саф'янівська сільська громада,False,0,1.0
5110001,12,12,Авангардівська селищна громада,False,0,1.0
5110005,1,0,Великодальницька сільська громада,False,-1,0.5
5110007,2,4,Великодолинська селищна громада,False,2,1.6666666666666667
5110015,2,2,Дачненська сільська громада,False,0,1.0
5110019,1,1,Красносільська сільська громада,False,0,1.0
5110021,1,1,Маяківська сільська громада,False,0,1.0
5110027,337,339,Одеська міська громада,False,2,1.0059171597633136
5110029,4,2,Таїрівська селищна громада,False,-2,0.6
5110035,3,4,Фонтанська сільська громада,False,1,1.25
5110037,9,8,Чорноморська міська громада,False,-1,0.9
5110039,5,4,Чорноморське,False,-1,0.8333333333333334
5112005,1,1,Долинська сільська громада,False,0,1.0
5112019,1,1,Подільська міська громада,False,0,1.0
5302011,12,12,Кременчуцька міська громада,False,0,1.0
5304011,1,1,Хорольська міська громада,False,0,1.0
5308037,63,63,Полтавська міська громада,False,0,1.0
5604027,1,1,Привільненська сільська громада,False,0,1.0
5606007,1,1,Бугринська сільська громада,False,0,1.0
5606047,4,4,Рівненська міська громада,False,0,1.0
5902007,17,17,Конотопська міська громада,False,0,1.0
5902013,2,2,Попівська сільська громада,False,0,1.0
5904003,2,2,Великописарівська селищна громада,False,0,1.0
5904011,4,4,Охтирська міська громада,False,0,1.0
5904013,3,3,Тростянецька міська громада,False,0,1.0
5908009,4,4,Краснопільська селищна громада,False,0,1.0
5908027,73,73,Сумська міська громада,False,0,1.0
5910003,1,1,Глухівська міська громада,False,0,1.0
5910013,2,2,Середино-Будська міська громада,False,0,1.0
5910017,4,4,Шосткинська міська громада,False,0,1.0
6104001,3,2,Байковецька сільська громада,False,-1,0.75
6104007,4,2,Великоберезовицька селищна громада,False,-2,0.6
6104011,2,0,Великогаївська сільська громада,False,-2,0.3333333333333333
6104049,22,27,Тернопільська міська громада,False,5,1.2173913043478262
6302001,4,4,Богодухівська міська громада,False,0,1.0
6304001,15,15,Балаклійська міська громада,False,0,1.0
6304003,2,2,Барвінківська міська громада,False,0,1.0
6304009,27,27,Ізюмська міська громада,False,0,1.0
6304013,2,2,Оскільська сільська громада,False,0,1.0
6308005,2,2,Дворічанська селищна громада,True,0,1.0
6308009,25,25,Куп'янська міська громада,True,0,1.0
6310005,5,5,Лозівська міська громада,False,0,1.0
6312007,4,4,Дергачівська міська громада,False,0,1.0
6312013,1,1,Малоданилівська селищна громада,False,0,1.0
6312015,4,4,Мереф'янська міська громада,False,0,1.0
6312019,1,1,Південноміська міська громада,False,0,1.0
6312023,4,2,Роганська селищна громада,False,-2,0.6
6312027,422,424,Харківська міська громада,False,2,1.0047281323877069
6314009,1,1,Печенізька селищна громада,False,0,1.0
6314017,16,16,Чугуївська міська громада,False,0,1.0
6502009,0,2,Калинівська селищна громада,False,2,3.0
6502015,3,3,Нововоронцовська селищна громада,False,0,1.0
6502021,2,19,Тягинська сільська громада,False,17,6.666666666666667
6506017,17,0,Новокаховська міська громада,True,-17,0.05555555555555555
6510015,285,283,Херсонська міська громада,False,-2,0.993006993006993
6510017,4,6,Чорнобаївська сільська громада,False,2,1.4
6802021,2,2,Орининська сільська громада,False,0,1.0
6804039,7,7,Старокостянтинівська міська громада,False,0,1.0
6804047,12,12,Хмельницька міська громада,False,0,1.0
6806003,9,9,Білогірська селищна громада,False,0,1.0
7106021,5,5,Уманська міська громада,False,0,1.0
7108017,1,1,Корсунь-Шевченківська міська громада,False,0,1.0
7108039,1,1,Смілянська міська громада,False,0,1.0
7108049,27,27,Черкаська міська громада,False,0,1.0
7306049,1,1,Сторожинецька міська громада,False,0,1.0
7306061,1,1,Чернівецька міська громада,False,0,1.0
7402003,2,2,Менська міська громада,False,0,1.0
7404025,3,3,Ніжинська міська громада,False,0,1.0
7406003,1,1,Новгород-Сіверська міська громада,False,0,1.0
7408013,10,10,Прилуцька міська громада,False,0,1.0
7410039,76,76,Чернігівська міська громада,False,0,1.0
8000000,1321,1325,Київ,False,4,1.0030257186081695
