outcome,spec,capacity,exposure,n,r2,b_exp,t_exp,b_cap,t_cap,b_int,t_int,p_wcb_exp,p_wcb_cap,p_wcb_int,t_c50_exp,t_c100_exp,t_c50_cap,t_c100_cap,t_c50_int,t_c100_int,moran_resid
log recent level,M1,capacity_index,exp_strikes_log,1020,0.24682780661442516,-0.38638712495491057,-13.387631070826835,0.15533001815281514,5.588840425562997,0.24341710123947402,9.631461293159902,0.0,0.0036003600360036,0.0,-13.732812287638335,-12.266902984942107,4.24907355160977,3.530161344120073,10.113504121142656,10.233911475092919,
log recent level,M2 FE,capacity_index,exp_strikes_log,1020,0.6413342737447902,-0.11316958755430484,-4.6043164301218225,0.18664521107372212,8.376418687712572,0.04818926294258162,2.62367435077256,0.00010001000100010001,0.00010001000100010001,0.0613061306130613,-4.66682118338152,-4.75828274905049,8.152263767045524,8.205121183345312,2.4137008065028844,2.500059509908816,
log recent level,M3 FE+ctrl,capacity_index,exp_strikes_log,1020,0.6500636784273912,-0.16304970101296268,-5.925496546157409,0.2108689678268392,8.239228945377347,0.03443103017518264,1.89986352542486,0.0005000500050005,0.0,0.0931093109310931,-6.228520566042577,-6.200646902083797,7.906195991434353,8.105872010066065,1.7885121991689366,1.7432910168632663,0.14557473433145626
log recent level,M3w weighted,capacity_index,exp_strikes_log,1020,0.6963726022305173,-0.1589504669762164,-5.166945438006246,0.2169275521369946,6.857648675900333,0.00513782253323642,0.3091864419143123,0.0016001600160016002,0.00010001000100010001,0.727072707270727,-5.408105138031284,-5.328453277415703,6.405465660467826,6.09961275801022,0.30713735368900935,0.31257243687735203,
log recent level,M4 alerts,capacity_index,alert_h_12m,1020,0.6878042567830203,-0.5438823462242336,-8.539527309958366,0.18009332592603208,7.354476054656727,0.04924215043692663,1.8181270102745217,0.09060906090609061,0.00010001000100010001,0.20372037203720372,-7.31728366940374,-7.56417289400796,7.215438839077194,7.232905665731576,1.8009294902970823,1.7044561404182577,
log recent level,M5 pre-war cap,capacity_prewar,exp_strikes_log,1020,0.626942819138924,-0.18182781946866244,-5.448949241837346,0.09475620174885105,3.0193526821830683,0.020156610937258502,0.7519689054833399,0.0037003700370037006,0.0025002500250025004,0.5748574857485749,-5.249799694827361,-5.30211670993009,2.975189433561284,2.9449830972499087,0.7051292358054829,0.6561504675286896,
log trough,M1,capacity_index,exp_strikes_log,1020,0.07811370642615645,-0.19131596801710066,-7.380301336377032,0.05211132337852862,1.675449469326963,0.17415289112132792,7.600833437969486,0.0025002500250025004,0.5332533253325332,0.00020002000200020003,-6.438256225073457,-5.153232563930557,1.0366975796491713,0.8376859244496093,7.188897464665899,6.591966647589867,
log trough,M2 FE,capacity_index,exp_strikes_log,1020,0.6151918212746255,0.03898472659836738,2.3741327892505835,0.12196885513479305,5.718485167776449,0.009368614800048853,0.7926540893284229,0.1565156515651565,0.0,0.4677467746774677,2.2009306237509083,2.074625584063917,5.397097320610289,5.497009900615853,0.7908908954612324,0.7714275714039586,
log trough,M3 FE+ctrl,capacity_index,exp_strikes_log,1020,0.6392840647072437,-0.014325218136274853,-0.6619660011908426,0.08532068860809158,3.3468782885970594,0.0024194611787456562,0.19809366252967636,0.6652665266526653,0.0035003500350035003,0.8712871287128713,-0.6181782961024591,-0.5582903773790872,3.2947579648208216,3.455635214670052,0.1923375322870137,0.17910584478472572,0.22419365587864235
log trough,M3w weighted,capacity_index,exp_strikes_log,1020,0.6530146042961633,-0.05434923034718464,-1.5735233167981622,0.06174273006359107,1.8987873281026897,-0.0036745184710040594,-0.21488486701643955,0.32713271327132715,0.1542154215421542,0.8237823782378237,-1.536464647462488,-1.41140202341947,1.7069816500273978,1.6099414786367514,-0.21834715939085758,-0.20709449407096775,
log trough,M4 alerts,capacity_index,alert_h_12m,1020,0.6461710616939895,-0.2088221163308952,-6.114776462106244,0.07280060601118823,2.878784393260647,-0.007629028615825719,-0.6010154560046866,0.24162416241624163,0.011501150115011502,0.6532653265326532,-4.433327576852976,-3.624739901919588,2.849118172680849,2.9214679097780945,-0.535814514192609,-0.5653579884826404,
log trough,M5 pre-war cap,capacity_prewar,exp_strikes_log,1020,0.6352856305585732,-0.016845770382356684,-0.7077317660791491,0.020830057066642954,0.6988064668054027,0.0022927385041756265,0.11971708775482984,0.6867686768676867,0.4075407540754075,0.9617961796179618,-0.6568920501548681,-0.5859585547373636,0.65780157948425,0.638326698996343,0.11531306556313739,0.11105962269643443,
log summer-24 dip vs H2-23,M1,capacity_index,exp_strikes_log,1020,0.15709674581526167,-0.126282539010251,-4.631610225732376,0.27292413556588685,9.748832509229578,0.2079556593238162,9.932375093353048,0.0035003500350035003,0.0,0.00010001000100010001,-4.605754838655675,-4.201248069585469,8.906556935088958,8.045441945950651,9.580230976871661,8.599937747849657,
log summer-24 dip vs H2-23,M2 FE,capacity_index,exp_strikes_log,1020,0.3485688187717795,0.06272246355146238,2.1745918666391506,0.2747160367711062,9.913969021246768,0.08427581513520935,4.008471298328857,0.08300830083008301,0.0,0.010801080108010801,2.3784636279026024,2.5246363185582896,9.60582898644118,9.19960848182242,3.9464854509857097,3.7885227987706407,
log summer-24 dip vs H2-23,M3 FE+ctrl,capacity_index,exp_strikes_log,1020,0.433229365476579,-0.15399825001716008,-4.94073963868277,0.20162569447064968,6.278410224616629,0.02829217951540593,1.3519215466199657,0.0009000900090009,0.0,0.22702270227022703,-5.22366667772721,-5.22361330267061,5.960144481757528,5.870595138198686,1.4436518210027582,1.4204064608295095,0.07466807146495498
log summer-24 dip vs H2-23,M3w weighted,capacity_index,exp_strikes_log,1020,0.5209931510701157,-0.16724014739356546,-4.939913210640598,0.158728608714102,4.112326411923498,0.0037581147639776133,0.19541482253254755,0.0015001500150015,0.00030003000300030005,0.8441844184418442,-5.051094364923575,-4.960266543575563,3.8740014289751064,3.960304840433648,0.20786164285423953,0.2249422701971359,
log summer-24 dip vs H2-23,M4 alerts,capacity_index,alert_h_12m,1020,0.443686832473582,-0.3304238860975645,-4.318966645505074,0.18375384145888643,5.776352156720229,0.06930268292303834,2.118289743905903,0.0858085808580858,0.0,0.07210721072107211,-3.987852045213264,-4.407674598547702,5.587486599303508,5.566440124651227,2.2278235263015276,2.323193121696367,
log summer-24 dip vs H2-23,M5 pre-war cap,capacity_prewar,exp_strikes_log,1020,0.416485702595244,-0.18069010035001426,-4.9863339576648995,0.13274728927781948,3.5600069872475197,0.02365438614845468,0.8060099011667267,0.0028002800280028,0.0014001400140014,0.45604560456045606,-5.023252057187299,-4.815110715361657,3.4952732419899464,3.695974060880738,0.8008142588981298,0.7762839242157488,
slope 2024-26,M1,capacity_index,exp_strikes_log,1020,0.017912139256933135,-0.04244091276896033,-2.510278364609815,0.12567204600341067,3.2100822862541265,-0.03278733084976277,-1.9305150402696292,0.07600760076007601,0.0175017501750175,0.07600760076007601,-2.249797455901685,-2.1257826010938135,3.234480195125525,3.5607647759084675,-1.8205636818476543,-1.957460087948728,
slope 2024-26,M2 FE,capacity_index,exp_strikes_log,1020,0.08799321832994189,-0.03593077566375935,-1.1434126223635734,0.16053322506263495,3.805375517199793,-0.03540195734787076,-1.7141450849325395,0.4513451345134513,0.0034003400340034003,0.14421442144214422,-1.0898605455266324,-1.1296113166352875,3.746930634026224,4.0584004754974305,-1.5901215875324495,-1.6291310303645963,
slope 2024-26,M3 FE+ctrl,capacity_index,exp_strikes_log,1020,0.10914593158983588,-0.1004597924546155,-2.094816850081244,0.12645808324438262,2.3463654922325308,-0.05635263077219996,-2.3034728206592887,0.0963096309630963,0.09890989098909891,0.05710571057105711,-2.0362246407622364,-2.0807065636225266,2.3645446353974675,2.333040206579248,-2.1181453994035113,-2.144188366477583,-0.0013164147292401198
slope 2024-26,M3w weighted,capacity_index,exp_strikes_log,1020,0.16841955536023778,-0.021275087368314072,-0.8079064164070121,0.1310679129764315,3.032508159192449,-0.056040922527835366,-3.3779847877542815,0.534053405340534,0.021702170217021702,0.0009000900090009,-0.8162914347844084,-0.7776295402712292,3.0553731422334276,3.064861567439489,-3.303561151969107,-3.2783006034174855,
slope 2024-26,M4 alerts,capacity_index,alert_h_12m,1020,0.10634890137880726,-0.19026301296802656,-2.4377069827284386,0.10977160018871356,2.0175325963826203,-0.016074762878584056,-0.3168176731671455,0.17281728172817282,0.1562156215621562,0.8622862286228623,-2.1985468746714982,-2.497700792061416,2.0131304334835685,1.973290004624859,-0.32505695011200925,-0.3414333503417972,
slope 2024-26,M5 pre-war cap,capacity_prewar,exp_strikes_log,1020,0.10395047186790918,-0.0908098773427311,-2.0671597763704317,0.10952839073397069,1.8568134498490638,-0.051698872368615964,-1.6976583141595118,0.11191119111911191,0.13051305130513052,0.17991799179917992,-1.9843991705422352,-1.995423548654276,1.8847245005304853,1.738954016437398,-1.5664959863314432,-1.5238222304010884,
log civ PIT rel recent,M1,capacity_prewar,exp_strikes_log,1288,0.16412940748802518,-0.46196612510856705,-8.360692571676577,-0.06827339200031743,-2.194614765447463,0.19637393710354573,4.1054926035096395,0.0005000500050005,0.0929092909290929,0.004000400040004,-7.259746253490695,-6.505207815528935,-1.9834321220329565,-1.951705161618956,4.059500372090608,4.270565369545386,
log civ PIT rel recent,M2 FE,capacity_prewar,exp_strikes_log,1288,0.3249901098578305,-0.23516651853054574,-5.0880781093713665,0.009986694101302863,0.2892321230834285,0.0565840610376515,1.3589589398235282,0.0013001300130013002,0.7840784078407841,0.27422742274227424,-4.686917403458637,-4.4903148062308516,0.2827954130217831,0.284443741783255,1.3741801203133264,1.3610527445487828,
log civ PIT rel recent,M3 FE+ctrl,capacity_prewar,exp_strikes_log,1288,0.3505115682811327,-0.2366585725384509,-4.648291496322462,-0.10877900790331572,-2.680172189040978,0.08244000813787486,1.9460024391511694,0.028002800280028002,0.024002400240024,0.10181018101810181,-4.179448456507601,-3.737596752155621,-2.700344435679911,-2.6094226063533434,1.9902651365621715,2.0281822044823397,0.09922979452836253
log civ PIT rel recent,M4 alerts,capacity_prewar,alert_h_12m,1288,0.35029638355333637,-0.3345588871935779,-5.233820465941929,-0.15162145498598278,-3.8473500193306682,-0.053091647385842274,-1.2256956834483062,0.09780978097809781,0.002000200020002,0.20172017201720172,-3.9621850133671432,-3.9136174716616687,-3.866743915646432,-3.7254670245141566,-1.2420921979161135,-1.3078643165495123,
log civ PIT rel 2022,M1,capacity_prewar,exp_strikes_log,1288,0.18347433666547186,-0.44978615167738467,-7.889696753366626,-0.13904392974869403,-4.941884266055911,0.22092396321640473,4.820622190981216,0.005900590059005901,0.0007000700070007,0.007600760076007601,-6.443964952936273,-4.891423179893334,-4.830888274256385,-4.540881584573461,4.5342964727355515,4.201617281921857,
log civ PIT rel 2022,M2 FE,capacity_prewar,exp_strikes_log,1288,0.49605676474680893,-0.11720687216944234,-2.8142292268978273,-0.03871240680326768,-1.307958560094291,0.035090880921047174,1.0205011211645592,0.26692669266926694,0.38213821382138213,0.5326532653265327,-2.544782568687674,-2.277267293344823,-1.2861402450788422,-1.2845836366730035,1.0039767177791328,1.031853167589444,
log civ PIT rel 2022,M3 FE+ctrl,capacity_prewar,exp_strikes_log,1288,0.5063006016208851,-0.17576504957960865,-3.7823426356236833,-0.057376484629237605,-1.668960919583329,0.02381667757778731,0.7186039712557651,0.20662066206620663,0.27202720272027203,0.544954495449545,-3.353696856673744,-2.816359732506319,-1.5387547706730174,-1.515833787110123,0.7451814626130864,0.8111188585703519,0.1889186358027669
log civ PIT rel 2022,M4 alerts,capacity_prewar,alert_h_12m,1288,0.4969595609660359,-0.1586153334846673,-3.180475996887651,-0.09037093361746593,-2.7845212626589815,0.03334601960699039,0.9425887077027094,0.22092209220922093,0.0056005600560056,0.43114311431143115,-2.067654853207661,-1.684668975503951,-2.6213403465632683,-2.7238712814634147,1.1736599740107425,1.3363338087018801,
