question,model,y,x,fe,controls,n,r2,r2_within,b,se_hc1,t_hc1,t_cr1,p_wcb,t_conley50,t_conley100,ci_lo,ci_hi,moran_I_resid,note
Q1,zone gap: like-for-like economic,ll_econ_2025,zone,1,ll_econ_2021;c_logpop,1288,0.883144,0.82497,-0.378718,0.0457442,-8.27904,-3.9707,0.00860086,-6.84148,-5.61355,-0.624429,-0.139714,0.171622,
Q1,exposure: like-for-like economic,ll_econ_2025,exp,1,ll_econ_2021;c_logpop,1288,0.881451,0.822435,-0.127901,0.018535,-6.90051,-3.18575,0.00610061,-5.77565,-4.81058,,,0.173349,
Q1,exposure without zone: like-for-like economic,ll_econ_2025,exp,1,ll_econ_2021;c_logpop,1093,0.921977,0.873654,-0.00196889,0.00945275,-0.208287,-0.2051,0.839884,-0.197905,-0.196849,,,0.110702,
Q1,zone gap: pdfo_civ_pc,r_pdfo_civ_pc_2025,zone,1,r_pdfo_civ_pc_2021;c_logpop,1288,0.817275,0.754465,-0.466361,0.0555662,-8.39289,-5.54969,0.00430043,-7.92814,-7.26868,,,0.110334,
Q1,exposure: pdfo_civ_pc,r_pdfo_civ_pc_2025,exp,1,r_pdfo_civ_pc_2021;c_logpop,1288,0.806013,0.739332,-0.0911371,0.0190999,-4.7716,-2.11081,0.0714071,-4.05009,-3.34838,,,0.134358,
Q1,exposure without zone: pdfo_civ_pc,r_pdfo_civ_pc_2025,exp,1,r_pdfo_civ_pc_2021;c_logpop,1093,0.859457,0.798194,0.0218832,0.0109191,2.00413,1.45882,0.157516,1.89681,1.77567,,,0.0800278,
Q1,zone gap: single_tax_pc,r_single_tax_pc_2025,zone,1,r_single_tax_pc_2021;c_logpop,1288,0.844904,0.766906,-0.1938,0.0494248,-3.92111,-1.9098,0.123912,-3.36834,-2.83823,,,0.156362,
Q1,exposure: single_tax_pc,r_single_tax_pc_2025,exp,1,r_single_tax_pc_2021;c_logpop,1288,0.845887,0.768383,-0.082852,0.019374,-4.27646,-2.25366,0.0582058,-3.60538,-3.0016,,,0.146658,
Q1,exposure without zone: single_tax_pc,r_single_tax_pc_2025,exp,1,r_single_tax_pc_2021;c_logpop,1093,0.8798,0.804784,0.0209982,0.0119977,1.75018,1.29478,0.207121,1.66134,1.52299,,,0.128616,
Q1,zone gap: property_tax_pc,r_property_tax_pc_2025,zone,1,r_property_tax_pc_2021;c_logpop,1285,0.807763,0.738411,-0.403734,0.0537756,-7.50776,-5.21095,0.00370037,-6.23587,-5.47067,,,0.106711,
Q1,exposure: property_tax_pc,r_property_tax_pc_2025,exp,1,r_property_tax_pc_2021;c_logpop,1285,0.802836,0.731707,-0.113444,0.0210254,-5.39556,-3.0183,0.00740074,-4.71291,-4.26015,,,0.139658,
Q1,exposure without zone: property_tax_pc,r_property_tax_pc_2025,exp,1,r_property_tax_pc_2021;c_logpop,1093,0.835884,0.768692,-0.00337434,0.0144401,-0.233679,-0.249569,0.80488,-0.22193,-0.230734,,,0.0900581,
Q1,zone gap: like-for-like rights,ll_rights_2025,zone,1,ll_rights_2021;c_logpop,1288,0.68219,0.507011,-0.259907,0.0604783,-4.29753,-4.83185,0.00720072,-4.36814,-4.59567,-0.391651,-0.138248,0.0677748,
Q1,exposure: like-for-like rights,ll_rights_2025,exp,1,ll_rights_2021;c_logpop,1288,0.677289,0.499409,0.00640943,0.0216555,0.295972,0.230689,0.816982,0.291132,0.278107,,,0.0724335,
Q1,exposure without zone: like-for-like rights,ll_rights_2025,exp,1,ll_rights_2021;c_logpop,1093,0.715263,0.549504,0.0672601,0.0190563,3.52954,3.59957,0.00260026,3.59431,3.4927,,,0.0593069,
Q1,zone gap: transfer_dep_civ,r_transfer_dep_civ_2025,zone,1,r_transfer_dep_civ_2021;c_logpop,1288,0.761388,0.646038,-0.44072,0.0631571,-6.97817,-4.04762,0.00520052,-6.42764,-5.88716,,,0.0819834,
Q1,exposure: transfer_dep_civ,r_transfer_dep_civ_2025,exp,1,r_transfer_dep_civ_2021;c_logpop,1288,0.751617,0.631543,-0.0878526,0.0206904,-4.24606,-2.60759,0.0135014,-3.96467,-3.5394,,,0.103709,
Q1,exposure without zone: transfer_dep_civ,r_transfer_dep_civ_2025,exp,1,r_transfer_dep_civ_2021;c_logpop,1093,0.80353,0.711205,0.00314337,0.0162267,0.193716,0.222431,0.824082,0.187762,0.194139,,,0.0537574,
Q1,zone gap: capex_share,r_capex_share_2325,zone,1,r_capex_share_2021;c_logpop,1288,0.439868,0.220747,0.0545395,0.0736693,0.740329,0.443189,0.672367,0.722938,0.67912,,,0.0426462,
Q1,exposure: capex_share,r_capex_share_2325,exp,1,r_capex_share_2021;c_logpop,1288,0.443296,0.225516,0.0811229,0.0259327,3.12821,2.80323,0.0161016,3.14161,3.09488,,,0.0363938,
Q1,exposure without zone: capex_share,r_capex_share_2325,exp,1,r_capex_share_2021;c_logpop,1093,0.424451,0.261088,0.0926533,0.0245676,3.77137,3.2162,0.0117012,3.61439,3.27355,,,0.0355815,
Q1,zone gap: social_pc,r_social_pc_2025,zone,1,r_social_pc_2021;c_logpop,1288,0.578573,0.426647,-0.207757,0.06805,-3.053,-3.86168,0.00880088,-3.01731,-3.44599,,,0.0653498,
Q1,exposure: social_pc,r_social_pc_2025,exp,1,r_social_pc_2021;c_logpop,1288,0.577624,0.425357,0.0631986,0.0263132,2.40178,1.65062,0.127813,2.24172,2.14337,,,0.0664857,
Q1,exposure without zone: social_pc,r_social_pc_2025,exp,1,r_social_pc_2021;c_logpop,1093,0.614584,0.445699,0.120958,0.0234238,5.1639,5.6029,0,5.23708,5.71484,,,0.0711549,
Q1,zone gap: like-for-like cultural,ll_cult_2025,zone,1,ll_cult_2021;c_logpop,1288,0.78125,0.740949,-0.545626,0.0589469,-9.25622,-4.65364,0.00130013,-7.81117,-6.58123,-0.826149,-0.243119,0.146969,
Q1,exposure: like-for-like cultural,ll_cult_2025,exp,1,ll_cult_2021;c_logpop,1288,0.770494,0.728211,-0.141705,0.0247614,-5.72283,-2.51224,0.0250025,-4.89707,-4.1391,,,0.190663,
Q1,exposure without zone: like-for-like cultural,ll_cult_2025,exp,1,ll_cult_2021;c_logpop,1093,0.839711,0.807942,0.00946334,0.014252,0.664002,0.747899,0.460046,0.663174,0.697715,,,0.112219,
Q1,zone gap: culture_arts_pc,r_culture_arts_pc_2025,zone,1,r_culture_arts_pc_2021;c_logpop,1288,0.720324,0.636493,-0.420562,0.0656063,-6.4104,-4.09494,0.00480048,-5.78883,-5.28552,,,0.0686933,
Q1,exposure: culture_arts_pc,r_culture_arts_pc_2025,exp,1,r_culture_arts_pc_2021;c_logpop,1288,0.718775,0.634479,-0.143396,0.023896,-6.00084,-2.5322,0.0122012,-5.01912,-4.10203,,,0.0978769,
Q1,exposure without zone: culture_arts_pc,r_culture_arts_pc_2025,exp,1,r_culture_arts_pc_2021;c_logpop,1093,0.784217,0.704108,-0.0173247,0.0160214,-1.08135,-1.27391,0.218122,-1.03097,-1.12943,,,0.0369981,
Q1,zone gap: education_pc,r_education_pc_2025,zone,1,r_education_pc_2021;c_logpop,1288,0.787239,0.754473,-0.439189,0.0611216,-7.1855,-3.81115,0.00090009,-6.37595,-5.42535,,,0.113713,
Q1,exposure: education_pc,r_education_pc_2025,exp,1,r_education_pc_2021;c_logpop,1288,0.775868,0.741352,-0.07197,0.0254885,-2.82363,-1.72922,0.127713,-2.75276,-2.54551,,,0.138078,
Q1,exposure without zone: education_pc,r_education_pc_2025,exp,1,r_education_pc_2021;c_logpop,1093,0.847407,0.826314,0.0489245,0.0149126,3.28075,3.63307,0.00110011,3.40905,3.61021,,,0.111753,
Q1,zone gap: extracurricular_pc,r_extracurricular_pc_2025,zone,1,r_extracurricular_pc_2021;c_logpop,1288,0.882683,0.871802,-0.218297,0.0341046,-6.40083,-4.90595,0.00380038,-5.87951,-5.9746,,,0.0181549,
Q1,exposure: extracurricular_pc,r_extracurricular_pc_2025,exp,1,r_extracurricular_pc_2021;c_logpop,1288,0.881324,0.870316,-0.0618956,0.0144242,-4.29108,-2.93784,0.0113011,-4.17834,-3.82908,,,0.0330729,
Q1,exposure without zone: extracurricular_pc,r_extracurricular_pc_2025,exp,1,r_extracurricular_pc_2021;c_logpop,1093,0.892788,0.883474,-0.00211933,0.0100539,-0.210797,-0.225631,0.824082,-0.216197,-0.209954,,,0.00106241,
Q1,zone gap 2025 level: pdfo_civ_growth_rel_2125,r_pdfo_civ_growth_rel_2125,zone,1,c_logpop,1288,0.236994,0.0662837,-0.808846,0.087348,-9.26004,-8.85568,0.00070007,-9.84479,-9.66565,,,0.0487709,
Q1,zone gap 2025 level: dream_per10k,r_dream_per10k,zone,1,c_logpop,1289,0.166062,0.000702559,-0.0318424,0.0916869,-0.347294,-0.26933,0.79978,-0.344395,-0.317755,,,0.0420568,
Q1,zone gap 2025 level: schools_per10k_2026,r_schools_per10k_2026,zone,1,c_logpop,1288,0.534613,0.492411,-0.169759,0.0753563,-2.25275,-1.9505,0.122812,-2.18723,-2.17281,,,0.0530886,
Q2,"exposure, all (as 36 A3)",imbalance_2025,exp,1,imbalance_2021;c_logpop,1288,0.347212,0.202916,0.300782,0.0440178,6.8332,4.15845,0.00010001,5.48958,4.96666,,,0.0265219,
Q2,exposure without zone,imbalance_2025,exp,1,imbalance_2021;c_logpop,1093,0.327781,0.225513,0.132163,0.027207,4.85768,3.42736,0.00030003,4.7888,4.27765,,,-0.027474,
Q2,exposure without frontline oblasts,imbalance_2025,exp,1,imbalance_2021;c_logpop,1242,0.320873,0.217705,0.263201,0.0393004,6.69718,3.93366,0.00040004,5.99642,5.44036,,,-0.00419779,
Q2,alert hours without zone,imbalance_2025,exp_alert,1,imbalance_2021;c_logpop,1093,0.317188,0.213308,0.0351832,0.0483463,0.727734,1.51681,0.310431,0.828623,1.07193,,,-0.0296204,
Q2,zone gap,imbalance_2025,zone,1,imbalance_2021;c_logpop,1288,0.313408,0.16164,0.476649,0.0994772,4.79154,2.76513,0.00850085,4.57265,3.88661,0.0812225,0.9182,0.041154,
Q2,exposure inside the zone,imbalance_2025,exp,1,imbalance_2021;c_logpop,195,0.331403,0.171026,0.467341,0.109852,4.25429,3.013,0.0243024,3.36307,3.05918,,,0.0226327,12 oblast clusters only
Q2,"exposure, all (as 36 A3)",lean_cult_2025,exp,1,lean_cult_2021;c_logpop,1288,0.666464,0.567787,-0.00189662,0.0241846,-0.0784226,-0.0578629,0.956196,-0.0730733,-0.0676729,,,0.013922,
Q2,exposure without zone,lean_cult_2025,exp,1,lean_cult_2021;c_logpop,1093,0.696157,0.617463,-0.0256805,0.0177324,-1.44822,-1.30271,0.207821,-1.45822,-1.45544,,,-0.00686031,
Q2,exposure without frontline oblasts,lean_cult_2025,exp,1,lean_cult_2021;c_logpop,1242,0.676268,0.580156,-0.0168456,0.0229297,-0.734665,-0.581868,0.584358,-0.704276,-0.692153,,,0.00976721,
Q2,alert hours without zone,lean_cult_2025,exp_alert,1,lean_cult_2021;c_logpop,1093,0.695751,0.616952,9.9066e-05,0.0240883,0.00411261,0.00447795,0.9954,0.00416514,0.0042237,,,-0.00520901,
Q2,zone gap,lean_cult_2025,zone,1,lean_cult_2021;c_logpop,1288,0.666712,0.568108,0.0586125,0.061808,0.948301,0.562723,0.588959,0.948017,0.860035,-0.178796,0.310262,0.0157792,
Q2,exposure inside the zone,lean_cult_2025,exp,1,lean_cult_2021;c_logpop,195,0.584,0.288493,0.0683787,0.076369,0.895373,0.735094,0.542954,0.853034,0.805772,,,0.0376964,12 oblast clusters only
Q2,"exposure, all (as 36 A3)",lean_econ_rights_2025,exp,1,lean_econ_rights_2021;c_logpop,1288,0.450346,0.257272,-0.198637,0.0439474,-4.51988,-2.58197,0.0282028,-3.56415,-3.1503,,,0.0886261,
Q2,exposure without zone,lean_econ_rights_2025,exp,1,lean_econ_rights_2021;c_logpop,1093,0.337319,0.286752,0.0129122,0.0286476,0.450726,0.286806,0.786879,0.429976,0.386183,,,0.0258827,
Q2,exposure without frontline oblasts,lean_econ_rights_2025,exp,1,lean_econ_rights_2021;c_logpop,1242,0.388505,0.269664,-0.145097,0.0410405,-3.53547,-2.01047,0.10111,-3.1757,-2.87899,,,0.0673582,
Q2,alert hours without zone,lean_econ_rights_2025,exp_alert,1,lean_econ_rights_2021;c_logpop,1093,0.33816,0.287657,-0.0662492,0.0460108,-1.43986,-1.24649,0.135014,-1.59782,-1.54562,,,0.0242011,
Q2,zone gap,lean_econ_rights_2025,zone,1,lean_econ_rights_2021;c_logpop,1288,0.457574,0.267038,-0.628769,0.0856427,-7.34177,-3.59182,0.0118012,-6.57391,-5.51935,-1.06282,-0.180359,0.0881266,
Q2,exposure inside the zone,lean_econ_rights_2025,exp,1,lean_econ_rights_2021;c_logpop,195,0.479489,0.275053,-0.448192,0.0960292,-4.66725,-2.96722,0.0179018,-3.52416,-3.13925,,,0.0432033,12 oblast clusters only
Q3,"joint, summer 2024",y_s24,r_transfer_dep_civ_2021,1,econ_2021;cult_2021;exp;c_logpop;c_loglit;c_rad21,898,0.296318,0.131343,0.211561,0.053605,3.94667,4.76883,0.00060006,3.95233,3.90704,0.109837,0.298728,0.0613862,
Q3,"joint, summer 2024",y_s24,r_capex_share_2021,1,econ_2021;cult_2021;exp;c_logpop;c_loglit;c_rad21,898,0.296318,0.131343,0.0759011,0.0329331,2.3047,2.5912,0.0113011,2.20816,2.27034,0.0175461,0.136544,0.0613862,
Q3,"joint, summer 2024",y_s24,r_social_pc_2021,1,econ_2021;cult_2021;exp;c_logpop;c_loglit;c_rad21,898,0.296318,0.131343,0.0471568,0.0406837,1.15911,1.06704,0.30313,1.20223,1.28579,-0.0541783,0.132955,0.0613862,
Q3,"joint, summer 2024",y_s24,r_cand_per_seat_rel_2020,1,econ_2021;cult_2021;exp;c_logpop;c_loglit;c_rad21,898,0.296318,0.131343,0.0408886,0.0337896,1.2101,0.859533,0.424142,1.23397,1.16436,-0.0596417,0.153312,0.0613862,
Q3,"joint, summer 2024, reliable light",y_s24,r_transfer_dep_civ_2021,1,econ_2021;cult_2021;exp;c_logpop;c_loglit;c_rad21,586,0.42287,0.211597,0.150496,0.0623817,2.41251,2.77741,0.0159016,2.46641,2.59386,,,0.054278,
Q3,"joint, summer 2024, reliable light",y_s24,r_capex_share_2021,1,econ_2021;cult_2021;exp;c_logpop;c_loglit;c_rad21,586,0.42287,0.211597,0.0556894,0.0403522,1.38009,1.60902,0.0974097,1.33881,1.38344,,,0.054278,
Q3,"joint, summer 2024, reliable light",y_s24,r_social_pc_2021,1,econ_2021;cult_2021;exp;c_logpop;c_loglit;c_rad21,586,0.42287,0.211597,0.0417264,0.0517116,0.806907,0.758587,0.464446,0.861819,0.859478,,,0.054278,
Q3,"joint, summer 2024, reliable light",y_s24,r_cand_per_seat_rel_2020,1,econ_2021;cult_2021;exp;c_logpop;c_loglit;c_rad21,586,0.42287,0.211597,0.049012,0.0390119,1.25633,0.854793,0.465247,1.22675,1.1927,,,0.054278,
Q3,"joint, summer 2024, without zone",y_s24,r_transfer_dep_civ_2021,1,econ_2021;cult_2021;exp;c_logpop;c_loglit;c_rad21,823,0.24657,0.14694,0.294706,0.0613682,4.80226,8.47326,0,5.10396,5.3013,,,0.0391439,
Q3,"joint, summer 2024, without zone",y_s24,r_capex_share_2021,1,econ_2021;cult_2021;exp;c_logpop;c_loglit;c_rad21,823,0.24657,0.14694,0.0887369,0.0360244,2.46324,2.50625,0.0189019,2.36825,2.58358,,,0.0391439,
Q3,"joint, summer 2024, without zone",y_s24,r_social_pc_2021,1,econ_2021;cult_2021;exp;c_logpop;c_loglit;c_rad21,823,0.24657,0.14694,0.0498322,0.0445297,1.11908,1.16861,0.270527,1.13981,1.2567,,,0.0391439,
Q3,"joint, summer 2024, without zone",y_s24,r_cand_per_seat_rel_2020,1,econ_2021;cult_2021;exp;c_logpop;c_loglit;c_rad21,823,0.24657,0.14694,0.0342712,0.0376333,0.910661,0.640075,0.533653,0.927267,0.857633,,,0.0391439,
Q3,"alone, summer 2024: r_transfer_dep_civ_2021",y_s24,r_transfer_dep_civ_2021,1,econ_2021;cult_2021;exp;c_logpop;c_loglit;c_rad21,907,0.290724,0.125814,0.227729,0.053251,4.27653,5.19013,0.00030003,4.2587,4.18281,,,0.0562229,
Q3,"alone, summer 2024: r_capex_share_2021",y_s24,r_capex_share_2021,1,econ_2021;cult_2021;exp;c_logpop;c_loglit;c_rad21,907,0.279845,0.112405,0.0855428,0.0330849,2.58555,2.80297,0.00940094,2.49816,2.57425,,,0.0658301,
Q3,"alone, summer 2024: r_social_pc_2021",y_s24,r_social_pc_2021,1,econ_2021;cult_2021;exp;c_logpop;c_loglit;c_rad21,907,0.275614,0.107191,0.0482015,0.0409744,1.17638,1.02218,0.333633,1.19756,1.2558,,,0.0619157,
Q3,"alone, summer 2024: r_cand_per_seat_rel_2020",y_s24,r_cand_per_seat_rel_2020,1,econ_2021;cult_2021;exp;c_logpop;c_loglit;c_rad21,898,0.2753,0.105397,0.0451002,0.0344916,1.30757,0.931163,0.391539,1.33469,1.27572,,,0.0619867,
Q3,"joint, recent level",y_recent,r_transfer_dep_civ_2021,1,econ_2021;cult_2021;exp;c_logpop;c_loglit;c_rad21,1009,0.637237,0.0733445,0.0446815,0.036034,1.23998,1.80509,0.0857086,1.21551,1.20988,,,0.153575,
Q3,"joint, recent level",y_recent,r_capex_share_2021,1,econ_2021;cult_2021;exp;c_logpop;c_loglit;c_rad21,1009,0.637237,0.0733445,0.0451159,0.0234488,1.92402,1.69721,0.110611,1.87865,1.73277,,,0.153575,
Q3,"joint, recent level",y_recent,r_social_pc_2021,1,econ_2021;cult_2021;exp;c_logpop;c_loglit;c_rad21,1009,0.637237,0.0733445,0.0633371,0.0292044,2.16875,2.6405,0.0243024,2.39485,2.43255,,,0.153575,
Q3,"joint, recent level",y_recent,r_cand_per_seat_rel_2020,1,econ_2021;cult_2021;exp;c_logpop;c_loglit;c_rad21,1009,0.637237,0.0733445,0.00384988,0.0226791,0.169755,0.119546,0.920692,0.162608,0.145531,,,0.153575,
Q4,"joint cultural indicators, recent level",y_recent,r_culture_arts_pc_2021,1,econ_2021;rights_2021;exp;c_logpop;c_loglit;c_rad21,1020,0.631725,0.0682003,-0.0773642,0.0316883,-2.44141,-1.52206,0.152115,-2.21992,-2.07745,-0.191133,0.0225062,0.179004,
Q4,"joint cultural indicators, recent level",y_recent,r_education_pc_2021,1,econ_2021;rights_2021;exp;c_logpop;c_loglit;c_rad21,1020,0.631725,0.0682003,0.0105017,0.0321724,0.326418,0.290822,0.778678,0.314721,0.312881,-0.0593209,0.0862485,0.179004,
Q4,"joint cultural indicators, recent level",y_recent,r_extracurricular_pc_2021,1,econ_2021;rights_2021;exp;c_logpop;c_loglit;c_rad21,1020,0.631725,0.0682003,-0.0486531,0.0240395,-2.02388,-2.13798,0.0421042,-2.00702,-1.92694,-0.0957661,-0.00189555,0.179004,
Q4,"joint cultural indicators, reliable light",y_recent,r_culture_arts_pc_2021,1,econ_2021;rights_2021;exp;c_logpop;c_loglit;c_rad21,622,0.696006,0.0705105,-0.116437,0.0409096,-2.84621,-1.72365,0.108311,-2.66928,-2.42376,,,0.24375,
Q4,"joint cultural indicators, reliable light",y_recent,r_education_pc_2021,1,econ_2021;rights_2021;exp;c_logpop;c_loglit;c_rad21,622,0.696006,0.0705105,-0.00803818,0.03996,-0.201156,-0.241195,0.814981,-0.218878,-0.237221,,,0.24375,
Q4,"joint cultural indicators, reliable light",y_recent,r_extracurricular_pc_2021,1,econ_2021;rights_2021;exp;c_logpop;c_loglit;c_rad21,622,0.696006,0.0705105,-0.00353202,0.0305042,-0.115788,-0.113161,0.927393,-0.110708,-0.104669,,,0.24375,
Q4,"joint cultural indicators, summer 2024",y_s24,r_culture_arts_pc_2021,1,econ_2021;rights_2021;exp;c_logpop;c_loglit;c_rad21,907,0.290818,0.12593,-0.0862328,0.0454804,-1.89604,-1.18835,0.290229,-1.79755,-1.6341,,,0.0649294,
Q4,"joint cultural indicators, summer 2024",y_s24,r_education_pc_2021,1,econ_2021;rights_2021;exp;c_logpop;c_loglit;c_rad21,907,0.290818,0.12593,-0.0659589,0.0486641,-1.35539,-0.99201,0.337434,-1.30945,-1.24242,,,0.0649294,
Q4,"joint cultural indicators, summer 2024",y_s24,r_extracurricular_pc_2021,1,econ_2021;rights_2021;exp;c_logpop;c_loglit;c_rad21,907,0.290818,0.12593,-0.0215973,0.036889,-0.585467,-0.629876,0.536854,-0.60212,-0.577665,,,0.0649294,
Q4,"cultural 2021, same sample as school network",y_recent,cult_2021,1,econ_2021;rights_2021;exp;c_logpop;c_loglit;c_rad21,1007,0.637817,0.0714986,-0.0841933,0.0239132,-3.52079,-4.17195,0.00060006,-3.56529,-3.5139,,,0.174451,
Q4,cultural 2021 + school network,y_recent,cult_2021,1,econ_2021;rights_2021;exp;c_logpop;c_loglit;c_rad21,1007,0.637894,0.0716952,-0.083843,0.0240716,-3.48306,-3.83389,0.00090009,-3.48354,-3.42029,,,0.175227,
Q4,cultural 2021 + school network,y_recent,log_class_size,1,econ_2021;rights_2021;exp;c_logpop;c_loglit;c_rad21,1007,0.637894,0.0716952,0.00868681,0.0296209,0.293266,0.343211,0.736074,0.290929,0.306085,,,0.175227,
Q4,cultural 2021 + school network,y_recent,rural_school_share,1,econ_2021;rights_2021;exp;c_logpop;c_loglit;c_rad21,1007,0.637894,0.0716952,0.0111836,0.0296163,0.377617,0.325444,0.752075,0.360383,0.364107,,,0.175227,
Q4,"cultural 2021, same sample as pupils per 1,000",y_recent,cult_2021,1,econ_2021;rights_2021;exp;c_logpop;c_loglit;c_rad21,521,0.667866,0.0567286,-0.0794368,0.0330158,-2.40603,-3.31961,0.00330033,-2.45742,-2.49778,,,0.0651038,
Q4,"cultural 2021 + school network + pupils per 1,000",y_recent,cult_2021,1,econ_2021;rights_2021;exp;c_logpop;c_loglit;c_rad21,521,0.668579,0.0587536,-0.0852991,0.0371452,-2.29637,-2.69202,0.00740074,-2.30941,-2.2253,,,0.0636395,
Q4,"cultural 2021 + school network + pupils per 1,000",y_recent,log_class_size,1,econ_2021;rights_2021;exp;c_logpop;c_loglit;c_rad21,521,0.668579,0.0587536,-0.0454112,0.0518373,-0.876035,-0.977944,0.320432,-0.965317,-1.00406,,,0.0636395,
Q4,"cultural 2021 + school network + pupils per 1,000",y_recent,rural_school_share,1,econ_2021;rights_2021;exp;c_logpop;c_loglit;c_rad21,521,0.668579,0.0587536,-0.0212363,0.0457652,-0.464027,-0.373985,0.714071,-0.453515,-0.440968,,,0.0636395,
Q4,"cultural 2021 + school network + pupils per 1,000",y_recent,log_pupils_pc,1,econ_2021;rights_2021;exp;c_logpop;c_loglit;c_rad21,521,0.668579,0.0587536,0.0167475,0.0532947,0.314243,0.324213,0.743374,0.330955,0.345311,,,0.0636395,
Q4,"cultural 2021, same sample as population change",y_recent,cult_2021,1,econ_2021;rights_2021;exp;c_logpop;c_loglit;c_rad21,1020,0.630692,0.0655865,-0.0818847,0.0238185,-3.43787,-4.56239,0.00020002,-3.50463,-3.42439,,,0.178606,
Q4,"cultural 2021 + population change (GHS, modelled)",y_recent,cult_2021,1,econ_2021;rights_2021;exp;c_logpop;c_loglit;c_rad21,1020,0.630944,0.0662219,-0.0788133,0.0240826,-3.27263,-4.05587,0.00070007,-3.3728,-3.29562,,,0.179311,
Q4,"cultural 2021 + population change (GHS, modelled)",y_recent,pop_change,1,econ_2021;rights_2021;exp;c_logpop;c_loglit;c_rad21,1020,0.630944,0.0662219,0.0222699,0.0264759,0.84114,0.73066,0.50095,0.801893,0.780474,,,0.179311,
Q4,"cultural 2021, city hromadas",y_recent,cult_2021,1,econ_2021;rights_2021;exp;c_logpop;c_loglit;c_rad21,319,0.735912,0.0523358,0.0108582,0.0599928,0.180992,0.153612,0.891089,0.189634,0.182169,,,0.00878616,
Q4,"cultural 2021, settlement hromadas",y_recent,cult_2021,1,econ_2021;rights_2021;exp;c_logpop;c_loglit;c_rad21,295,0.685606,0.171402,-0.079334,0.0502229,-1.57964,-1.86691,0.0817082,-1.6276,-1.54505,,,0.0472384,
Q4,"cultural 2021, village hromadas",y_recent,cult_2021,1,econ_2021;rights_2021;exp;c_logpop;c_loglit;c_rad21,384,0.61085,0.0763444,-0.0692418,0.0383643,-1.80485,-1.57159,0.137114,-1.76012,-1.73133,,,0.0973179,
Q5,"Carpathian gap, like-for-like economic change",d_ll_econ,carp,0,c_logpop,1288,0.0525576,,0.580076,0.0566761,10.2349,3.59299,0.0229023,6.46315,4.71234,0.198059,0.997409,0.434869,
Q5,"Carpathian gap, economic index change",d_econ,carp,0,c_logpop,1288,0.154803,,0.974313,0.0554827,17.5607,8.62416,0.00360036,14.392,10.95,,,0.351505,
Q5,"Carpathian gap + population change (GHS, modelled)",d_ll_econ,carp,0,c_logpop,1288,0.0721068,,0.449082,0.0612328,7.33401,2.49004,0.0322032,4.67896,3.4341,,,0.420141,
Q5,"Carpathian gap + population change (GHS, modelled)",d_ll_econ,pop_change,0,c_logpop,1288,0.0721068,,0.150096,0.0299078,5.01862,2.29988,0.0294029,3.7938,3.13201,,,0.420141,
Q5,Carpathian gap without zone,d_ll_econ,carp,0,c_logpop,1093,0.0512344,,0.531235,0.077976,6.8128,2.8127,0.0166017,4.59583,3.52305,,,0.16144,
Q5,"Carpathian gap given 2021 level, like-for-like",ll_econ_2025,carp,0,ll_econ_2021;c_logpop,1288,0.812346,,0.179449,0.0287705,6.23724,2.00431,0.0786079,3.57421,2.66956,-0.0256695,0.39366,0.449002,
Q5,"Carpathian gap given 2021 level, economic index",econ_2025,carp,0,econ_2021;c_logpop,1288,0.596506,,0.363301,0.0452198,8.03411,2.93048,0.0182018,4.88059,3.72127,,,0.385463,
Q5,"Carpathian gap given 2021 level, like-for-like, without Lviv",ll_econ_2025,carp,0,ll_econ_2021;c_logpop,1215,0.813107,,0.0762119,0.0321165,2.37298,1.55869,0.213721,1.66668,1.46502,,,0.451271,
Q5,"Carpathian gap given 2021 level, like-for-like, without zone",ll_econ_2025,carp,0,ll_econ_2021;c_logpop,1093,0.913892,,0.097323,0.0278868,3.48993,1.22406,0.523552,2.08218,1.61429,,,0.184509,
Q5,Carpathian gap: pdfo_civ_pc,dr_pdfo_civ_pc,carp,0,c_logpop,1288,0.0457354,,0.536281,0.0662284,8.09745,4.25942,0.0144014,5.67009,4.68225,,,0.312124,
Q5,Carpathian gap: single_tax_pc,dr_single_tax_pc,carp,0,c_logpop,1288,0.0134421,,0.274852,0.0569045,4.83005,2.05557,0.0973097,3.63948,2.86744,,,0.327601,
Q5,Carpathian gap: property_tax_pc,dr_property_tax_pc,carp,0,c_logpop,1285,0.0424796,,0.515199,0.0683492,7.53776,2.9641,0.0246025,5.31722,4.19328,,,0.326304,
Q5,Carpathian gap: PIT growth rank 2025,r_pdfo_civ_growth_rel_2125,carp,0,c_logpop,1288,0.0654727,,0.638997,0.0650944,9.81647,5.61149,0.0147015,7.32847,5.97041,,,0.213587,
Q5,registrations within oblasts (oblasts with data),d_ll_econ,fop_growth,1,c_logpop,238,0.448704,0.234272,0.7905,0.147934,5.34359,2.04998,0.231123,4.71303,4.31287,,,0.199802,"oblasts 05,18,56,63,68"
Q5,registrations within oblasts (oblasts with data),d_ll_econ,le_growth,1,c_logpop,238,0.448704,0.234272,0.105504,0.0652446,1.61706,1.75669,0.0755076,1.36088,1.46435,,,0.199802,"oblasts 05,18,56,63,68"
Q5,registrations vs single-tax rank change (oblasts with data),dr_single_tax_pc,fop_growth,1,c_logpop,301,0.207344,0.0896699,0.526145,0.136071,3.86669,2.3669,0.206221,3.57673,3.72481,,,0.23844,"oblasts 05,18,56,63,68"
