panel,exposure_class,capacity_class,hromadas
alerts_national,3,1,104
alerts_national,3,2,157
alerts_national,3,3,169
alerts_national,2,1,114
alerts_national,2,2,157
alerts_national,2,3,158
alerts_national,1,1,212
alerts_national,1,2,115
alerts_national,1,3,102
strikes_national,3,1,55
strikes_national,3,2,25
strikes_national,3,3,59
strikes_national,2,1,30
strikes_national,2,2,62
strikes_national,2,3,60
strikes_national,1,1,345
strikes_national,1,2,342
strikes_national,1,3,310
alerts_carp,3,1,0
alerts_carp,3,2,0
alerts_carp,3,3,0
alerts_carp,2,1,0
alerts_carp,2,2,0
alerts_carp,2,3,0
alerts_carp,1,1,126
alerts_carp,1,2,58
alerts_carp,1,3,67
strikes_carp,3,1,0
strikes_carp,3,2,1
strikes_carp,3,3,6
strikes_carp,2,1,2
strikes_carp,2,2,5
strikes_carp,2,3,8
strikes_carp,1,1,124
strikes_carp,1,2,52
strikes_carp,1,3,53
alerts_carp_regional,3,1,36
alerts_carp_regional,3,2,30
alerts_carp_regional,3,3,18
alerts_carp_regional,2,1,23
alerts_carp_regional,2,2,27
alerts_carp_regional,2,3,33
alerts_carp_regional,1,1,25
alerts_carp_regional,1,2,26
alerts_carp_regional,1,3,33
