exposure,oblast,hromadas_hilo,classified,share
alerts,Sumy,20,51,0.392
alerts,Kharkiv,18,51,0.353
alerts,Kherson,15,16,0.938
alerts,Dnipropetrovsk,11,82,0.134
alerts,Chernihiv,9,57,0.158
alerts,Donetsk,9,11,0.818
alerts,Zaporizhzhia,9,19,0.474
alerts,Mykolaiv,6,52,0.115
alerts,Poltava,4,60,0.067
alerts,Kirovohrad,2,49,0.041
alerts,Odesa,1,91,0.011
strikes,Kharkiv,12,51,0.235
strikes,Sumy,11,51,0.216
strikes,Kherson,9,16,0.562
strikes,Donetsk,6,11,0.545
strikes,Zaporizhzhia,6,19,0.316
strikes,Odesa,4,91,0.044
strikes,Mykolaiv,3,52,0.058
strikes,Chernihiv,1,57,0.018
strikes,Dnipropetrovsk,1,82,0.012
strikes,Khmelnytskyi,1,60,0.017
strikes,Rivne,1,64,0.016
