oblast,hromadas,struck_share,strikes_median,strikes_q1,strikes_q3,strikes_max,alert_h_median,alert_h_q1,alert_h_q3,alert_h_max
Cherkasy,66.0,10.6,0.0,0.0,0.0,105.0,985.4,720.6,985.4,993.7
Chernihiv,57.0,26.3,0.0,0.0,1.0,582.0,3386.6,2811.8,3386.6,4784.6
Chernivtsi,52.0,5.8,0.0,0.0,0.0,22.0,132.5,132.5,132.5,155.6
Dnipropetrovsk,82.0,32.9,0.0,0.0,1.0,2546.0,2099.5,1933.6,3002.0,7314.6
Donetsk,11.0,72.7,11.0,0.5,87.5,403.0,7717.7,7717.7,7717.7,7721.4
Ivano-Frankivsk,62.0,4.8,0.0,0.0,0.0,50.0,113.3,112.9,115.3,115.3
Kharkiv,51.0,72.5,4.0,0.0,28.0,2867.0,4629.0,4290.8,4856.3,6806.2
Kherson,16.0,81.2,14.0,1.8,34.8,2431.0,1800.5,1605.6,1800.5,1800.5
Khmelnytskyi,60.0,13.3,0.0,0.0,0.0,71.0,204.6,198.1,213.5,213.5
Kirovohrad,49.0,16.3,0.0,0.0,0.0,261.0,1128.6,821.6,1128.6,1182.8
Kyiv,70.0,42.9,0.0,0.0,4.8,71.0,746.6,649.0,949.3,1218.2
Kyiv City,1.0,100.0,3681.0,3681.0,3681.0,3681.0,578.4,578.4,578.4,578.4
Lviv,73.0,15.1,0.0,0.0,0.0,453.0,113.4,109.4,116.9,119.0
Mykolaiv,52.0,30.8,0.0,0.0,1.0,1154.0,1283.3,835.3,1535.7,1535.7
Odesa,91.0,27.5,0.0,0.0,1.0,1404.0,1125.1,732.9,1126.6,1213.6
Poltava,60.0,16.7,0.0,0.0,0.0,278.0,1807.1,1327.6,2461.8,2461.8
Rivne,64.0,7.8,0.0,0.0,0.0,26.0,225.6,156.3,225.6,302.8
Sumy,51.0,60.8,2.0,0.0,10.5,327.0,4623.7,3507.2,5900.0,5900.0
Ternopil,55.0,7.3,0.0,0.0,0.0,106.0,146.9,145.7,147.3,147.3
Vinnytsia,63.0,6.3,0.0,0.0,0.0,219.0,327.1,314.5,360.6,365.5
Volyn,54.0,7.4,0.0,0.0,0.0,85.0,144.0,144.0,146.2,163.2
Zakarpattia,64.0,7.8,0.0,0.0,0.0,30.0,92.3,91.2,212.8,212.8
Zaporizhzhia,19.0,52.6,1.0,0.0,51.5,2722.0,5897.8,5897.8,5897.8,5904.9
Zhytomyr,66.0,9.1,0.0,0.0,0.0,177.0,543.1,418.1,543.1,725.0
Ukraine (non-occupied),1289.0,22.6,0.0,0.0,0.0,3681.0,674.0,147.3,1535.7,7721.4
